workbook,requested_view,twb_file,datasource,datasource_internal,field_name,caption,datatype,role,type,aggregation,semantic_role,hidden,param_domain_type,calculation_class,formula
1_1Aspectosdemogrficos_Informacincensal,DHBEvolucinTemporal,1.1 Aspectos demogr├íficos_Informaci├│n censal.twb,Parameters,Parameters,[Gráfico seleccionado (copia)_541839333440561152],p_grafico_cruces_relevantes,string,measure,nominal,,,,list,tableau,"""Barras y tabla"""
1_1Aspectosdemogrficos_Informacincensal,DHBEvolucinTemporal,1.1 Aspectos demogr├íficos_Informaci├│n censal.twb,Parameters,Parameters,[Parametro gráfico (copia)_541839334149496838],p_seccion,string,measure,nominal,,,,list,tableau,"""Situación General"""
1_1Aspectosdemogrficos_Informacincensal,DHBEvolucinTemporal,1.1 Aspectos demogr├íficos_Informaci├│n censal.twb,Parameters,Parameters,[Parámetro 1],p_grafico,string,measure,nominal,,,,list,tableau,"""Evolución temporal"""
1_1Aspectosdemogrficos_Informacincensal,DHBEvolucinTemporal,1.1 Aspectos demogr├íficos_Informaci├│n censal.twb,Parameters,Parameters,[Parámetro 2],p_tablero,string,measure,nominal,,,,list,tableau,"""1.1. Aspectos demográficos. Información censal"""
1_1Aspectosdemogrficos_Informacincensal,DHBEvolucinTemporal,1.1 Aspectos demogr├íficos_Informaci├│n censal.twb,Parameters,Parameters,[Parámetro 3],p_codigo_indicador,string,measure,nominal,,,,any,tableau,""""""
1_1Aspectosdemogrficos_Informacincensal,DHBEvolucinTemporal,1.1 Aspectos demogr├íficos_Informaci├│n censal.twb,Parameters,Parameters,[p_grafico (copia)],p_mostrar_indicadores,boolean,measure,nominal,,,,list,tableau,false
1_1Aspectosdemogrficos_Informacincensal,DHBEvolucinTemporal,1.1 Aspectos demogr├íficos_Informaci├│n censal.twb,Parameters,Parameters,[p_grafico_apertura_grupo (copia)_1886797147614048275],p_grafico_caracteristicas,string,measure,nominal,,,,list,tableau,"""Todos"""
1_1Aspectosdemogrficos_Informacincensal,DHBEvolucinTemporal,1.1 Aspectos demogr├íficos_Informaci├│n censal.twb,Parameters,Parameters,[p_mostrar_indicadores (copy)_4723009404655562774],p_ver_graficos_caracteristicas,boolean,measure,nominal,,,,list,tableau,false
1_1Aspectosdemogrficos_Informacincensal,DHBEvolucinTemporal,1.1 Aspectos demogr├íficos_Informaci├│n censal.twb,Parameters,Parameters,[p_ver_graficos_caracteristicas (copy)_54254335857623040],p_ver_graficos_cruces_relevantes,boolean,measure,nominal,,,,list,tableau,false
1_1Aspectosdemogrficos_Informacincensal,DHBEvolucinTemporal,1.1 Aspectos demogr├íficos_Informaci├│n censal.twb,Parameters,Parameters,[p_ver_graficos_cruces_relevantes (copy)_54254335887020034],p_ver_graficos_dist_territorial,boolean,measure,nominal,,,,list,tableau,false
1_1Aspectosdemogrficos_Informacincensal,DHBEvolucinTemporal,1.1 Aspectos demogr├íficos_Informaci├│n censal.twb,Parameters,Parameters,[p_ver_graficos_dist_territorial (copy)_54254335887122435],p_ver_graficos_evol_temporal,boolean,measure,nominal,,,,list,tableau,false
1_1Aspectosdemogrficos_Informacincensal,DHBEvolucinTemporal,1.1 Aspectos demogr├íficos_Informaci├│n censal.twb,DATOS_ADMIN_SM,federated.0qiz8oi1sb3cd813zi06q01yhyh5,TEMA_ID,,string,,,,,,,,
1_1Aspectosdemogrficos_Informacincensal,DHBEvolucinTemporal,1.1 Aspectos demogr├íficos_Informaci├│n censal.twb,DATOS_ADMIN_SM,federated.0qiz8oi1sb3cd813zi06q01yhyh5,TEMA_NOMBRE,,string,,,,,,,,
1_1Aspectosdemogrficos_Informacincensal,DHBEvolucinTemporal,1.1 Aspectos demogr├íficos_Informaci├│n censal.twb,DATOS_ADMIN_SM,federated.0qiz8oi1sb3cd813zi06q01yhyh5,TABLERO_ID,,string,,,,,,,,
1_1Aspectosdemogrficos_Informacincensal,DHBEvolucinTemporal,1.1 Aspectos demogr├íficos_Informaci├│n censal.twb,DATOS_ADMIN_SM,federated.0qiz8oi1sb3cd813zi06q01yhyh5,TABLERO_NOMBRE,,string,,,,,,,,
1_1Aspectosdemogrficos_Informacincensal,DHBEvolucinTemporal,1.1 Aspectos demogr├íficos_Informaci├│n censal.twb,DATOS_ADMIN_SM,federated.0qiz8oi1sb3cd813zi06q01yhyh5,SECCION_ID,,string,,,,,,,,
1_1Aspectosdemogrficos_Informacincensal,DHBEvolucinTemporal,1.1 Aspectos demogr├íficos_Informaci├│n censal.twb,DATOS_ADMIN_SM,federated.0qiz8oi1sb3cd813zi06q01yhyh5,SECCION_NOMBRE,,string,,,,,,,,
1_1Aspectosdemogrficos_Informacincensal,DHBEvolucinTemporal,1.1 Aspectos demogr├íficos_Informaci├│n censal.twb,DATOS_ADMIN_SM,federated.0qiz8oi1sb3cd813zi06q01yhyh5,GRUPO_INDICADOR_ID,,string,,,,,,,,
1_1Aspectosdemogrficos_Informacincensal,DHBEvolucinTemporal,1.1 Aspectos demogr├íficos_Informaci├│n censal.twb,DATOS_ADMIN_SM,federated.0qiz8oi1sb3cd813zi06q01yhyh5,GRUPO_INDICADOR_NOMBRE,,string,,,,,,,,
1_1Aspectosdemogrficos_Informacincensal,DHBEvolucinTemporal,1.1 Aspectos demogr├íficos_Informaci├│n censal.twb,DATOS_ADMIN_SM,federated.0qiz8oi1sb3cd813zi06q01yhyh5,INDICADOR_ID,,string,,,,,,,,
1_1Aspectosdemogrficos_Informacincensal,DHBEvolucinTemporal,1.1 Aspectos demogr├íficos_Informaci├│n censal.twb,DATOS_ADMIN_SM,federated.0qiz8oi1sb3cd813zi06q01yhyh5,INDICADOR_NOMBRE,,string,,,,,,,,
1_1Aspectosdemogrficos_Informacincensal,DHBEvolucinTemporal,1.1 Aspectos demogr├íficos_Informaci├│n censal.twb,DATOS_ADMIN_SM,federated.0qiz8oi1sb3cd813zi06q01yhyh5,TIPO_DE_DATO,,string,,,,,,,,
1_1Aspectosdemogrficos_Informacincensal,DHBEvolucinTemporal,1.1 Aspectos demogr├íficos_Informaci├│n censal.twb,DATOS_ADMIN_SM,federated.0qiz8oi1sb3cd813zi06q01yhyh5,ID_DATO_SM,,string,,,,,,,,
1_1Aspectosdemogrficos_Informacincensal,DHBEvolucinTemporal,1.1 Aspectos demogr├íficos_Informaci├│n censal.twb,DATOS_ADMIN_SM,federated.0qiz8oi1sb3cd813zi06q01yhyh5,DATO_DE_SISTEMA,,string,,,,,,,,
1_1Aspectosdemogrficos_Informacincensal,DHBEvolucinTemporal,1.1 Aspectos demogr├íficos_Informaci├│n censal.twb,DATOS_ADMIN_SM,federated.0qiz8oi1sb3cd813zi06q01yhyh5,ANIO,,string,,,,,,,,
1_1Aspectosdemogrficos_Informacincensal,DHBEvolucinTemporal,1.1 Aspectos demogr├íficos_Informaci├│n censal.twb,DATOS_ADMIN_SM,federated.0qiz8oi1sb3cd813zi06q01yhyh5,MES,,string,,,,,,,,
1_1Aspectosdemogrficos_Informacincensal,DHBEvolucinTemporal,1.1 Aspectos demogr├íficos_Informaci├│n censal.twb,DATOS_ADMIN_SM,federated.0qiz8oi1sb3cd813zi06q01yhyh5,UNIDAD_GEOGRAFICA_CODIGO,,string,,,,,,,,
1_1Aspectosdemogrficos_Informacincensal,DHBEvolucinTemporal,1.1 Aspectos demogr├íficos_Informaci├│n censal.twb,DATOS_ADMIN_SM,federated.0qiz8oi1sb3cd813zi06q01yhyh5,UNIDAD_GEOGRAFICA_NOMBRE,,string,,,,,,,,
1_1Aspectosdemogrficos_Informacincensal,DHBEvolucinTemporal,1.1 Aspectos demogr├íficos_Informaci├│n censal.twb,DATOS_ADMIN_SM,federated.0qiz8oi1sb3cd813zi06q01yhyh5,SUB_UNIDAD_GEOGRAFICA,,string,,,,,,,,
1_1Aspectosdemogrficos_Informacincensal,DHBEvolucinTemporal,1.1 Aspectos demogr├íficos_Informaci├│n censal.twb,DATOS_ADMIN_SM,federated.0qiz8oi1sb3cd813zi06q01yhyh5,APERTURA_DESCRIPCION,,string,,,,,,,,
1_1Aspectosdemogrficos_Informacincensal,DHBEvolucinTemporal,1.1 Aspectos demogr├íficos_Informaci├│n censal.twb,DATOS_ADMIN_SM,federated.0qiz8oi1sb3cd813zi06q01yhyh5,APERTURA_NIVEL_1,,string,,,,,,,,
1_1Aspectosdemogrficos_Informacincensal,DHBEvolucinTemporal,1.1 Aspectos demogr├íficos_Informaci├│n censal.twb,DATOS_ADMIN_SM,federated.0qiz8oi1sb3cd813zi06q01yhyh5,MODALIDAD_APERTURA_NIVEL_1,,string,,,,,,,,
1_1Aspectosdemogrficos_Informacincensal,DHBEvolucinTemporal,1.1 Aspectos demogr├íficos_Informaci├│n censal.twb,DATOS_ADMIN_SM,federated.0qiz8oi1sb3cd813zi06q01yhyh5,APERTURA_NIVEL_2,,string,,,,,,,,
1_1Aspectosdemogrficos_Informacincensal,DHBEvolucinTemporal,1.1 Aspectos demogr├íficos_Informaci├│n censal.twb,DATOS_ADMIN_SM,federated.0qiz8oi1sb3cd813zi06q01yhyh5,MODALIDAD_APERTURA_NIVEL_2,,string,,,,,,,,
1_1Aspectosdemogrficos_Informacincensal,DHBEvolucinTemporal,1.1 Aspectos demogr├íficos_Informaci├│n censal.twb,DATOS_ADMIN_SM,federated.0qiz8oi1sb3cd813zi06q01yhyh5,VALOR,,string,,,,,,,,
1_1Aspectosdemogrficos_Informacincensal,DHBEvolucinTemporal,1.1 Aspectos demogr├íficos_Informaci├│n censal.twb,DATOS_ADMIN_SM,federated.0qiz8oi1sb3cd813zi06q01yhyh5,VALOR_AUXILIAR,,string,,,,,,,,
1_1Aspectosdemogrficos_Informacincensal,DHBEvolucinTemporal,1.1 Aspectos demogr├íficos_Informaci├│n censal.twb,DATOS_ADMIN_SM,federated.0qiz8oi1sb3cd813zi06q01yhyh5,GRUPO_INDICADOR_ID,,string,,,,,,,,
1_1Aspectosdemogrficos_Informacincensal,DHBEvolucinTemporal,1.1 Aspectos demogr├íficos_Informaci├│n censal.twb,DATOS_ADMIN_SM,federated.0qiz8oi1sb3cd813zi06q01yhyh5,GRUPO_INDICADOR_CODIGO,,string,,,,,,,,
1_1Aspectosdemogrficos_Informacincensal,DHBEvolucinTemporal,1.1 Aspectos demogr├íficos_Informaci├│n censal.twb,DATOS_ADMIN_SM,federated.0qiz8oi1sb3cd813zi06q01yhyh5,GRUPO_INDICADOR_NOMBRE,,string,,,,,,,,
1_1Aspectosdemogrficos_Informacincensal,DHBEvolucinTemporal,1.1 Aspectos demogr├íficos_Informaci├│n censal.twb,DATOS_ADMIN_SM,federated.0qiz8oi1sb3cd813zi06q01yhyh5,GRUPO_INDICADOR_ORDEN,,string,,,,,,,,
1_1Aspectosdemogrficos_Informacincensal,DHBEvolucinTemporal,1.1 Aspectos demogr├íficos_Informaci├│n censal.twb,DATOS_ADMIN_SM,federated.0qiz8oi1sb3cd813zi06q01yhyh5,GRUPO_INDICADOR_FUENTES,,string,,,,,,,,
1_1Aspectosdemogrficos_Informacincensal,DHBEvolucinTemporal,1.1 Aspectos demogr├íficos_Informaci├│n censal.twb,DATOS_ADMIN_SM,federated.0qiz8oi1sb3cd813zi06q01yhyh5,GRUPO_INDICADOR_DEFINICION,,string,,,,,,,,
1_1Aspectosdemogrficos_Informacincensal,DHBEvolucinTemporal,1.1 Aspectos demogr├íficos_Informaci├│n censal.twb,DATOS_ADMIN_SM,federated.0qiz8oi1sb3cd813zi06q01yhyh5,GRUPO_INDICADOR_DESC_METODOLOGICA,,string,,,,,,,,
1_1Aspectosdemogrficos_Informacincensal,DHBEvolucinTemporal,1.1 Aspectos demogr├íficos_Informaci├│n censal.twb,DATOS_ADMIN_SM,federated.0qiz8oi1sb3cd813zi06q01yhyh5,INDICADOR_ID,,string,,,,,,,,
1_1Aspectosdemogrficos_Informacincensal,DHBEvolucinTemporal,1.1 Aspectos demogr├íficos_Informaci├│n censal.twb,DATOS_ADMIN_SM,federated.0qiz8oi1sb3cd813zi06q01yhyh5,INDICADOR_CODIGO,,string,,,,,,,,
1_1Aspectosdemogrficos_Informacincensal,DHBEvolucinTemporal,1.1 Aspectos demogr├íficos_Informaci├│n censal.twb,DATOS_ADMIN_SM,federated.0qiz8oi1sb3cd813zi06q01yhyh5,INDICADOR_NOMBRE,,string,,,,,,,,
1_1Aspectosdemogrficos_Informacincensal,DHBEvolucinTemporal,1.1 Aspectos demogr├íficos_Informaci├│n censal.twb,DATOS_ADMIN_SM,federated.0qiz8oi1sb3cd813zi06q01yhyh5,INDICADOR_ORDEN,,string,,,,,,,,
1_1Aspectosdemogrficos_Informacincensal,DHBEvolucinTemporal,1.1 Aspectos demogr├íficos_Informaci├│n censal.twb,DATOS_ADMIN_SM,federated.0qiz8oi1sb3cd813zi06q01yhyh5,INDICADOR_UNIDAD_MEDIDA_NOMBRE,,string,,,,,,,,
1_1Aspectosdemogrficos_Informacincensal,DHBEvolucinTemporal,1.1 Aspectos demogr├íficos_Informaci├│n censal.twb,DATOS_ADMIN_SM,federated.0qiz8oi1sb3cd813zi06q01yhyh5,INDICADOR_UNIDAD_MEDIDA_CODIGO,,string,,,,,,,,
1_1Aspectosdemogrficos_Informacincensal,DHBEvolucinTemporal,1.1 Aspectos demogr├íficos_Informaci├│n censal.twb,DATOS_ADMIN_SM,federated.0qiz8oi1sb3cd813zi06q01yhyh5,INDICADOR_UNIDAD_MEDIDA_DESCRIPCION,,string,,,,,,,,
1_1Aspectosdemogrficos_Informacincensal,DHBEvolucinTemporal,1.1 Aspectos demogr├íficos_Informaci├│n censal.twb,DATOS_ADMIN_SM,federated.0qiz8oi1sb3cd813zi06q01yhyh5,INDICADOR_FORMULA,,string,,,,,,,,
1_1Aspectosdemogrficos_Informacincensal,DHBEvolucinTemporal,1.1 Aspectos demogr├íficos_Informaci├│n censal.twb,DATOS_ADMIN_SM,federated.0qiz8oi1sb3cd813zi06q01yhyh5,INDICADOR_DEFINICION,,string,,,,,,,,
1_1Aspectosdemogrficos_Informacincensal,DHBEvolucinTemporal,1.1 Aspectos demogr├íficos_Informaci├│n censal.twb,DATOS_ADMIN_SM,federated.0qiz8oi1sb3cd813zi06q01yhyh5,INDICADOR_DESC_METODOLOGICA,,string,,,,,,,,
1_1Aspectosdemogrficos_Informacincensal,DHBEvolucinTemporal,1.1 Aspectos demogr├íficos_Informaci├│n censal.twb,DATOS_ADMIN_SM,federated.0qiz8oi1sb3cd813zi06q01yhyh5,INDICADOR_DE_SISTEMA,,string,,,,,,,,
1_1Aspectosdemogrficos_Informacincensal,DHBEvolucinTemporal,1.1 Aspectos demogr├íficos_Informaci├│n censal.twb,DATOS_ADMIN_SM,federated.0qiz8oi1sb3cd813zi06q01yhyh5,TABLERO_ID,,string,,,,,,,,
1_1Aspectosdemogrficos_Informacincensal,DHBEvolucinTemporal,1.1 Aspectos demogr├íficos_Informaci├│n censal.twb,DATOS_ADMIN_SM,federated.0qiz8oi1sb3cd813zi06q01yhyh5,TABLERO_NOMBRE,,string,,,,,,,,
1_1Aspectosdemogrficos_Informacincensal,DHBEvolucinTemporal,1.1 Aspectos demogr├íficos_Informaci├│n censal.twb,DATOS_ADMIN_SM,federated.0qiz8oi1sb3cd813zi06q01yhyh5,TABLERO_DESCRIPCION,,string,,,,,,,,
1_1Aspectosdemogrficos_Informacincensal,DHBEvolucinTemporal,1.1 Aspectos demogr├íficos_Informaci├│n censal.twb,DATOS_ADMIN_SM,federated.0qiz8oi1sb3cd813zi06q01yhyh5,TABLERO_DERECHOS_ASOCIADOS,,string,,,,,,,,
1_1Aspectosdemogrficos_Informacincensal,DHBEvolucinTemporal,1.1 Aspectos demogr├íficos_Informaci├│n censal.twb,DATOS_ADMIN_SM,federated.0qiz8oi1sb3cd813zi06q01yhyh5,TABLERO_FECHA_ULT_CARGA_DATOS,,datetime,,,,,,,,
1_1Aspectosdemogrficos_Informacincensal,DHBEvolucinTemporal,1.1 Aspectos demogr├íficos_Informaci├│n censal.twb,DATOS_ADMIN_SM,federated.0qiz8oi1sb3cd813zi06q01yhyh5,TABLERO_CONFIGURACION_ID,,string,,,,,,,,
1_1Aspectosdemogrficos_Informacincensal,DHBEvolucinTemporal,1.1 Aspectos demogr├íficos_Informaci├│n censal.twb,DATOS_ADMIN_SM,federated.0qiz8oi1sb3cd813zi06q01yhyh5,TABLERO_DE_SISTEMA,,string,,,,,,,,
1_1Aspectosdemogrficos_Informacincensal,DHBEvolucinTemporal,1.1 Aspectos demogr├íficos_Informaci├│n censal.twb,DATOS_ADMIN_SM,federated.0qiz8oi1sb3cd813zi06q01yhyh5,CONFIGURACION_ID,,integer,,,,,,,,
1_1Aspectosdemogrficos_Informacincensal,DHBEvolucinTemporal,1.1 Aspectos demogr├íficos_Informaci├│n censal.twb,DATOS_ADMIN_SM,federated.0qiz8oi1sb3cd813zi06q01yhyh5,CONFIGURACION_URL_SM,,string,,,,,,,,
1_1Aspectosdemogrficos_Informacincensal,DHBEvolucinTemporal,1.1 Aspectos demogr├íficos_Informaci├│n censal.twb,DATOS_ADMIN_SM,federated.0qiz8oi1sb3cd813zi06q01yhyh5,CONFIG_URL_ADMIN_SM,,string,,,,,,,,
1_1Aspectosdemogrficos_Informacincensal,DHBEvolucinTemporal,1.1 Aspectos demogr├íficos_Informaci├│n censal.twb,DATOS_ADMIN_SM,federated.0qiz8oi1sb3cd813zi06q01yhyh5,CONFIGURACION_URL_DEFENSORIA,,string,,,,,,,,
1_1Aspectosdemogrficos_Informacincensal,DHBEvolucinTemporal,1.1 Aspectos demogr├íficos_Informaci├│n censal.twb,DATOS_ADMIN_SM,federated.0qiz8oi1sb3cd813zi06q01yhyh5,CONFIGURACION_DESCRIPCION,,string,,,,,,,,
1_1Aspectosdemogrficos_Informacincensal,DHBEvolucinTemporal,1.1 Aspectos demogr├íficos_Informaci├│n censal.twb,DATOS_ADMIN_SM,federated.0qiz8oi1sb3cd813zi06q01yhyh5,CONFIGURACION_URL_FICHA_INDICADOR,,string,,,,,,,,
1_1Aspectosdemogrficos_Informacincensal,DHBEvolucinTemporal,1.1 Aspectos demogr├íficos_Informaci├│n censal.twb,DATOS_ADMIN_SM,federated.0qiz8oi1sb3cd813zi06q01yhyh5,CONFIGURACION_URL_FICHA_TABLERO,,string,,,,,,,,
1_1Aspectosdemogrficos_Informacincensal,DHBEvolucinTemporal,1.1 Aspectos demogr├íficos_Informaci├│n censal.twb,DATOS_ADMIN_SM,federated.0qiz8oi1sb3cd813zi06q01yhyh5,CONFIGURACION_URL_DOC_TECNICO_TABLERO,,string,,,,,,,,
1_1Aspectosdemogrficos_Informacincensal,DHBEvolucinTemporal,1.1 Aspectos demogr├íficos_Informaci├│n censal.twb,DATOS_ADMIN_SM,federated.0qiz8oi1sb3cd813zi06q01yhyh5,CONFIGURACION_URL_REPORTE_TABLERO,,string,,,,,,,,
1_1Aspectosdemogrficos_Informacincensal,DHBEvolucinTemporal,1.1 Aspectos demogr├íficos_Informaci├│n censal.twb,DATOS_ADMIN_SM,federated.0qiz8oi1sb3cd813zi06q01yhyh5,CONFIGURACION_EMAIL_CONTACTO,,string,,,,,,,,
1_1Aspectosdemogrficos_Informacincensal,DHBEvolucinTemporal,1.1 Aspectos demogr├íficos_Informaci├│n censal.twb,DATOS_ADMIN_SM,federated.0qiz8oi1sb3cd813zi06q01yhyh5,CONFIGURACION_URL_DOC_METODOLOGICO,,string,,,,,,,,
1_1Aspectosdemogrficos_Informacincensal,DHBEvolucinTemporal,1.1 Aspectos demogr├íficos_Informaci├│n censal.twb,DATOS_ADMIN_SM,federated.0qiz8oi1sb3cd813zi06q01yhyh5,CONFIGURACION_URL_INSTRUCTIVO_NAV,,string,,,,,,,,
1_1Aspectosdemogrficos_Informacincensal,DHBEvolucinTemporal,1.1 Aspectos demogr├íficos_Informaci├│n censal.twb,DATOS_ADMIN_SM,federated.0qiz8oi1sb3cd813zi06q01yhyh5,TEMA_ID,,string,,,,,,,,
1_1Aspectosdemogrficos_Informacincensal,DHBEvolucinTemporal,1.1 Aspectos demogr├íficos_Informaci├│n censal.twb,DATOS_ADMIN_SM,federated.0qiz8oi1sb3cd813zi06q01yhyh5,TEMA_NOMBRE,,string,,,,,,,,
1_1Aspectosdemogrficos_Informacincensal,DHBEvolucinTemporal,1.1 Aspectos demogr├íficos_Informaci├│n censal.twb,DATOS_ADMIN_SM,federated.0qiz8oi1sb3cd813zi06q01yhyh5,TEMA_DESCRIPCION,,string,,,,,,,,
1_1Aspectosdemogrficos_Informacincensal,DHBEvolucinTemporal,1.1 Aspectos demogr├íficos_Informaci├│n censal.twb,DATOS_ADMIN_SM,federated.0qiz8oi1sb3cd813zi06q01yhyh5,TEMA_DE_SISTEMA,,string,,,,,,,,
1_1Aspectosdemogrficos_Informacincensal,DHBEvolucinTemporal,1.1 Aspectos demogr├íficos_Informaci├│n censal.twb,DATOS_ADMIN_SM,federated.0qiz8oi1sb3cd813zi06q01yhyh5,gid,,integer,,,,,,,,
1_1Aspectosdemogrficos_Informacincensal,DHBEvolucinTemporal,1.1 Aspectos demogr├íficos_Informaci├│n censal.twb,DATOS_ADMIN_SM,federated.0qiz8oi1sb3cd813zi06q01yhyh5,entidad,,integer,,,,,,,,
1_1Aspectosdemogrficos_Informacincensal,DHBEvolucinTemporal,1.1 Aspectos demogr├íficos_Informaci├│n censal.twb,DATOS_ADMIN_SM,federated.0qiz8oi1sb3cd813zi06q01yhyh5,objeto,,string,,,,,,,,
1_1Aspectosdemogrficos_Informacincensal,DHBEvolucinTemporal,1.1 Aspectos demogr├íficos_Informaci├│n censal.twb,DATOS_ADMIN_SM,federated.0qiz8oi1sb3cd813zi06q01yhyh5,fna,,string,,,,,,,,
1_1Aspectosdemogrficos_Informacincensal,DHBEvolucinTemporal,1.1 Aspectos demogr├íficos_Informaci├│n censal.twb,DATOS_ADMIN_SM,federated.0qiz8oi1sb3cd813zi06q01yhyh5,gna,,string,,,,,,,,
1_1Aspectosdemogrficos_Informacincensal,DHBEvolucinTemporal,1.1 Aspectos demogr├íficos_Informaci├│n censal.twb,DATOS_ADMIN_SM,federated.0qiz8oi1sb3cd813zi06q01yhyh5,nam,,string,,,,,,,,
1_1Aspectosdemogrficos_Informacincensal,DHBEvolucinTemporal,1.1 Aspectos demogr├íficos_Informaci├│n censal.twb,DATOS_ADMIN_SM,federated.0qiz8oi1sb3cd813zi06q01yhyh5,in1,,string,,,,,,,,
1_1Aspectosdemogrficos_Informacincensal,DHBEvolucinTemporal,1.1 Aspectos demogr├íficos_Informaci├│n censal.twb,DATOS_ADMIN_SM,federated.0qiz8oi1sb3cd813zi06q01yhyh5,fdc,,string,,,,,,,,
1_1Aspectosdemogrficos_Informacincensal,DHBEvolucinTemporal,1.1 Aspectos demogr├íficos_Informaci├│n censal.twb,DATOS_ADMIN_SM,federated.0qiz8oi1sb3cd813zi06q01yhyh5,sag,,string,,,,,,,,
1_1Aspectosdemogrficos_Informacincensal,DHBEvolucinTemporal,1.1 Aspectos demogr├íficos_Informaci├│n censal.twb,DATOS_ADMIN_SM,federated.0qiz8oi1sb3cd813zi06q01yhyh5,Geometry,,spatial,,,,,,,,
1_1Aspectosdemogrficos_Informacincensal,DHBEvolucinTemporal,1.1 Aspectos demogr├íficos_Informaci├│n censal.twb,DATOS_ADMIN_SM,federated.0qiz8oi1sb3cd813zi06q01yhyh5,[ANIO],DATO_ANIO,integer,dimension,ordinal,,,,,,
1_1Aspectosdemogrficos_Informacincensal,DHBEvolucinTemporal,1.1 Aspectos demogr├íficos_Informaci├│n censal.twb,DATOS_ADMIN_SM,federated.0qiz8oi1sb3cd813zi06q01yhyh5,[APERTURA_DESCRIPCION],DATO_APERTURA_DESCRIPCION,string,dimension,nominal,,,,,,
1_1Aspectosdemogrficos_Informacincensal,DHBEvolucinTemporal,1.1 Aspectos demogr├íficos_Informaci├│n censal.twb,DATOS_ADMIN_SM,federated.0qiz8oi1sb3cd813zi06q01yhyh5,[APERTURA_NIVEL_1],DATO_APERTURA_NIVEL_1,string,dimension,nominal,,,,,,
1_1Aspectosdemogrficos_Informacincensal,DHBEvolucinTemporal,1.1 Aspectos demogr├íficos_Informaci├│n censal.twb,DATOS_ADMIN_SM,federated.0qiz8oi1sb3cd813zi06q01yhyh5,[APERTURA_NIVEL_2],DATO_APERTURA_NIVEL_2,string,dimension,nominal,,,,,,
1_1Aspectosdemogrficos_Informacincensal,DHBEvolucinTemporal,1.1 Aspectos demogr├íficos_Informaci├│n censal.twb,DATOS_ADMIN_SM,federated.0qiz8oi1sb3cd813zi06q01yhyh5,[BTN Desagregaciones (copia)_4382283918220808192],BTN Aperturas y Grupos,string,dimension,nominal,,,,,tableau,"""Cruces relevantes"""
1_1Aspectosdemogrficos_Informacincensal,DHBEvolucinTemporal,1.1 Aspectos demogr├íficos_Informaci├│n censal.twb,DATOS_ADMIN_SM,federated.0qiz8oi1sb3cd813zi06q01yhyh5,[BTN Desagregaciones (copia)_6996412392490516487],BTN Mapa,string,dimension,nominal,,,,,tableau,"""Distribución territorial"""
1_1Aspectosdemogrficos_Informacincensal,DHBEvolucinTemporal,1.1 Aspectos demogr├íficos_Informaci├│n censal.twb,DATOS_ADMIN_SM,federated.0qiz8oi1sb3cd813zi06q01yhyh5,[BTN Desagregaciones Seleccionado (copia)_4382283918220914689],BTN Aperturas y Grupos Seleccionado,string,dimension,nominal,,,,,tableau,"if ([Parameters].[Parámetro 1] = [BTN Desagregaciones (copia)_4382283918220808192] and [Parameters].[Parametro gráfico (copia)_541839334149496838] = [BTN Serie Temporal (copia)_541839334174613511]) then ""Gráfico Seleccionado SG"" 
elseif ([Parameters].[Parámetro 1] = [BTN Desagregaciones (copia)_4382283918220808192] and [Parameters].[Parametro gráfico (copia)_541839334149496838] = [BTN Sección General (copia)_541839334174765064]) then ""Gráfico Seleccionado SPP"" 
elseif ([Parameters].[Parámetro 1] <> [BTN Desagregaciones (copia)_4382283918220808192] and [Parameters].[Parametro gráfico (copia)_541839334149496838] = [BTN Serie Temporal (copia)_541839334174613511]) then ""Gráfico NO Seleccionado SG"" 
elseif ([Parameters].[Parámetro 1] <> [BTN Desagregaciones (copia)_4382283918220808192] and [Parameters].[Parametro gráfico (copia)_541839334149496838] = [BTN Sección General (copia)_541839334174765064]) then ""Gráfico NO Seleccionado SPP"" end"
1_1Aspectosdemogrficos_Informacincensal,DHBEvolucinTemporal,1.1 Aspectos demogr├íficos_Informaci├│n censal.twb,DATOS_ADMIN_SM,federated.0qiz8oi1sb3cd813zi06q01yhyh5,[BTN Desagregaciones Seleccionado (copia)_541839333608861701],BTN Mapa Seleccionado,string,dimension,nominal,,,,,tableau,"if ([Parameters].[Parámetro 1] = [BTN Desagregaciones (copia)_6996412392490516487] and [Parameters].[Parametro gráfico (copia)_541839334149496838] = [BTN Serie Temporal (copia)_541839334174613511]) then ""Gráfico Seleccionado SG"" 
elseif ([Parameters].[Parámetro 1] = [BTN Desagregaciones (copia)_6996412392490516487] and [Parameters].[Parametro gráfico (copia)_541839334149496838] = [BTN Sección General (copia)_541839334174765064]) then ""Gráfico Seleccionado SPP"" 
elseif ([Parameters].[Parámetro 1] <> [BTN Desagregaciones (copia)_6996412392490516487] and [Parameters].[Parametro gráfico (copia)_541839334149496838] = [BTN Serie Temporal (copia)_541839334174613511]) then ""Gráfico NO Seleccionado SG"" 
elseif ([Parameters].[Parámetro 1] <> [BTN Desagregaciones (copia)_6996412392490516487] and [Parameters].[Parametro gráfico (copia)_541839334149496838] = [BTN Sección General (copia)_541839334174765064]) then ""Gráfico NO Seleccionado SPP"" end"
1_1Aspectosdemogrficos_Informacincensal,DHBEvolucinTemporal,1.1 Aspectos demogr├íficos_Informaci├│n censal.twb,DATOS_ADMIN_SM,federated.0qiz8oi1sb3cd813zi06q01yhyh5,[BTN Distribuciones (copia)_5425289489660149780],BTN Indicadores,string,dimension,nominal,,,,,tableau,"""Mapa de Indicadores"""
1_1Aspectosdemogrficos_Informacincensal,DHBEvolucinTemporal,1.1 Aspectos demogr├íficos_Informaci├│n censal.twb,DATOS_ADMIN_SM,federated.0qiz8oi1sb3cd813zi06q01yhyh5,[BTN Distribuciones (copy)_4723009404404842516],BTN Limpiar filtros,string,dimension,nominal,,,,,tableau,"""Limpiar filtros"""
1_1Aspectosdemogrficos_Informacincensal,DHBEvolucinTemporal,1.1 Aspectos demogr├íficos_Informaci├│n censal.twb,DATOS_ADMIN_SM,federated.0qiz8oi1sb3cd813zi06q01yhyh5,[BTN Limpiar filtros (copy)_4723009404657545239],BTN Mostrar Graficos,string,dimension,nominal,,,,,tableau,"""Mostrar gráficos"""
1_1Aspectosdemogrficos_Informacincensal,DHBEvolucinTemporal,1.1 Aspectos demogr├íficos_Informaci├│n censal.twb,DATOS_ADMIN_SM,federated.0qiz8oi1sb3cd813zi06q01yhyh5,[BTN Mapa (copia)_1886797147608317969],BTN Distribuciones,string,dimension,nominal,,,,,tableau,"""Características"""
1_1Aspectosdemogrficos_Informacincensal,DHBEvolucinTemporal,1.1 Aspectos demogr├íficos_Informaci├│n censal.twb,DATOS_ADMIN_SM,federated.0qiz8oi1sb3cd813zi06q01yhyh5,[BTN Mapa Seleccionado (copia)_1886797147608416274],BTN Distribuciones Seleccionado,string,dimension,nominal,,,,,tableau,"if ([Parameters].[Parámetro 1] = [BTN Mapa (copia)_1886797147608317969] and [Parameters].[Parametro gráfico (copia)_541839334149496838] = [BTN Serie Temporal (copia)_541839334174613511]) then ""Gráfico Seleccionado SG"" 
elseif ([Parameters].[Parámetro 1] = [BTN Mapa (copia)_1886797147608317969] and [Parameters].[Parametro gráfico (copia)_541839334149496838] = [BTN Sección General (copia)_541839334174765064]) then ""Gráfico Seleccionado SPP"" 
elseif ([Parameters].[Parámetro 1] <> [BTN Mapa (copia)_1886797147608317969] and [Parameters].[Parametro gráfico (copia)_541839334149496838] = [BTN Serie Temporal (copia)_541839334174613511]) then ""Gráfico NO Seleccionado SG"" 
elseif ([Parameters].[Parámetro 1] <> [BTN Mapa (copia)_1886797147608317969] and [Parameters].[Parametro gráfico (copia)_541839334149496838] = [BTN Sección General (copia)_541839334174765064]) then ""Gráfico NO Seleccionado SPP"" end"
1_1Aspectosdemogrficos_Informacincensal,DHBEvolucinTemporal,1.1 Aspectos demogr├íficos_Informaci├│n censal.twb,DATOS_ADMIN_SM,federated.0qiz8oi1sb3cd813zi06q01yhyh5,[BTN Mostrar Gráficos Caracteristicas (copy)_54254335857942529],BTN Mostrar Gráficos Cruces Relevantes,boolean,dimension,nominal,,,,,tableau,[Parameters].[p_ver_graficos_caracteristicas (copy)_54254335857623040]
1_1Aspectosdemogrficos_Informacincensal,DHBEvolucinTemporal,1.1 Aspectos demogr├íficos_Informaci├│n censal.twb,DATOS_ADMIN_SM,federated.0qiz8oi1sb3cd813zi06q01yhyh5,[BTN Mostrar Gráficos Cruces Relevantes (copy) (copy)_54254335887220741],BTN Mostrar Gráficos Distribución Territorial,boolean,dimension,nominal,,,,,tableau,[Parameters].[p_ver_graficos_cruces_relevantes (copy)_54254335887020034]
1_1Aspectosdemogrficos_Informacincensal,DHBEvolucinTemporal,1.1 Aspectos demogr├íficos_Informaci├│n censal.twb,DATOS_ADMIN_SM,federated.0qiz8oi1sb3cd813zi06q01yhyh5,[BTN Mostrar Gráficos Cruces Relevantes (copy)_54254335887208452],BTN Mostrar Gráficos Evolución Temporal,boolean,dimension,nominal,,,,,tableau,[Parameters].[p_ver_graficos_dist_territorial (copy)_54254335887122435]
1_1Aspectosdemogrficos_Informacincensal,DHBEvolucinTemporal,1.1 Aspectos demogr├íficos_Informaci├│n censal.twb,DATOS_ADMIN_SM,federated.0qiz8oi1sb3cd813zi06q01yhyh5,[BTN Sección General (copia)_541839334174765064],BTN Seguimiento Políticas Públicas,string,dimension,nominal,,,,,tableau,"""Seguimiento Políticas Públicas"""
1_1Aspectosdemogrficos_Informacincensal,DHBEvolucinTemporal,1.1 Aspectos demogr├íficos_Informaci├│n censal.twb,DATOS_ADMIN_SM,federated.0qiz8oi1sb3cd813zi06q01yhyh5,[BTN Serie Temporal (copia)_541839334174613511],BTN Situacion General,string,dimension,nominal,,,,,tableau,"""Situación General"""
1_1Aspectosdemogrficos_Informacincensal,DHBEvolucinTemporal,1.1 Aspectos demogr├íficos_Informaci├│n censal.twb,DATOS_ADMIN_SM,federated.0qiz8oi1sb3cd813zi06q01yhyh5,[CONFIG_URL_ADMIN_SM],CONFIGURACION_URL_ADMIN_SM,string,dimension,nominal,,,,,,
1_1Aspectosdemogrficos_Informacincensal,DHBEvolucinTemporal,1.1 Aspectos demogr├íficos_Informaci├│n censal.twb,DATOS_ADMIN_SM,federated.0qiz8oi1sb3cd813zi06q01yhyh5,[Calculation_1238982533747298314],TEMA_NOMBRE_Y_DESCRIPCION,string,dimension,nominal,,,,,tableau,"[TEMA_NOMBRE (Temas)] + ""

"" + [TEMA_DESCRIPCION]"
1_1Aspectosdemogrficos_Informacincensal,DHBEvolucinTemporal,1.1 Aspectos demogr├íficos_Informaci├│n censal.twb,DATOS_ADMIN_SM,federated.0qiz8oi1sb3cd813zi06q01yhyh5,[Calculation_2193182697378516996],INDICADOR_DESC_METODOLOGICA_TEXTO,string,dimension,nominal,,,,,tableau,"IF (ISNULL([INDICADOR_DESC_METODOLOGICA]) OR [INDICADOR_DESC_METODOLOGICA] = """") 
THEN ""Sin información""
ELSE [INDICADOR_DESC_METODOLOGICA]
END"
1_1Aspectosdemogrficos_Informacincensal,DHBEvolucinTemporal,1.1 Aspectos demogr├íficos_Informaci├│n censal.twb,DATOS_ADMIN_SM,federated.0qiz8oi1sb3cd813zi06q01yhyh5,[Calculation_2193182698903973920],ZERO,integer,measure,quantitative,,,,,tableau,0
1_1Aspectosdemogrficos_Informacincensal,DHBEvolucinTemporal,1.1 Aspectos demogr├íficos_Informaci├│n censal.twb,DATOS_ADMIN_SM,federated.0qiz8oi1sb3cd813zi06q01yhyh5,[Calculation_222646740993855490],FALSE,boolean,dimension,nominal,,,,,tableau,FALSE
1_1Aspectosdemogrficos_Informacincensal,DHBEvolucinTemporal,1.1 Aspectos demogr├íficos_Informaci├│n censal.twb,DATOS_ADMIN_SM,federated.0qiz8oi1sb3cd813zi06q01yhyh5,[Calculation_27725337092042752],GRUPO_INDICADOR_URL_FICHA,string,dimension,nominal,,,,,tableau,[CONFIG_URL_ADMIN_SM] + [CONFIGURACION_URL_FICHA_INDICADOR] + [GRUPO_INDICADOR_CODIGO]
1_1Aspectosdemogrficos_Informacincensal,DHBEvolucinTemporal,1.1 Aspectos demogr├íficos_Informaci├│n censal.twb,DATOS_ADMIN_SM,federated.0qiz8oi1sb3cd813zi06q01yhyh5,[Calculation_27725337465761794],TABLERO_URL_FICHA ,string,dimension,nominal,,,,,tableau,[CONFIG_URL_ADMIN_SM] + [CONFIGURACION_URL_FICHA_TABLERO] + STR([TABLERO_ID (Tableros)])
1_1Aspectosdemogrficos_Informacincensal,DHBEvolucinTemporal,1.1 Aspectos demogr├íficos_Informaci├│n censal.twb,DATOS_ADMIN_SM,federated.0qiz8oi1sb3cd813zi06q01yhyh5,[Calculation_334673809460510727],URL_DOC_METODOLOGICO,string,dimension,nominal,,,,,tableau,[CONFIG_URL_ADMIN_SM] + [CONFIGURACION_URL_DOC_METODOLOGICO]
1_1Aspectosdemogrficos_Informacincensal,DHBEvolucinTemporal,1.1 Aspectos demogr├íficos_Informaci├│n censal.twb,DATOS_ADMIN_SM,federated.0qiz8oi1sb3cd813zi06q01yhyh5,[Calculation_334673811823804420],DATOS_TABLERO,boolean,dimension,nominal,,,,,tableau,[TABLERO_NOMBRE (Tableros)] = [Parameters].[Parámetro 2] OR LOWER([TABLERO_DE_SISTEMA]) = 'true'
1_1Aspectosdemogrficos_Informacincensal,DHBEvolucinTemporal,1.1 Aspectos demogr├íficos_Informaci├│n censal.twb,DATOS_ADMIN_SM,federated.0qiz8oi1sb3cd813zi06q01yhyh5,[Calculation_334673811825987589],Visualizar Gráfico,boolean,dimension,nominal,,,,,tableau,LOWER([INDICADOR_DE_SISTEMA]) = 'false'
1_1Aspectosdemogrficos_Informacincensal,DHBEvolucinTemporal,1.1 Aspectos demogr├íficos_Informaci├│n censal.twb,DATOS_ADMIN_SM,federated.0qiz8oi1sb3cd813zi06q01yhyh5,[Calculation_4723009391632846848],DATO_SUBUNIDAD_GEOGRAFICA_NOMBRE,string,dimension,nominal,,,,,tableau,if (ISNULL([SUB_UNIDAD_GEOGRAFICA])) THEN '' ELSE [SUB_UNIDAD_GEOGRAFICA] END
1_1Aspectosdemogrficos_Informacincensal,DHBEvolucinTemporal,1.1 Aspectos demogr├íficos_Informaci├│n censal.twb,DATOS_ADMIN_SM,federated.0qiz8oi1sb3cd813zi06q01yhyh5,[Calculation_4723009401879752705],DATO_FECHA,date,dimension,ordinal,,,,,tableau,"DATE(
STR([ANIO]) + '-' +  
IF     ([MES] == 'T1') THEN '01'
ELSEIF ([MES] == 'T2') THEN '04'
ELSEIF ([MES] == 'T3') THEN '07'
ELSEIF ([MES] == 'T4') THEN '10'
ELSEIF ([MES] == 'S1') THEN '01'
ELSEIF ([MES] == 'S2') THEN '07'
ELSEIF (ISNULL([MES])) THEN '01'
ELSE   [MES]
END
+ '-01')"
1_1Aspectosdemogrficos_Informacincensal,DHBEvolucinTemporal,1.1 Aspectos demogr├íficos_Informaci├│n censal.twb,DATOS_ADMIN_SM,federated.0qiz8oi1sb3cd813zi06q01yhyh5,[Calculation_4723009401891954690],DATO_FECHA_NOMBRE,string,dimension,nominal,,,,,tableau,[MES]
1_1Aspectosdemogrficos_Informacincensal,DHBEvolucinTemporal,1.1 Aspectos demogr├íficos_Informaci├│n censal.twb,DATOS_ADMIN_SM,federated.0qiz8oi1sb3cd813zi06q01yhyh5,[Calculation_4723009401903345667],DATO_ANIO_MES,string,dimension,nominal,,,,,tableau,STR([ANIO]) + (IF (ISNULL([MES])) THEN '' ELSE [MES] END)
1_1Aspectosdemogrficos_Informacincensal,DHBEvolucinTemporal,1.1 Aspectos demogr├íficos_Informaci├│n censal.twb,DATOS_ADMIN_SM,federated.0qiz8oi1sb3cd813zi06q01yhyh5,[Calculation_4723009402220560388],DATO_PERIODO_STR,string,dimension,nominal,,,,,tableau,"STR([ANIO]) + 
IF   ([DATO_PERIODO_STR (copy)_4723009402227015685] == '') THEN ''
ELSE ' - ' + [DATO_PERIODO_STR (copy)_4723009402227015685]
END"
1_1Aspectosdemogrficos_Informacincensal,DHBEvolucinTemporal,1.1 Aspectos demogr├íficos_Informaci├│n censal.twb,DATOS_ADMIN_SM,federated.0qiz8oi1sb3cd813zi06q01yhyh5,[Calculation_4723009402249244679],DATO_APERTURA_DESCRIPCION_COUNTD,integer,measure,quantitative,,,,,tableau,COUNTD([APERTURA_DESCRIPCION])
1_1Aspectosdemogrficos_Informacincensal,DHBEvolucinTemporal,1.1 Aspectos demogr├íficos_Informaci├│n censal.twb,DATOS_ADMIN_SM,federated.0qiz8oi1sb3cd813zi06q01yhyh5,[Calculation_4723009402249773064],DATO_APERTURA_NIVEL_1_C,integer,measure,quantitative,,,,,tableau,WINDOW_COUNT(COUNTD([APERTURA_NIVEL_1]))
1_1Aspectosdemogrficos_Informacincensal,DHBEvolucinTemporal,1.1 Aspectos demogr├íficos_Informaci├│n censal.twb,DATOS_ADMIN_SM,federated.0qiz8oi1sb3cd813zi06q01yhyh5,[Calculation_4723009402545549324],SELECCIONE,string,dimension,nominal,,,,,tableau,'Seleccione'
1_1Aspectosdemogrficos_Informacincensal,DHBEvolucinTemporal,1.1 Aspectos demogr├íficos_Informaci├│n censal.twb,DATOS_ADMIN_SM,federated.0qiz8oi1sb3cd813zi06q01yhyh5,[Calculation_4723009404707536931],NULL,string,dimension,nominal,,,,,tableau,STR(NULL)
1_1Aspectosdemogrficos_Informacincensal,DHBEvolucinTemporal,1.1 Aspectos demogr├íficos_Informaci├│n censal.twb,DATOS_ADMIN_SM,federated.0qiz8oi1sb3cd813zi06q01yhyh5,[Calculation_541839333604462595],BTN Serie Temporal Seleccionado,string,dimension,nominal,,,,,tableau,"if ([Parameters].[Parámetro 1] = [Calculation_6996412392490344453] and [Parameters].[Parametro gráfico (copia)_541839334149496838] = [BTN Serie Temporal (copia)_541839334174613511]) then ""Gráfico Seleccionado SG"" 
elseif ([Parameters].[Parámetro 1] = [Calculation_6996412392490344453] and [Parameters].[Parametro gráfico (copia)_541839334149496838] = [BTN Sección General (copia)_541839334174765064]) then ""Gráfico Seleccionado SPP"" 
elseif ([Parameters].[Parámetro 1] <> [Calculation_6996412392490344453] and [Parameters].[Parametro gráfico (copia)_541839334149496838] = [BTN Serie Temporal (copia)_541839334174613511]) then ""Gráfico NO Seleccionado SG"" 
elseif ([Parameters].[Parámetro 1] <> [Calculation_6996412392490344453] and [Parameters].[Parametro gráfico (copia)_541839334149496838] = [BTN Sección General (copia)_541839334174765064]) then ""Gráfico NO Seleccionado SPP"" end"
1_1Aspectosdemogrficos_Informacincensal,DHBEvolucinTemporal,1.1 Aspectos demogr├íficos_Informaci├│n censal.twb,DATOS_ADMIN_SM,federated.0qiz8oi1sb3cd813zi06q01yhyh5,[Calculation_5425289489097109517],DATO_TIPO_STR,string,dimension,nominal,,,,,tableau,"IF ([TIPO_DE_DATO] == 'SERIE_TEMPORAL') THEN 'Evolución temporal'
ELSEIF ([TIPO_DE_DATO] == 'DISTRIBUCION') THEN 'Características'
ELSEIF ([TIPO_DE_DATO] == 'MAPA') THEN 'Distribución territorial'
ELSEIF ([TIPO_DE_DATO] == 'APERTURA') THEN 'Cruces relevantes'
END"
1_1Aspectosdemogrficos_Informacincensal,DHBEvolucinTemporal,1.1 Aspectos demogr├íficos_Informaci├│n censal.twb,DATOS_ADMIN_SM,federated.0qiz8oi1sb3cd813zi06q01yhyh5,[Calculation_5425289489148153872],DATOS_APERTURAS_Y_GRUPOS,boolean,dimension,nominal,,,,,tableau,"IF ([TIPO_DE_DATO] = 'APERTURA') THEN
    IF (NOT(ISNULL([APERTURA_NIVEL_1])) AND [APERTURA_NIVEL_1] <> ''
        AND NOT(ISNULL([MODALIDAD_APERTURA_NIVEL_1])) AND [MODALIDAD_APERTURA_NIVEL_1] <> ''
        AND NOT(ISNULL([APERTURA_NIVEL_2])) AND [APERTURA_NIVEL_2] <> '') THEN TRUE
    ELSE FALSE
    END
ELSE FALSE
END"
1_1Aspectosdemogrficos_Informacincensal,DHBEvolucinTemporal,1.1 Aspectos demogr├íficos_Informaci├│n censal.twb,DATOS_ADMIN_SM,federated.0qiz8oi1sb3cd813zi06q01yhyh5,[Calculation_6236992910663057412],UNIDAD_GEOGRAFICA_REGION_STR,string,dimension,nominal,,,,,tableau,"""Región "" + [Region]"
1_1Aspectosdemogrficos_Informacincensal,DHBEvolucinTemporal,1.1 Aspectos demogr├íficos_Informaci├│n censal.twb,DATOS_ADMIN_SM,federated.0qiz8oi1sb3cd813zi06q01yhyh5,[Calculation_6236992911662702608],DATO_VALOR_CALCULADO (MAPA),real,measure,quantitative,,,,,tableau,"IF MAX([INDICADOR_UNIDAD_MEDIDA_CODIGO]) = ""CANTIDAD"" THEN SUM([VALOR])

ELSEIF MAX([INDICADOR_UNIDAD_MEDIDA_CODIGO]) = ""PORCENTAJE"" THEN SUM([VALOR]) * 100 / SUM([VALOR_AUXILIAR])

ELSEIF MAX([INDICADOR_UNIDAD_MEDIDA_CODIGO]) = ""TASA_X_CIEN"" THEN SUM([VALOR]) / SUM([VALOR_AUXILIAR]) * 100

ELSEIF MAX([INDICADOR_UNIDAD_MEDIDA_CODIGO]) = ""TASA_X_MIL"" THEN SUM([VALOR]) / SUM([VALOR_AUXILIAR]) * 1000

ELSEIF MAX([INDICADOR_UNIDAD_MEDIDA_CODIGO]) = ""TASA_X_CIENMIL"" THEN SUM([VALOR]) / SUM([VALOR_AUXILIAR]) * 100000

ELSEIF MAX([INDICADOR_UNIDAD_MEDIDA_CODIGO]) = ""TASA_X_MILLON"" THEN SUM([VALOR]) / SUM([VALOR_AUXILIAR]) * 1000000

ELSEIF MAX([INDICADOR_UNIDAD_MEDIDA_CODIGO]) = ""RAZON_X_DIEZMIL"" THEN SUM([VALOR]) / SUM([VALOR_AUXILIAR]) * 10000

END"
1_1Aspectosdemogrficos_Informacincensal,DHBEvolucinTemporal,1.1 Aspectos demogr├íficos_Informaci├│n censal.twb,DATOS_ADMIN_SM,federated.0qiz8oi1sb3cd813zi06q01yhyh5,[Calculation_6996412392490344453],BTN Serie Temporal,string,dimension,nominal,,,,,tableau,"""Evolución temporal"""
1_1Aspectosdemogrficos_Informacincensal,DHBEvolucinTemporal,1.1 Aspectos demogr├íficos_Informaci├│n censal.twb,DATOS_ADMIN_SM,federated.0qiz8oi1sb3cd813zi06q01yhyh5,[Calculation_90705353144123399],DATO_APERTURA_MODALIDAD,string,dimension,nominal,,,,,tableau,"IF (NOT(ISNULL([MODALIDAD_APERTURA_NIVEL_2])) AND [MODALIDAD_APERTURA_NIVEL_2] <> """") 
THEN [MODALIDAD_APERTURA_NIVEL_2]
ELSE [MODALIDAD_APERTURA_NIVEL_1]
END"
1_1Aspectosdemogrficos_Informacincensal,DHBEvolucinTemporal,1.1 Aspectos demogr├íficos_Informaci├│n censal.twb,DATOS_ADMIN_SM,federated.0qiz8oi1sb3cd813zi06q01yhyh5,[Calculation_955748346980958208],NOT p_mostrar_indicadores,boolean,dimension,nominal,,,,,tableau,NOT([Parameters].[p_grafico (copia)])
1_1Aspectosdemogrficos_Informacincensal,DHBEvolucinTemporal,1.1 Aspectos demogr├íficos_Informaci├│n censal.twb,DATOS_ADMIN_SM,federated.0qiz8oi1sb3cd813zi06q01yhyh5,[Calculation_955748346981711873],Texto mostrar indicadores,string,dimension,nominal,,,,,tableau,"IF ([Parameters].[p_grafico (copia)]) 
THEN 'Cerrar el mapa de indicadores'
ELSE 'Abrir el mapa de indicadores'
END"
1_1Aspectosdemogrficos_Informacincensal,DHBEvolucinTemporal,1.1 Aspectos demogr├íficos_Informaci├│n censal.twb,DATOS_ADMIN_SM,federated.0qiz8oi1sb3cd813zi06q01yhyh5,[Calculation_955748347035680770],blank,string,dimension,nominal,,,,,tableau,""""""
1_1Aspectosdemogrficos_Informacincensal,DHBEvolucinTemporal,1.1 Aspectos demogr├íficos_Informaci├│n censal.twb,DATOS_ADMIN_SM,federated.0qiz8oi1sb3cd813zi06q01yhyh5,[DATO_DE_SISTEMA],,integer,dimension,ordinal,,,,,,
1_1Aspectosdemogrficos_Informacincensal,DHBEvolucinTemporal,1.1 Aspectos demogr├íficos_Informaci├│n censal.twb,DATOS_ADMIN_SM,federated.0qiz8oi1sb3cd813zi06q01yhyh5,[DATO_PERIODO_STR (copy)_4723009402227015685],DATO_PERIODO,string,dimension,nominal,,,,,tableau,"IF     (ISNULL([MES])) THEN ''
ELSEIF ([MES] == 'T1') THEN 'Primer Trimestre' 
ELSEIF ([MES] == 'T2') THEN 'Segundo Trimestre' 
ELSEIF ([MES] == 'T3') THEN 'Tercer Trimestre'
ELSEIF ([MES] == 'T4') THEN 'Cuarto Trimestre'
ELSEIF ([MES] == 'S1') THEN 'Primer Semestre'
ELSEIF ([MES] == 'S2') THEN 'Segundo Semestre'
ELSEIF ([MES] == '1') THEN 'Enero'
ELSEIF ([MES] == '2') THEN 'Febrero'
ELSEIF ([MES] == '3') THEN 'Marzo'
ELSEIF ([MES] == '4') THEN 'Abril'
ELSEIF ([MES] == '5') THEN 'Mayo'
ELSEIF ([MES] == '6') THEN 'Junio'
ELSEIF ([MES] == '7') THEN 'Julio'
ELSEIF ([MES] == '8') THEN 'Agosto'
ELSEIF ([MES] == '9') THEN 'Septiembre'
ELSEIF ([MES] == '10') THEN 'Octubre'
ELSEIF ([MES] == '11') THEN 'Noviembre'
ELSEIF ([MES] == '12') THEN 'Diciembre'
END"
1_1Aspectosdemogrficos_Informacincensal,DHBEvolucinTemporal,1.1 Aspectos demogr├íficos_Informaci├│n censal.twb,DATOS_ADMIN_SM,federated.0qiz8oi1sb3cd813zi06q01yhyh5,[Distribuciones - Visualizar Gráfico Torta (copy)_159666739711741954],Distribuciones - Visualizar Gráfico Barras,integer,dimension,quantitative,,,,,tableau,"IF ([Parameters].[p_grafico_apertura_grupo (copia)_1886797147614048275] = ""Barras"") THEN 1 
ELSEIF ([Parameters].[p_grafico_apertura_grupo (copia)_1886797147614048275] = ""Todos"") THEN 1 
ELSE 0 END"
1_1Aspectosdemogrficos_Informacincensal,DHBEvolucinTemporal,1.1 Aspectos demogr├íficos_Informaci├│n censal.twb,DATOS_ADMIN_SM,federated.0qiz8oi1sb3cd813zi06q01yhyh5,[GRUPO_INDICADOR_ID (Grupos Indicadores)],GRUPO_INDICADOR_ID,integer,dimension,ordinal,,,,,,
1_1Aspectosdemogrficos_Informacincensal,DHBEvolucinTemporal,1.1 Aspectos demogr├íficos_Informaci├│n censal.twb,DATOS_ADMIN_SM,federated.0qiz8oi1sb3cd813zi06q01yhyh5,[GRUPO_INDICADOR_ID],DATO_GRUPO_INDICADOR_ID,integer,dimension,ordinal,,,,,,
1_1Aspectosdemogrficos_Informacincensal,DHBEvolucinTemporal,1.1 Aspectos demogr├íficos_Informaci├│n censal.twb,DATOS_ADMIN_SM,federated.0qiz8oi1sb3cd813zi06q01yhyh5,[GRUPO_INDICADOR_NOMBRE (Grupos Indicadores)],GRUPO_INDICADOR_NOMBRE,string,dimension,nominal,,,,,,
1_1Aspectosdemogrficos_Informacincensal,DHBEvolucinTemporal,1.1 Aspectos demogr├íficos_Informaci├│n censal.twb,DATOS_ADMIN_SM,federated.0qiz8oi1sb3cd813zi06q01yhyh5,[GRUPO_INDICADOR_NOMBRE],DATO_GRUPO_INDICADOR_NOMBRE,string,dimension,nominal,,,true,,,
1_1Aspectosdemogrficos_Informacincensal,DHBEvolucinTemporal,1.1 Aspectos demogr├íficos_Informaci├│n censal.twb,DATOS_ADMIN_SM,federated.0qiz8oi1sb3cd813zi06q01yhyh5,[GRUPO_INDICADOR_ORDEN],,integer,dimension,ordinal,,,,,,
1_1Aspectosdemogrficos_Informacincensal,DHBEvolucinTemporal,1.1 Aspectos demogr├íficos_Informaci├│n censal.twb,DATOS_ADMIN_SM,federated.0qiz8oi1sb3cd813zi06q01yhyh5,[Geometry],GEOMETRIA (T_MAPA),spatial,measure,nominal,,,,,,
1_1Aspectosdemogrficos_Informacincensal,DHBEvolucinTemporal,1.1 Aspectos demogr├íficos_Informaci├│n censal.twb,DATOS_ADMIN_SM,federated.0qiz8oi1sb3cd813zi06q01yhyh5,[ID_DATO_SM],DATO_ID,integer,dimension,ordinal,,,,,,
1_1Aspectosdemogrficos_Informacincensal,DHBEvolucinTemporal,1.1 Aspectos demogr├íficos_Informaci├│n censal.twb,DATOS_ADMIN_SM,federated.0qiz8oi1sb3cd813zi06q01yhyh5,[INDICADOR_DE_SISTEMA],,string,dimension,nominal,,,,,,
1_1Aspectosdemogrficos_Informacincensal,DHBEvolucinTemporal,1.1 Aspectos demogr├íficos_Informaci├│n censal.twb,DATOS_ADMIN_SM,federated.0qiz8oi1sb3cd813zi06q01yhyh5,[INDICADOR_ID (Indicadores)],INDICADOR_ID,integer,dimension,ordinal,,,,,,
1_1Aspectosdemogrficos_Informacincensal,DHBEvolucinTemporal,1.1 Aspectos demogr├íficos_Informaci├│n censal.twb,DATOS_ADMIN_SM,federated.0qiz8oi1sb3cd813zi06q01yhyh5,[INDICADOR_ID],DATO_INDICADOR_ID,integer,dimension,ordinal,,,,,,
1_1Aspectosdemogrficos_Informacincensal,DHBEvolucinTemporal,1.1 Aspectos demogr├íficos_Informaci├│n censal.twb,DATOS_ADMIN_SM,federated.0qiz8oi1sb3cd813zi06q01yhyh5,[INDICADOR_NOMBRE (Indicadores)],INDICADOR_NOMBRE,string,dimension,nominal,,,,,,
1_1Aspectosdemogrficos_Informacincensal,DHBEvolucinTemporal,1.1 Aspectos demogr├íficos_Informaci├│n censal.twb,DATOS_ADMIN_SM,federated.0qiz8oi1sb3cd813zi06q01yhyh5,[INDICADOR_NOMBRE],DATO_INDICADOR_NOMBRE,string,dimension,nominal,,,true,,,
1_1Aspectosdemogrficos_Informacincensal,DHBEvolucinTemporal,1.1 Aspectos demogr├íficos_Informaci├│n censal.twb,DATOS_ADMIN_SM,federated.0qiz8oi1sb3cd813zi06q01yhyh5,[INDICADOR_ORDEN],,integer,dimension,ordinal,,,,,,
1_1Aspectosdemogrficos_Informacincensal,DHBEvolucinTemporal,1.1 Aspectos demogr├íficos_Informaci├│n censal.twb,DATOS_ADMIN_SM,federated.0qiz8oi1sb3cd813zi06q01yhyh5,[MES],DATO_MES,string,dimension,nominal,,,,,,
1_1Aspectosdemogrficos_Informacincensal,DHBEvolucinTemporal,1.1 Aspectos demogr├íficos_Informaci├│n censal.twb,DATOS_ADMIN_SM,federated.0qiz8oi1sb3cd813zi06q01yhyh5,[MODALIDAD_APERTURA_NIVEL_1],DATO_MODALIDAD_APERTURA_NIVEL_1,string,dimension,nominal,,,,,,
1_1Aspectosdemogrficos_Informacincensal,DHBEvolucinTemporal,1.1 Aspectos demogr├íficos_Informaci├│n censal.twb,DATOS_ADMIN_SM,federated.0qiz8oi1sb3cd813zi06q01yhyh5,[MODALIDAD_APERTURA_NIVEL_2],DATO_MODALIDAD_APERTURA_NIVEL_2,string,dimension,nominal,,,,,,
1_1Aspectosdemogrficos_Informacincensal,DHBEvolucinTemporal,1.1 Aspectos demogr├íficos_Informaci├│n censal.twb,DATOS_ADMIN_SM,federated.0qiz8oi1sb3cd813zi06q01yhyh5,[Region],UNIDAD_GEOGRAFICA_REGION,string,dimension,nominal,,,,,categorical-bin,
1_1Aspectosdemogrficos_Informacincensal,DHBEvolucinTemporal,1.1 Aspectos demogr├íficos_Informaci├│n censal.twb,DATOS_ADMIN_SM,federated.0qiz8oi1sb3cd813zi06q01yhyh5,[SECCION_ID],DATO_SECCION_ID,integer,dimension,ordinal,,,,,,
1_1Aspectosdemogrficos_Informacincensal,DHBEvolucinTemporal,1.1 Aspectos demogr├íficos_Informaci├│n censal.twb,DATOS_ADMIN_SM,federated.0qiz8oi1sb3cd813zi06q01yhyh5,[SECCION_NOMBRE],DATO_SECCION_NOMBRE,string,dimension,nominal,,,,,,
1_1Aspectosdemogrficos_Informacincensal,DHBEvolucinTemporal,1.1 Aspectos demogr├íficos_Informaci├│n censal.twb,DATOS_ADMIN_SM,federated.0qiz8oi1sb3cd813zi06q01yhyh5,[SUB_UNIDAD_GEOGRAFICA],DATO_SUBUNIDAD_GEOGRAFICA,string,dimension,nominal,,,,,,
1_1Aspectosdemogrficos_Informacincensal,DHBEvolucinTemporal,1.1 Aspectos demogr├íficos_Informaci├│n censal.twb,DATOS_ADMIN_SM,federated.0qiz8oi1sb3cd813zi06q01yhyh5,[TABLERO_CONFIGURACION_ID],,integer,dimension,ordinal,,,,,,
1_1Aspectosdemogrficos_Informacincensal,DHBEvolucinTemporal,1.1 Aspectos demogr├íficos_Informaci├│n censal.twb,DATOS_ADMIN_SM,federated.0qiz8oi1sb3cd813zi06q01yhyh5,[TABLERO_FECHA_ULT_CARGA_DATOS],,datetime,dimension,ordinal,,,,,,
1_1Aspectosdemogrficos_Informacincensal,DHBEvolucinTemporal,1.1 Aspectos demogr├íficos_Informaci├│n censal.twb,DATOS_ADMIN_SM,federated.0qiz8oi1sb3cd813zi06q01yhyh5,[TABLERO_ID (Tableros)],TABLERO_ID,integer,dimension,ordinal,,,,,,
1_1Aspectosdemogrficos_Informacincensal,DHBEvolucinTemporal,1.1 Aspectos demogr├íficos_Informaci├│n censal.twb,DATOS_ADMIN_SM,federated.0qiz8oi1sb3cd813zi06q01yhyh5,[TABLERO_ID],DATO_TABLERO_ID,integer,dimension,ordinal,,,,,,
1_1Aspectosdemogrficos_Informacincensal,DHBEvolucinTemporal,1.1 Aspectos demogr├íficos_Informaci├│n censal.twb,DATOS_ADMIN_SM,federated.0qiz8oi1sb3cd813zi06q01yhyh5,[TABLERO_NOMBRE (Tableros)],TABLERO_NOMBRE,string,dimension,nominal,,,,,,
1_1Aspectosdemogrficos_Informacincensal,DHBEvolucinTemporal,1.1 Aspectos demogr├íficos_Informaci├│n censal.twb,DATOS_ADMIN_SM,federated.0qiz8oi1sb3cd813zi06q01yhyh5,[TABLERO_NOMBRE],DATO_TABLERO_NOMBRE,string,dimension,nominal,,,true,,,
1_1Aspectosdemogrficos_Informacincensal,DHBEvolucinTemporal,1.1 Aspectos demogr├íficos_Informaci├│n censal.twb,DATOS_ADMIN_SM,federated.0qiz8oi1sb3cd813zi06q01yhyh5,[TEMA_DE_SISTEMA],TEMA_DE_SISTEMA (T_TEMA),string,dimension,nominal,,,,,,
1_1Aspectosdemogrficos_Informacincensal,DHBEvolucinTemporal,1.1 Aspectos demogr├íficos_Informaci├│n censal.twb,DATOS_ADMIN_SM,federated.0qiz8oi1sb3cd813zi06q01yhyh5,[TEMA_ID (Temas)],TEMA_ID,integer,dimension,ordinal,,,,,,
1_1Aspectosdemogrficos_Informacincensal,DHBEvolucinTemporal,1.1 Aspectos demogr├íficos_Informaci├│n censal.twb,DATOS_ADMIN_SM,federated.0qiz8oi1sb3cd813zi06q01yhyh5,[TEMA_ID],DATO_TEMA_ID,integer,dimension,ordinal,,,,,,
1_1Aspectosdemogrficos_Informacincensal,DHBEvolucinTemporal,1.1 Aspectos demogr├íficos_Informaci├│n censal.twb,DATOS_ADMIN_SM,federated.0qiz8oi1sb3cd813zi06q01yhyh5,[TEMA_NOMBRE (Temas)],TEMA_NOMBRE,string,dimension,nominal,,,,,,
1_1Aspectosdemogrficos_Informacincensal,DHBEvolucinTemporal,1.1 Aspectos demogr├íficos_Informaci├│n censal.twb,DATOS_ADMIN_SM,federated.0qiz8oi1sb3cd813zi06q01yhyh5,[TEMA_NOMBRE],DATO_TEMA_NOMBRE,string,dimension,nominal,,,,,,
1_1Aspectosdemogrficos_Informacincensal,DHBEvolucinTemporal,1.1 Aspectos demogr├íficos_Informaci├│n censal.twb,DATOS_ADMIN_SM,federated.0qiz8oi1sb3cd813zi06q01yhyh5,[TIPO_DATO_SM_STR (copia)_5425289489129852943],DATO_TIPO_ORDEN,integer,dimension,ordinal,,,,,tableau,"IF ([TIPO_DE_DATO] == 'SERIE_TEMPORAL') THEN 1
ELSEIF ([TIPO_DE_DATO] == 'DISTRIBUCION') THEN 2
ELSEIF ([TIPO_DE_DATO] == 'APERTURA') THEN 3
ELSEIF ([TIPO_DE_DATO] == 'MAPA') THEN 4
END"
1_1Aspectosdemogrficos_Informacincensal,DHBEvolucinTemporal,1.1 Aspectos demogr├íficos_Informaci├│n censal.twb,DATOS_ADMIN_SM,federated.0qiz8oi1sb3cd813zi06q01yhyh5,[TIPO_DE_DATO],DATO_TIPO,string,dimension,nominal,,,,,,
1_1Aspectosdemogrficos_Informacincensal,DHBEvolucinTemporal,1.1 Aspectos demogr├íficos_Informaci├│n censal.twb,DATOS_ADMIN_SM,federated.0qiz8oi1sb3cd813zi06q01yhyh5,[UNIDAD_GEOGRAFICA_CODIGO],DATO_UNIDAD_GEOGRAFICA_CODIGO,string,dimension,nominal,,,,,,
1_1Aspectosdemogrficos_Informacincensal,DHBEvolucinTemporal,1.1 Aspectos demogr├íficos_Informaci├│n censal.twb,DATOS_ADMIN_SM,federated.0qiz8oi1sb3cd813zi06q01yhyh5,[UNIDAD_GEOGRAFICA_NOMBRE],DATO_UNIDAD_GEOGRAFICA_NOMBRE,string,dimension,nominal,,,,,,
1_1Aspectosdemogrficos_Informacincensal,DHBEvolucinTemporal,1.1 Aspectos demogr├íficos_Informaci├│n censal.twb,DATOS_ADMIN_SM,federated.0qiz8oi1sb3cd813zi06q01yhyh5,[URL_DOC_METODOLOGICO (copy)_334673809461317641],URL_INSTRUCTIVO_NAV,string,dimension,nominal,,,,,tableau,[CONFIG_URL_ADMIN_SM] + [CONFIGURACION_URL_INSTRUCTIVO_NAV]
1_1Aspectosdemogrficos_Informacincensal,DHBEvolucinTemporal,1.1 Aspectos demogr├íficos_Informaci├│n censal.twb,DATOS_ADMIN_SM,federated.0qiz8oi1sb3cd813zi06q01yhyh5,[URL_DOC_TECNICO_TABLERO (copy)_334673809529749519],TABLERO_URL_REPORTE,string,dimension,nominal,,,,,tableau,[CONFIG_URL_ADMIN_SM] + [CONFIGURACION_URL_REPORTE_TABLERO] + STR([TABLERO_ID (Tableros)])
1_1Aspectosdemogrficos_Informacincensal,DHBEvolucinTemporal,1.1 Aspectos demogr├íficos_Informaci├│n censal.twb,DATOS_ADMIN_SM,federated.0qiz8oi1sb3cd813zi06q01yhyh5,[URL_FICHA _TABLERO (copy)_334673809529606158],TABLERO_URL_DOC_TECNICO,string,dimension,nominal,,,,,tableau,[CONFIG_URL_ADMIN_SM] + [CONFIGURACION_URL_DOC_TECNICO_TABLERO] + STR([TABLERO_ID (Tableros)])
1_1Aspectosdemogrficos_Informacincensal,DHBEvolucinTemporal,1.1 Aspectos demogr├íficos_Informaci├│n censal.twb,DATOS_ADMIN_SM,federated.0qiz8oi1sb3cd813zi06q01yhyh5,[VALOR],DATO_VALOR,real,dimension,ordinal,,,,,,
1_1Aspectosdemogrficos_Informacincensal,DHBEvolucinTemporal,1.1 Aspectos demogr├íficos_Informaci├│n censal.twb,DATOS_ADMIN_SM,federated.0qiz8oi1sb3cd813zi06q01yhyh5,[VALOR_AUXILIAR],DATO_VALOR_AUXILIAR,real,dimension,ordinal,,,,,,
1_1Aspectosdemogrficos_Informacincensal,DHBEvolucinTemporal,1.1 Aspectos demogr├íficos_Informaci├│n censal.twb,DATOS_ADMIN_SM,federated.0qiz8oi1sb3cd813zi06q01yhyh5,[Valor cantidad (Mapa) (copia)_6236992911694086162],DATO_SUM_VALOR_AUXILIAR (MAPA),real,measure,quantitative,,,,,tableau,SUM([VALOR_AUXILIAR])
1_1Aspectosdemogrficos_Informacincensal,DHBEvolucinTemporal,1.1 Aspectos demogr├íficos_Informaci├│n censal.twb,DATOS_ADMIN_SM,federated.0qiz8oi1sb3cd813zi06q01yhyh5,[Valor mapa calculado (copia)_6236992911641026571],VALOR_PORCENTUAL (T_MAPA),real,measure,quantitative,,,,,tableau,[Valor porcentual (copia)_6236992911648841741] * 100 / [Valor cantidad (Mapa) (copia)_6236992911694086162]
1_1Aspectosdemogrficos_Informacincensal,DHBEvolucinTemporal,1.1 Aspectos demogr├íficos_Informaci├│n censal.twb,DATOS_ADMIN_SM,federated.0qiz8oi1sb3cd813zi06q01yhyh5,[Valor porcentual (copia)_6236992911646519308],DATO_TOTAL_SUM_VALOR (MAPA),real,measure,quantitative,,,,,tableau,TOTAL([Valor porcentual (copia)_6236992911648841741])
1_1Aspectosdemogrficos_Informacincensal,DHBEvolucinTemporal,1.1 Aspectos demogr├íficos_Informaci├│n censal.twb,DATOS_ADMIN_SM,federated.0qiz8oi1sb3cd813zi06q01yhyh5,[Valor porcentual (copia)_6236992911648841741],DATO_SUM_VALOR (MAPA),real,measure,quantitative,,,,,tableau,SUM([VALOR])
1_1Aspectosdemogrficos_Informacincensal,DHBEvolucinTemporal,1.1 Aspectos demogr├íficos_Informaci├│n censal.twb,DATOS_ADMIN_SM,federated.0qiz8oi1sb3cd813zi06q01yhyh5,[Valor porcentual (copia)_6236992911649583118],VALOR_TASA (T_MAPA),real,measure,quantitative,,,,,tableau,[Valor porcentual (copia)_6236992911648841741] / [Valor cantidad (Mapa) (copia)_6236992911694086162]
1_1Aspectosdemogrficos_Informacincensal,DHBEvolucinTemporal,1.1 Aspectos demogr├íficos_Informaci├│n censal.twb,DATOS_ADMIN_SM,federated.0qiz8oi1sb3cd813zi06q01yhyh5,[Valor total (Mapa) (copia)_6236992911689347089],DATO_TOTAL_SUM_VALOR_AUXILIAR (MAPA),real,measure,quantitative,,,,,tableau,TOTAL([Valor cantidad (Mapa) (copia)_6236992911694086162])
1_1Aspectosdemogrficos_Informacincensal,DHBEvolucinTemporal,1.1 Aspectos demogr├íficos_Informaci├│n censal.twb,DATOS_ADMIN_SM,federated.0qiz8oi1sb3cd813zi06q01yhyh5,[Visualizar Desagregaciones (copia)_541839333440749569],Aperturas - Visualizar Gráfico Barras,integer,dimension,quantitative,,,,,tableau,"IF ([Parameters].[Gráfico seleccionado (copia)_541839333440561152] = ""Barras"") THEN 1 
ELSEIF ([Parameters].[Gráfico seleccionado (copia)_541839333440561152] = ""Barras y tabla"") THEN 1 
ELSE 0 END"
1_1Aspectosdemogrficos_Informacincensal,DHBEvolucinTemporal,1.1 Aspectos demogr├íficos_Informaci├│n censal.twb,DATOS_ADMIN_SM,federated.0qiz8oi1sb3cd813zi06q01yhyh5,[Visualizar Desagregaciones Barra (copia)_541839333440913410],Aperturas - Visualizar Gráfico Tabla,integer,dimension,quantitative,,,,,tableau,"IF ([Parameters].[Gráfico seleccionado (copia)_541839333440561152] = ""Tabla"") THEN 1 
ELSEIF ([Parameters].[Gráfico seleccionado (copia)_541839333440561152] = ""Barras y tabla"") THEN 1 
ELSE 0 END"
1_1Aspectosdemogrficos_Informacincensal,DHBEvolucinTemporal,1.1 Aspectos demogr├íficos_Informaci├│n censal.twb,DATOS_ADMIN_SM,federated.0qiz8oi1sb3cd813zi06q01yhyh5,[Visualizar Gráfico Jerarquía (copia)_1886797147614466070],Distribuciones - Visualizar Gráfico Torta,integer,dimension,quantitative,,,,,tableau,"IF ([Parameters].[p_grafico_apertura_grupo (copia)_1886797147614048275] = ""Torta"") THEN 1 
ELSEIF ([Parameters].[p_grafico_apertura_grupo (copia)_1886797147614048275] = ""Todos"") THEN 1 
ELSE 0 END"
1_1Aspectosdemogrficos_Informacincensal,DHBEvolucinTemporal,1.1 Aspectos demogr├íficos_Informaci├│n censal.twb,DATOS_ADMIN_SM,federated.0qiz8oi1sb3cd813zi06q01yhyh5,[Visualizar Gráfico Tabla (copia)_1886797147614306325],Distribuciones - Visualizar Gráfico Jerarquía,integer,dimension,quantitative,,,,,tableau,"IF ([Parameters].[p_grafico_apertura_grupo (copia)_1886797147614048275] = ""Jerarquía"") THEN 1 
ELSEIF ([Parameters].[p_grafico_apertura_grupo (copia)_1886797147614048275] = ""Todos"") THEN 1 
ELSE 0 END"
1_1Aspectosdemogrficos_Informacincensal,DHBEvolucinTemporal,1.1 Aspectos demogr├íficos_Informaci├│n censal.twb,DATOS_ADMIN_SM,federated.0qiz8oi1sb3cd813zi06q01yhyh5,[Visualizar Gráfico Tabla (copia)_2772247096855269376],Visualizar Indicadores,boolean,dimension,nominal,,,,,tableau,"IF ([Parameters].[p_grafico (copia)] = TRUE) THEN TRUE 
ELSE FALSE END"
1_1Aspectosdemogrficos_Informacincensal,DHBEvolucinTemporal,1.1 Aspectos demogr├íficos_Informaci├│n censal.twb,DATOS_ADMIN_SM,federated.0qiz8oi1sb3cd813zi06q01yhyh5,[Visualizar Indicadores (copy)_4723009404655362069],BTN Mostrar Gráficos Caracteristicas,boolean,dimension,nominal,,,,,tableau,[Parameters].[p_mostrar_indicadores (copy)_4723009404655562774]
1_1Aspectosdemogrficos_Informacincensal,DHBEvolucinTemporal,1.1 Aspectos demogr├íficos_Informaci├│n censal.twb,DATOS_ADMIN_SM,federated.0qiz8oi1sb3cd813zi06q01yhyh5,[Visualizar Indicadores (copy)_4723009404679073821],Ver gráficos caracteristicas,boolean,dimension,nominal,,,,,tableau,[Parameters].[p_mostrar_indicadores (copy)_4723009404655562774]
1_1Aspectosdemogrficos_Informacincensal,DHBEvolucinTemporal,1.1 Aspectos demogr├íficos_Informaci├│n censal.twb,DATOS_ADMIN_SM,federated.0qiz8oi1sb3cd813zi06q01yhyh5,[__tableau_internal_object_id__].[Configuracion_70F75B593A84437096A6459916C3B121],Configuracion,table,measure,quantitative,,,,,,
1_1Aspectosdemogrficos_Informacincensal,DHBEvolucinTemporal,1.1 Aspectos demogr├íficos_Informaci├│n censal.twb,DATOS_ADMIN_SM,federated.0qiz8oi1sb3cd813zi06q01yhyh5,[__tableau_internal_object_id__].[Datos_E76A2789C0C0403C8522440D998704F2],Datos,table,measure,quantitative,,,,,,
1_1Aspectosdemogrficos_Informacincensal,DHBEvolucinTemporal,1.1 Aspectos demogr├íficos_Informaci├│n censal.twb,DATOS_ADMIN_SM,federated.0qiz8oi1sb3cd813zi06q01yhyh5,[__tableau_internal_object_id__].[Grupos Indicadores_80F403D81C66448DB95D3484EA9601FB],Grupos Indicadores,table,measure,quantitative,,,,,,
1_1Aspectosdemogrficos_Informacincensal,DHBEvolucinTemporal,1.1 Aspectos demogr├íficos_Informaci├│n censal.twb,DATOS_ADMIN_SM,federated.0qiz8oi1sb3cd813zi06q01yhyh5,[__tableau_internal_object_id__].[Indicadores_F269C9F3A1A74D299CBC3D2526527AB4],Indicadores,table,measure,quantitative,,,,,,
1_1Aspectosdemogrficos_Informacincensal,DHBEvolucinTemporal,1.1 Aspectos demogr├íficos_Informaci├│n censal.twb,DATOS_ADMIN_SM,federated.0qiz8oi1sb3cd813zi06q01yhyh5,[__tableau_internal_object_id__].[Tableros_4B7E936B713A46E09A688BE3B557C7FB],Tableros,table,measure,quantitative,,,,,,
1_1Aspectosdemogrficos_Informacincensal,DHBEvolucinTemporal,1.1 Aspectos demogr├íficos_Informaci├│n censal.twb,DATOS_ADMIN_SM,federated.0qiz8oi1sb3cd813zi06q01yhyh5,[__tableau_internal_object_id__].[Temas_1EB48C7DA90F40468E6E2140C9DFBF4E],Temas,table,measure,quantitative,,,,,,
1_1Aspectosdemogrficos_Informacincensal,DHBEvolucinTemporal,1.1 Aspectos demogr├íficos_Informaci├│n censal.twb,DATOS_ADMIN_SM,federated.0qiz8oi1sb3cd813zi06q01yhyh5,[__tableau_internal_object_id__].[provincia.shp_62D62B83F60E430CB2E4544483D1F16A],Provincias,table,measure,quantitative,,,,,,
1_1Aspectosdemogrficos_Informacincensal,DHBEvolucinTemporal,1.1 Aspectos demogr├íficos_Informaci├│n censal.twb,DATOS_ADMIN_SM,federated.0qiz8oi1sb3cd813zi06q01yhyh5,[entidad],Entidad,integer,measure,quantitative,,,,,,
1_1Aspectosdemogrficos_Informacincensal,DHBEvolucinTemporal,1.1 Aspectos demogr├íficos_Informaci├│n censal.twb,DATOS_ADMIN_SM,federated.0qiz8oi1sb3cd813zi06q01yhyh5,[fdc],Fdc,string,dimension,nominal,,,,,,
1_1Aspectosdemogrficos_Informacincensal,DHBEvolucinTemporal,1.1 Aspectos demogr├íficos_Informaci├│n censal.twb,DATOS_ADMIN_SM,federated.0qiz8oi1sb3cd813zi06q01yhyh5,[fna],Fna,string,dimension,nominal,,,,,,
1_1Aspectosdemogrficos_Informacincensal,DHBEvolucinTemporal,1.1 Aspectos demogr├íficos_Informaci├│n censal.twb,DATOS_ADMIN_SM,federated.0qiz8oi1sb3cd813zi06q01yhyh5,[gid],Gid,integer,measure,quantitative,,,,,,
1_1Aspectosdemogrficos_Informacincensal,DHBEvolucinTemporal,1.1 Aspectos demogr├íficos_Informaci├│n censal.twb,DATOS_ADMIN_SM,federated.0qiz8oi1sb3cd813zi06q01yhyh5,[gna],Gna,string,dimension,nominal,,,,,,
1_1Aspectosdemogrficos_Informacincensal,DHBEvolucinTemporal,1.1 Aspectos demogr├íficos_Informaci├│n censal.twb,DATOS_ADMIN_SM,federated.0qiz8oi1sb3cd813zi06q01yhyh5,[in1],In1,string,dimension,nominal,,,,,,
1_1Aspectosdemogrficos_Informacincensal,DHBEvolucinTemporal,1.1 Aspectos demogr├íficos_Informaci├│n censal.twb,DATOS_ADMIN_SM,federated.0qiz8oi1sb3cd813zi06q01yhyh5,[nam],Nombre provincia,string,dimension,nominal,,,true,,,
1_1Aspectosdemogrficos_Informacincensal,DHBEvolucinTemporal,1.1 Aspectos demogr├íficos_Informaci├│n censal.twb,DATOS_ADMIN_SM,federated.0qiz8oi1sb3cd813zi06q01yhyh5,[objeto],Objeto,string,dimension,nominal,,,,,,
1_1Aspectosdemogrficos_Informacincensal,DHBEvolucinTemporal,1.1 Aspectos demogr├íficos_Informaci├│n censal.twb,DATOS_ADMIN_SM,federated.0qiz8oi1sb3cd813zi06q01yhyh5,[sag],Sag,string,dimension,nominal,,,,,,
1_1Aspectosdemogrficos_Informacincensal,DHBEvolucinTemporal,1.1 Aspectos demogr├íficos_Informaci├│n censal.twb,DATOS_ADMIN_SM,federated.0qiz8oi1sb3cd813zi06q01yhyh5,[Gráfico seleccionado (copia)_541839333440561152],p_grafico_cruces_relevantes,string,measure,nominal,,,,list,tableau,"""Barras y tabla"""
1_1Aspectosdemogrficos_Informacincensal,DHBEvolucinTemporal,1.1 Aspectos demogr├íficos_Informaci├│n censal.twb,DATOS_ADMIN_SM,federated.0qiz8oi1sb3cd813zi06q01yhyh5,[Parametro gráfico (copia)_541839334149496838],p_seccion,string,measure,nominal,,,,list,tableau,"""Situación General"""
1_1Aspectosdemogrficos_Informacincensal,DHBEvolucinTemporal,1.1 Aspectos demogr├íficos_Informaci├│n censal.twb,DATOS_ADMIN_SM,federated.0qiz8oi1sb3cd813zi06q01yhyh5,[Parámetro 1],p_grafico,string,measure,nominal,,,,list,tableau,"""Evolución temporal"""
1_1Aspectosdemogrficos_Informacincensal,DHBEvolucinTemporal,1.1 Aspectos demogr├íficos_Informaci├│n censal.twb,DATOS_ADMIN_SM,federated.0qiz8oi1sb3cd813zi06q01yhyh5,[Parámetro 2],p_tablero,string,measure,nominal,,,,list,tableau,"""1.1. Aspectos demográficos. Información censal"""
1_1Aspectosdemogrficos_Informacincensal,DHBEvolucinTemporal,1.1 Aspectos demogr├íficos_Informaci├│n censal.twb,DATOS_ADMIN_SM,federated.0qiz8oi1sb3cd813zi06q01yhyh5,[p_grafico (copia)],p_mostrar_indicadores,boolean,measure,nominal,,,,list,tableau,false
1_1Aspectosdemogrficos_Informacincensal,DHBEvolucinTemporal,1.1 Aspectos demogr├íficos_Informaci├│n censal.twb,DATOS_ADMIN_SM,federated.0qiz8oi1sb3cd813zi06q01yhyh5,[p_grafico_apertura_grupo (copia)_1886797147614048275],p_grafico_caracteristicas,string,measure,nominal,,,,list,tableau,"""Todos"""
1_1Aspectosdemogrficos_Informacincensal,DHBEvolucinTemporal,1.1 Aspectos demogr├íficos_Informaci├│n censal.twb,DATOS_ADMIN_SM,federated.0qiz8oi1sb3cd813zi06q01yhyh5,[p_mostrar_indicadores (copy)_4723009404655562774],p_ver_graficos_caracteristicas,boolean,measure,nominal,,,,list,tableau,false
1_1Aspectosdemogrficos_Informacincensal,DHBEvolucinTemporal,1.1 Aspectos demogr├íficos_Informaci├│n censal.twb,DATOS_ADMIN_SM,federated.0qiz8oi1sb3cd813zi06q01yhyh5,[p_ver_graficos_caracteristicas (copy)_54254335857623040],p_ver_graficos_cruces_relevantes,boolean,measure,nominal,,,,list,tableau,false
1_1Aspectosdemogrficos_Informacincensal,DHBEvolucinTemporal,1.1 Aspectos demogr├íficos_Informaci├│n censal.twb,DATOS_ADMIN_SM,federated.0qiz8oi1sb3cd813zi06q01yhyh5,[p_ver_graficos_cruces_relevantes (copy)_54254335887020034],p_ver_graficos_dist_territorial,boolean,measure,nominal,,,,list,tableau,false
1_1Aspectosdemogrficos_Informacincensal,DHBEvolucinTemporal,1.1 Aspectos demogr├íficos_Informaci├│n censal.twb,DATOS_ADMIN_SM,federated.0qiz8oi1sb3cd813zi06q01yhyh5,[p_ver_graficos_dist_territorial (copy)_54254335887122435],p_ver_graficos_evol_temporal,boolean,measure,nominal,,,,list,tableau,false
1_1Aspectosdemogrficos_Informacincensal,DHBEvolucinTemporal,1.1 Aspectos demogr├íficos_Informaci├│n censal.twb,DATOS_ADMIN_SM,federated.0qiz8oi1sb3cd813zi06q01yhyh5,CONFIGURACION_ID,,integer,,,,,,,,
1_1Aspectosdemogrficos_Informacincensal,DHBEvolucinTemporal,1.1 Aspectos demogr├íficos_Informaci├│n censal.twb,DATOS_ADMIN_SM,federated.0qiz8oi1sb3cd813zi06q01yhyh5,CONFIGURACION_URL_SM,,string,,,,,,,,
1_1Aspectosdemogrficos_Informacincensal,DHBEvolucinTemporal,1.1 Aspectos demogr├íficos_Informaci├│n censal.twb,DATOS_ADMIN_SM,federated.0qiz8oi1sb3cd813zi06q01yhyh5,CONFIG_URL_ADMIN_SM,,string,,,,,,,,
1_1Aspectosdemogrficos_Informacincensal,DHBEvolucinTemporal,1.1 Aspectos demogr├íficos_Informaci├│n censal.twb,DATOS_ADMIN_SM,federated.0qiz8oi1sb3cd813zi06q01yhyh5,CONFIGURACION_URL_DEFENSORIA,,string,,,,,,,,
1_1Aspectosdemogrficos_Informacincensal,DHBEvolucinTemporal,1.1 Aspectos demogr├íficos_Informaci├│n censal.twb,DATOS_ADMIN_SM,federated.0qiz8oi1sb3cd813zi06q01yhyh5,CONFIGURACION_DESCRIPCION,,string,,,,,,,,
1_1Aspectosdemogrficos_Informacincensal,DHBEvolucinTemporal,1.1 Aspectos demogr├íficos_Informaci├│n censal.twb,DATOS_ADMIN_SM,federated.0qiz8oi1sb3cd813zi06q01yhyh5,CONFIGURACION_URL_FICHA_INDICADOR,,string,,,,,,,,
1_1Aspectosdemogrficos_Informacincensal,DHBEvolucinTemporal,1.1 Aspectos demogr├íficos_Informaci├│n censal.twb,DATOS_ADMIN_SM,federated.0qiz8oi1sb3cd813zi06q01yhyh5,CONFIGURACION_URL_FICHA_TABLERO,,string,,,,,,,,
1_1Aspectosdemogrficos_Informacincensal,DHBEvolucinTemporal,1.1 Aspectos demogr├íficos_Informaci├│n censal.twb,DATOS_ADMIN_SM,federated.0qiz8oi1sb3cd813zi06q01yhyh5,CONFIGURACION_URL_DOC_TECNICO_TABLERO,,string,,,,,,,,
1_1Aspectosdemogrficos_Informacincensal,DHBEvolucinTemporal,1.1 Aspectos demogr├íficos_Informaci├│n censal.twb,DATOS_ADMIN_SM,federated.0qiz8oi1sb3cd813zi06q01yhyh5,CONFIGURACION_URL_REPORTE_TABLERO,,string,,,,,,,,
1_1Aspectosdemogrficos_Informacincensal,DHBEvolucinTemporal,1.1 Aspectos demogr├íficos_Informaci├│n censal.twb,DATOS_ADMIN_SM,federated.0qiz8oi1sb3cd813zi06q01yhyh5,CONFIGURACION_EMAIL_CONTACTO,,string,,,,,,,,
1_1Aspectosdemogrficos_Informacincensal,DHBEvolucinTemporal,1.1 Aspectos demogr├íficos_Informaci├│n censal.twb,DATOS_ADMIN_SM,federated.0qiz8oi1sb3cd813zi06q01yhyh5,CONFIGURACION_URL_DOC_METODOLOGICO,,string,,,,,,,,
1_1Aspectosdemogrficos_Informacincensal,DHBEvolucinTemporal,1.1 Aspectos demogr├íficos_Informaci├│n censal.twb,DATOS_ADMIN_SM,federated.0qiz8oi1sb3cd813zi06q01yhyh5,CONFIGURACION_URL_INSTRUCTIVO_NAV,,string,,,,,,,,
1_1Aspectosdemogrficos_Informacincensal,DHBEvolucinTemporal,1.1 Aspectos demogr├íficos_Informaci├│n censal.twb,DATOS_ADMIN_SM,federated.0qiz8oi1sb3cd813zi06q01yhyh5,TEMA_ID,,string,,,,,,,,
1_1Aspectosdemogrficos_Informacincensal,DHBEvolucinTemporal,1.1 Aspectos demogr├íficos_Informaci├│n censal.twb,DATOS_ADMIN_SM,federated.0qiz8oi1sb3cd813zi06q01yhyh5,TEMA_NOMBRE,,string,,,,,,,,
1_1Aspectosdemogrficos_Informacincensal,DHBEvolucinTemporal,1.1 Aspectos demogr├íficos_Informaci├│n censal.twb,DATOS_ADMIN_SM,federated.0qiz8oi1sb3cd813zi06q01yhyh5,TABLERO_ID,,string,,,,,,,,
1_1Aspectosdemogrficos_Informacincensal,DHBEvolucinTemporal,1.1 Aspectos demogr├íficos_Informaci├│n censal.twb,DATOS_ADMIN_SM,federated.0qiz8oi1sb3cd813zi06q01yhyh5,TABLERO_NOMBRE,,string,,,,,,,,
1_1Aspectosdemogrficos_Informacincensal,DHBEvolucinTemporal,1.1 Aspectos demogr├íficos_Informaci├│n censal.twb,DATOS_ADMIN_SM,federated.0qiz8oi1sb3cd813zi06q01yhyh5,SECCION_ID,,string,,,,,,,,
1_1Aspectosdemogrficos_Informacincensal,DHBEvolucinTemporal,1.1 Aspectos demogr├íficos_Informaci├│n censal.twb,DATOS_ADMIN_SM,federated.0qiz8oi1sb3cd813zi06q01yhyh5,SECCION_NOMBRE,,string,,,,,,,,
1_1Aspectosdemogrficos_Informacincensal,DHBEvolucinTemporal,1.1 Aspectos demogr├íficos_Informaci├│n censal.twb,DATOS_ADMIN_SM,federated.0qiz8oi1sb3cd813zi06q01yhyh5,GRUPO_INDICADOR_ID,,string,,,,,,,,
1_1Aspectosdemogrficos_Informacincensal,DHBEvolucinTemporal,1.1 Aspectos demogr├íficos_Informaci├│n censal.twb,DATOS_ADMIN_SM,federated.0qiz8oi1sb3cd813zi06q01yhyh5,GRUPO_INDICADOR_NOMBRE,,string,,,,,,,,
1_1Aspectosdemogrficos_Informacincensal,DHBEvolucinTemporal,1.1 Aspectos demogr├íficos_Informaci├│n censal.twb,DATOS_ADMIN_SM,federated.0qiz8oi1sb3cd813zi06q01yhyh5,INDICADOR_ID,,string,,,,,,,,
1_1Aspectosdemogrficos_Informacincensal,DHBEvolucinTemporal,1.1 Aspectos demogr├íficos_Informaci├│n censal.twb,DATOS_ADMIN_SM,federated.0qiz8oi1sb3cd813zi06q01yhyh5,INDICADOR_NOMBRE,,string,,,,,,,,
1_1Aspectosdemogrficos_Informacincensal,DHBEvolucinTemporal,1.1 Aspectos demogr├íficos_Informaci├│n censal.twb,DATOS_ADMIN_SM,federated.0qiz8oi1sb3cd813zi06q01yhyh5,TIPO_DE_DATO,,string,,,,,,,,
1_1Aspectosdemogrficos_Informacincensal,DHBEvolucinTemporal,1.1 Aspectos demogr├íficos_Informaci├│n censal.twb,DATOS_ADMIN_SM,federated.0qiz8oi1sb3cd813zi06q01yhyh5,ID_DATO_SM,,string,,,,,,,,
1_1Aspectosdemogrficos_Informacincensal,DHBEvolucinTemporal,1.1 Aspectos demogr├íficos_Informaci├│n censal.twb,DATOS_ADMIN_SM,federated.0qiz8oi1sb3cd813zi06q01yhyh5,DATO_DE_SISTEMA,,string,,,,,,,,
1_1Aspectosdemogrficos_Informacincensal,DHBEvolucinTemporal,1.1 Aspectos demogr├íficos_Informaci├│n censal.twb,DATOS_ADMIN_SM,federated.0qiz8oi1sb3cd813zi06q01yhyh5,ANIO,,string,,,,,,,,
1_1Aspectosdemogrficos_Informacincensal,DHBEvolucinTemporal,1.1 Aspectos demogr├íficos_Informaci├│n censal.twb,DATOS_ADMIN_SM,federated.0qiz8oi1sb3cd813zi06q01yhyh5,MES,,string,,,,,,,,
1_1Aspectosdemogrficos_Informacincensal,DHBEvolucinTemporal,1.1 Aspectos demogr├íficos_Informaci├│n censal.twb,DATOS_ADMIN_SM,federated.0qiz8oi1sb3cd813zi06q01yhyh5,UNIDAD_GEOGRAFICA_CODIGO,,string,,,,,,,,
1_1Aspectosdemogrficos_Informacincensal,DHBEvolucinTemporal,1.1 Aspectos demogr├íficos_Informaci├│n censal.twb,DATOS_ADMIN_SM,federated.0qiz8oi1sb3cd813zi06q01yhyh5,UNIDAD_GEOGRAFICA_NOMBRE,,string,,,,,,,,
1_1Aspectosdemogrficos_Informacincensal,DHBEvolucinTemporal,1.1 Aspectos demogr├íficos_Informaci├│n censal.twb,DATOS_ADMIN_SM,federated.0qiz8oi1sb3cd813zi06q01yhyh5,SUB_UNIDAD_GEOGRAFICA,,string,,,,,,,,
1_1Aspectosdemogrficos_Informacincensal,DHBEvolucinTemporal,1.1 Aspectos demogr├íficos_Informaci├│n censal.twb,DATOS_ADMIN_SM,federated.0qiz8oi1sb3cd813zi06q01yhyh5,APERTURA_DESCRIPCION,,string,,,,,,,,
1_1Aspectosdemogrficos_Informacincensal,DHBEvolucinTemporal,1.1 Aspectos demogr├íficos_Informaci├│n censal.twb,DATOS_ADMIN_SM,federated.0qiz8oi1sb3cd813zi06q01yhyh5,APERTURA_NIVEL_1,,string,,,,,,,,
1_1Aspectosdemogrficos_Informacincensal,DHBEvolucinTemporal,1.1 Aspectos demogr├íficos_Informaci├│n censal.twb,DATOS_ADMIN_SM,federated.0qiz8oi1sb3cd813zi06q01yhyh5,MODALIDAD_APERTURA_NIVEL_1,,string,,,,,,,,
1_1Aspectosdemogrficos_Informacincensal,DHBEvolucinTemporal,1.1 Aspectos demogr├íficos_Informaci├│n censal.twb,DATOS_ADMIN_SM,federated.0qiz8oi1sb3cd813zi06q01yhyh5,APERTURA_NIVEL_2,,string,,,,,,,,
1_1Aspectosdemogrficos_Informacincensal,DHBEvolucinTemporal,1.1 Aspectos demogr├íficos_Informaci├│n censal.twb,DATOS_ADMIN_SM,federated.0qiz8oi1sb3cd813zi06q01yhyh5,MODALIDAD_APERTURA_NIVEL_2,,string,,,,,,,,
1_1Aspectosdemogrficos_Informacincensal,DHBEvolucinTemporal,1.1 Aspectos demogr├íficos_Informaci├│n censal.twb,DATOS_ADMIN_SM,federated.0qiz8oi1sb3cd813zi06q01yhyh5,VALOR,,string,,,,,,,,
1_1Aspectosdemogrficos_Informacincensal,DHBEvolucinTemporal,1.1 Aspectos demogr├íficos_Informaci├│n censal.twb,DATOS_ADMIN_SM,federated.0qiz8oi1sb3cd813zi06q01yhyh5,VALOR_AUXILIAR,,string,,,,,,,,
1_1Aspectosdemogrficos_Informacincensal,DHBEvolucinTemporal,1.1 Aspectos demogr├íficos_Informaci├│n censal.twb,DATOS_ADMIN_SM,federated.0qiz8oi1sb3cd813zi06q01yhyh5,GRUPO_INDICADOR_ID,,string,,,,,,,,
1_1Aspectosdemogrficos_Informacincensal,DHBEvolucinTemporal,1.1 Aspectos demogr├íficos_Informaci├│n censal.twb,DATOS_ADMIN_SM,federated.0qiz8oi1sb3cd813zi06q01yhyh5,GRUPO_INDICADOR_CODIGO,,string,,,,,,,,
1_1Aspectosdemogrficos_Informacincensal,DHBEvolucinTemporal,1.1 Aspectos demogr├íficos_Informaci├│n censal.twb,DATOS_ADMIN_SM,federated.0qiz8oi1sb3cd813zi06q01yhyh5,GRUPO_INDICADOR_NOMBRE,,string,,,,,,,,
1_1Aspectosdemogrficos_Informacincensal,DHBEvolucinTemporal,1.1 Aspectos demogr├íficos_Informaci├│n censal.twb,DATOS_ADMIN_SM,federated.0qiz8oi1sb3cd813zi06q01yhyh5,GRUPO_INDICADOR_ORDEN,,string,,,,,,,,
1_1Aspectosdemogrficos_Informacincensal,DHBEvolucinTemporal,1.1 Aspectos demogr├íficos_Informaci├│n censal.twb,DATOS_ADMIN_SM,federated.0qiz8oi1sb3cd813zi06q01yhyh5,GRUPO_INDICADOR_FUENTES,,string,,,,,,,,
1_1Aspectosdemogrficos_Informacincensal,DHBEvolucinTemporal,1.1 Aspectos demogr├íficos_Informaci├│n censal.twb,DATOS_ADMIN_SM,federated.0qiz8oi1sb3cd813zi06q01yhyh5,GRUPO_INDICADOR_DEFINICION,,string,,,,,,,,
1_1Aspectosdemogrficos_Informacincensal,DHBEvolucinTemporal,1.1 Aspectos demogr├íficos_Informaci├│n censal.twb,DATOS_ADMIN_SM,federated.0qiz8oi1sb3cd813zi06q01yhyh5,GRUPO_INDICADOR_DESC_METODOLOGICA,,string,,,,,,,,
1_1Aspectosdemogrficos_Informacincensal,DHBEvolucinTemporal,1.1 Aspectos demogr├íficos_Informaci├│n censal.twb,DATOS_ADMIN_SM,federated.0qiz8oi1sb3cd813zi06q01yhyh5,INDICADOR_ID,,string,,,,,,,,
1_1Aspectosdemogrficos_Informacincensal,DHBEvolucinTemporal,1.1 Aspectos demogr├íficos_Informaci├│n censal.twb,DATOS_ADMIN_SM,federated.0qiz8oi1sb3cd813zi06q01yhyh5,INDICADOR_CODIGO,,string,,,,,,,,
1_1Aspectosdemogrficos_Informacincensal,DHBEvolucinTemporal,1.1 Aspectos demogr├íficos_Informaci├│n censal.twb,DATOS_ADMIN_SM,federated.0qiz8oi1sb3cd813zi06q01yhyh5,INDICADOR_NOMBRE,,string,,,,,,,,
1_1Aspectosdemogrficos_Informacincensal,DHBEvolucinTemporal,1.1 Aspectos demogr├íficos_Informaci├│n censal.twb,DATOS_ADMIN_SM,federated.0qiz8oi1sb3cd813zi06q01yhyh5,INDICADOR_ORDEN,,string,,,,,,,,
1_1Aspectosdemogrficos_Informacincensal,DHBEvolucinTemporal,1.1 Aspectos demogr├íficos_Informaci├│n censal.twb,DATOS_ADMIN_SM,federated.0qiz8oi1sb3cd813zi06q01yhyh5,INDICADOR_UNIDAD_MEDIDA_NOMBRE,,string,,,,,,,,
1_1Aspectosdemogrficos_Informacincensal,DHBEvolucinTemporal,1.1 Aspectos demogr├íficos_Informaci├│n censal.twb,DATOS_ADMIN_SM,federated.0qiz8oi1sb3cd813zi06q01yhyh5,INDICADOR_UNIDAD_MEDIDA_CODIGO,,string,,,,,,,,
1_1Aspectosdemogrficos_Informacincensal,DHBEvolucinTemporal,1.1 Aspectos demogr├íficos_Informaci├│n censal.twb,DATOS_ADMIN_SM,federated.0qiz8oi1sb3cd813zi06q01yhyh5,INDICADOR_UNIDAD_MEDIDA_DESCRIPCION,,string,,,,,,,,
1_1Aspectosdemogrficos_Informacincensal,DHBEvolucinTemporal,1.1 Aspectos demogr├íficos_Informaci├│n censal.twb,DATOS_ADMIN_SM,federated.0qiz8oi1sb3cd813zi06q01yhyh5,INDICADOR_FORMULA,,string,,,,,,,,
1_1Aspectosdemogrficos_Informacincensal,DHBEvolucinTemporal,1.1 Aspectos demogr├íficos_Informaci├│n censal.twb,DATOS_ADMIN_SM,federated.0qiz8oi1sb3cd813zi06q01yhyh5,INDICADOR_DEFINICION,,string,,,,,,,,
1_1Aspectosdemogrficos_Informacincensal,DHBEvolucinTemporal,1.1 Aspectos demogr├íficos_Informaci├│n censal.twb,DATOS_ADMIN_SM,federated.0qiz8oi1sb3cd813zi06q01yhyh5,INDICADOR_DESC_METODOLOGICA,,string,,,,,,,,
1_1Aspectosdemogrficos_Informacincensal,DHBEvolucinTemporal,1.1 Aspectos demogr├íficos_Informaci├│n censal.twb,DATOS_ADMIN_SM,federated.0qiz8oi1sb3cd813zi06q01yhyh5,INDICADOR_DE_SISTEMA,,string,,,,,,,,
1_1Aspectosdemogrficos_Informacincensal,DHBEvolucinTemporal,1.1 Aspectos demogr├íficos_Informaci├│n censal.twb,DATOS_ADMIN_SM,federated.0qiz8oi1sb3cd813zi06q01yhyh5,TABLERO_ID,,string,,,,,,,,
1_1Aspectosdemogrficos_Informacincensal,DHBEvolucinTemporal,1.1 Aspectos demogr├íficos_Informaci├│n censal.twb,DATOS_ADMIN_SM,federated.0qiz8oi1sb3cd813zi06q01yhyh5,TABLERO_NOMBRE,,string,,,,,,,,
1_1Aspectosdemogrficos_Informacincensal,DHBEvolucinTemporal,1.1 Aspectos demogr├íficos_Informaci├│n censal.twb,DATOS_ADMIN_SM,federated.0qiz8oi1sb3cd813zi06q01yhyh5,TABLERO_DESCRIPCION,,string,,,,,,,,
1_1Aspectosdemogrficos_Informacincensal,DHBEvolucinTemporal,1.1 Aspectos demogr├íficos_Informaci├│n censal.twb,DATOS_ADMIN_SM,federated.0qiz8oi1sb3cd813zi06q01yhyh5,TABLERO_DERECHOS_ASOCIADOS,,string,,,,,,,,
1_1Aspectosdemogrficos_Informacincensal,DHBEvolucinTemporal,1.1 Aspectos demogr├íficos_Informaci├│n censal.twb,DATOS_ADMIN_SM,federated.0qiz8oi1sb3cd813zi06q01yhyh5,TABLERO_FECHA_ULT_CARGA_DATOS,,datetime,,,,,,,,
1_1Aspectosdemogrficos_Informacincensal,DHBEvolucinTemporal,1.1 Aspectos demogr├íficos_Informaci├│n censal.twb,DATOS_ADMIN_SM,federated.0qiz8oi1sb3cd813zi06q01yhyh5,TABLERO_CONFIGURACION_ID,,string,,,,,,,,
1_1Aspectosdemogrficos_Informacincensal,DHBEvolucinTemporal,1.1 Aspectos demogr├íficos_Informaci├│n censal.twb,DATOS_ADMIN_SM,federated.0qiz8oi1sb3cd813zi06q01yhyh5,TABLERO_DE_SISTEMA,,string,,,,,,,,
1_1Aspectosdemogrficos_Informacincensal,DHBEvolucinTemporal,1.1 Aspectos demogr├íficos_Informaci├│n censal.twb,DATOS_ADMIN_SM,federated.0qiz8oi1sb3cd813zi06q01yhyh5,TEMA_ID,,string,,,,,,,,
1_1Aspectosdemogrficos_Informacincensal,DHBEvolucinTemporal,1.1 Aspectos demogr├íficos_Informaci├│n censal.twb,DATOS_ADMIN_SM,federated.0qiz8oi1sb3cd813zi06q01yhyh5,TEMA_NOMBRE,,string,,,,,,,,
1_1Aspectosdemogrficos_Informacincensal,DHBEvolucinTemporal,1.1 Aspectos demogr├íficos_Informaci├│n censal.twb,DATOS_ADMIN_SM,federated.0qiz8oi1sb3cd813zi06q01yhyh5,TEMA_DESCRIPCION,,string,,,,,,,,
1_1Aspectosdemogrficos_Informacincensal,DHBEvolucinTemporal,1.1 Aspectos demogr├íficos_Informaci├│n censal.twb,DATOS_ADMIN_SM,federated.0qiz8oi1sb3cd813zi06q01yhyh5,TEMA_DE_SISTEMA,,string,,,,,,,,
1_1Aspectosdemogrficos_Informacincensal,DHBEvolucinTemporal,1.1 Aspectos demogr├íficos_Informaci├│n censal.twb,DATOS_ADMIN_SM,federated.0qiz8oi1sb3cd813zi06q01yhyh5,gid,,integer,,,,,,,,
1_1Aspectosdemogrficos_Informacincensal,DHBEvolucinTemporal,1.1 Aspectos demogr├íficos_Informaci├│n censal.twb,DATOS_ADMIN_SM,federated.0qiz8oi1sb3cd813zi06q01yhyh5,entidad,,integer,,,,,,,,
1_1Aspectosdemogrficos_Informacincensal,DHBEvolucinTemporal,1.1 Aspectos demogr├íficos_Informaci├│n censal.twb,DATOS_ADMIN_SM,federated.0qiz8oi1sb3cd813zi06q01yhyh5,objeto,,string,,,,,,,,
1_1Aspectosdemogrficos_Informacincensal,DHBEvolucinTemporal,1.1 Aspectos demogr├íficos_Informaci├│n censal.twb,DATOS_ADMIN_SM,federated.0qiz8oi1sb3cd813zi06q01yhyh5,fna,,string,,,,,,,,
1_1Aspectosdemogrficos_Informacincensal,DHBEvolucinTemporal,1.1 Aspectos demogr├íficos_Informaci├│n censal.twb,DATOS_ADMIN_SM,federated.0qiz8oi1sb3cd813zi06q01yhyh5,gna,,string,,,,,,,,
1_1Aspectosdemogrficos_Informacincensal,DHBEvolucinTemporal,1.1 Aspectos demogr├íficos_Informaci├│n censal.twb,DATOS_ADMIN_SM,federated.0qiz8oi1sb3cd813zi06q01yhyh5,nam,,string,,,,,,,,
1_1Aspectosdemogrficos_Informacincensal,DHBEvolucinTemporal,1.1 Aspectos demogr├íficos_Informaci├│n censal.twb,DATOS_ADMIN_SM,federated.0qiz8oi1sb3cd813zi06q01yhyh5,in1,,string,,,,,,,,
1_1Aspectosdemogrficos_Informacincensal,DHBEvolucinTemporal,1.1 Aspectos demogr├íficos_Informaci├│n censal.twb,DATOS_ADMIN_SM,federated.0qiz8oi1sb3cd813zi06q01yhyh5,fdc,,string,,,,,,,,
1_1Aspectosdemogrficos_Informacincensal,DHBEvolucinTemporal,1.1 Aspectos demogr├íficos_Informaci├│n censal.twb,DATOS_ADMIN_SM,federated.0qiz8oi1sb3cd813zi06q01yhyh5,sag,,string,,,,,,,,
1_1Aspectosdemogrficos_Informacincensal,DHBEvolucinTemporal,1.1 Aspectos demogr├íficos_Informaci├│n censal.twb,DATOS_ADMIN_SM,federated.0qiz8oi1sb3cd813zi06q01yhyh5,Geometry,,spatial,,,,,,,,
2_1aTasasdepobreza,DHBEvolucinTemporal,2.1a Tasas de pobreza.twb,Parameters,Parameters,[Gráfico seleccionado (copia)_541839333440561152],p_grafico_cruces_relevantes,string,measure,nominal,,,,list,tableau,"""Barras y tabla"""
2_1aTasasdepobreza,DHBEvolucinTemporal,2.1a Tasas de pobreza.twb,Parameters,Parameters,[Parametro gráfico (copia)_541839334149496838],p_seccion,string,measure,nominal,,,,list,tableau,"""Situación General"""
2_1aTasasdepobreza,DHBEvolucinTemporal,2.1a Tasas de pobreza.twb,Parameters,Parameters,[Parámetro 1],p_grafico,string,measure,nominal,,,,list,tableau,"""Evolución temporal"""
2_1aTasasdepobreza,DHBEvolucinTemporal,2.1a Tasas de pobreza.twb,Parameters,Parameters,[Parámetro 2],p_tablero,string,measure,nominal,,,,list,tableau,"""2.1a. Pobreza monetaria. Tasa de pobreza e indigencia"""
2_1aTasasdepobreza,DHBEvolucinTemporal,2.1a Tasas de pobreza.twb,Parameters,Parameters,[Parámetro 3],p_codigo_indicador,string,measure,nominal,,,,any,tableau,""""""
2_1aTasasdepobreza,DHBEvolucinTemporal,2.1a Tasas de pobreza.twb,Parameters,Parameters,[p_grafico (copia)],p_mostrar_indicadores,boolean,measure,nominal,,,,list,tableau,false
2_1aTasasdepobreza,DHBEvolucinTemporal,2.1a Tasas de pobreza.twb,Parameters,Parameters,[p_grafico_apertura_grupo (copia)_1886797147614048275],p_grafico_caracteristicas,string,measure,nominal,,,,list,tableau,"""Todos"""
2_1aTasasdepobreza,DHBEvolucinTemporal,2.1a Tasas de pobreza.twb,Parameters,Parameters,[p_mostrar_indicadores (copy)_4723009404655562774],p_ver_graficos_caracteristicas,boolean,measure,nominal,,,,list,tableau,false
2_1aTasasdepobreza,DHBEvolucinTemporal,2.1a Tasas de pobreza.twb,Parameters,Parameters,[p_ver_graficos_caracteristicas (copy)_54254335857623040],p_ver_graficos_cruces_relevantes,boolean,measure,nominal,,,,list,tableau,false
2_1aTasasdepobreza,DHBEvolucinTemporal,2.1a Tasas de pobreza.twb,Parameters,Parameters,[p_ver_graficos_cruces_relevantes (copy)_54254335887020034],p_ver_graficos_dist_territorial,boolean,measure,nominal,,,,list,tableau,false
2_1aTasasdepobreza,DHBEvolucinTemporal,2.1a Tasas de pobreza.twb,Parameters,Parameters,[p_ver_graficos_dist_territorial (copy)_54254335887122435],p_ver_graficos_evol_temporal,boolean,measure,nominal,,,,list,tableau,false
2_1aTasasdepobreza,DHBEvolucinTemporal,2.1a Tasas de pobreza.twb,DATOS_ADMIN_SM,federated.0qiz8oi1sb3cd813zi06q01yhyh5,TEMA_ID,,string,,,,,,,,
2_1aTasasdepobreza,DHBEvolucinTemporal,2.1a Tasas de pobreza.twb,DATOS_ADMIN_SM,federated.0qiz8oi1sb3cd813zi06q01yhyh5,TEMA_NOMBRE,,string,,,,,,,,
2_1aTasasdepobreza,DHBEvolucinTemporal,2.1a Tasas de pobreza.twb,DATOS_ADMIN_SM,federated.0qiz8oi1sb3cd813zi06q01yhyh5,TABLERO_ID,,string,,,,,,,,
2_1aTasasdepobreza,DHBEvolucinTemporal,2.1a Tasas de pobreza.twb,DATOS_ADMIN_SM,federated.0qiz8oi1sb3cd813zi06q01yhyh5,TABLERO_NOMBRE,,string,,,,,,,,
2_1aTasasdepobreza,DHBEvolucinTemporal,2.1a Tasas de pobreza.twb,DATOS_ADMIN_SM,federated.0qiz8oi1sb3cd813zi06q01yhyh5,SECCION_ID,,string,,,,,,,,
2_1aTasasdepobreza,DHBEvolucinTemporal,2.1a Tasas de pobreza.twb,DATOS_ADMIN_SM,federated.0qiz8oi1sb3cd813zi06q01yhyh5,SECCION_NOMBRE,,string,,,,,,,,
2_1aTasasdepobreza,DHBEvolucinTemporal,2.1a Tasas de pobreza.twb,DATOS_ADMIN_SM,federated.0qiz8oi1sb3cd813zi06q01yhyh5,GRUPO_INDICADOR_ID,,string,,,,,,,,
2_1aTasasdepobreza,DHBEvolucinTemporal,2.1a Tasas de pobreza.twb,DATOS_ADMIN_SM,federated.0qiz8oi1sb3cd813zi06q01yhyh5,GRUPO_INDICADOR_NOMBRE,,string,,,,,,,,
2_1aTasasdepobreza,DHBEvolucinTemporal,2.1a Tasas de pobreza.twb,DATOS_ADMIN_SM,federated.0qiz8oi1sb3cd813zi06q01yhyh5,INDICADOR_ID,,string,,,,,,,,
2_1aTasasdepobreza,DHBEvolucinTemporal,2.1a Tasas de pobreza.twb,DATOS_ADMIN_SM,federated.0qiz8oi1sb3cd813zi06q01yhyh5,INDICADOR_NOMBRE,,string,,,,,,,,
2_1aTasasdepobreza,DHBEvolucinTemporal,2.1a Tasas de pobreza.twb,DATOS_ADMIN_SM,federated.0qiz8oi1sb3cd813zi06q01yhyh5,TIPO_DE_DATO,,string,,,,,,,,
2_1aTasasdepobreza,DHBEvolucinTemporal,2.1a Tasas de pobreza.twb,DATOS_ADMIN_SM,federated.0qiz8oi1sb3cd813zi06q01yhyh5,ID_DATO_SM,,string,,,,,,,,
2_1aTasasdepobreza,DHBEvolucinTemporal,2.1a Tasas de pobreza.twb,DATOS_ADMIN_SM,federated.0qiz8oi1sb3cd813zi06q01yhyh5,DATO_DE_SISTEMA,,string,,,,,,,,
2_1aTasasdepobreza,DHBEvolucinTemporal,2.1a Tasas de pobreza.twb,DATOS_ADMIN_SM,federated.0qiz8oi1sb3cd813zi06q01yhyh5,ANIO,,string,,,,,,,,
2_1aTasasdepobreza,DHBEvolucinTemporal,2.1a Tasas de pobreza.twb,DATOS_ADMIN_SM,federated.0qiz8oi1sb3cd813zi06q01yhyh5,MES,,string,,,,,,,,
2_1aTasasdepobreza,DHBEvolucinTemporal,2.1a Tasas de pobreza.twb,DATOS_ADMIN_SM,federated.0qiz8oi1sb3cd813zi06q01yhyh5,UNIDAD_GEOGRAFICA_CODIGO,,string,,,,,,,,
2_1aTasasdepobreza,DHBEvolucinTemporal,2.1a Tasas de pobreza.twb,DATOS_ADMIN_SM,federated.0qiz8oi1sb3cd813zi06q01yhyh5,UNIDAD_GEOGRAFICA_NOMBRE,,string,,,,,,,,
2_1aTasasdepobreza,DHBEvolucinTemporal,2.1a Tasas de pobreza.twb,DATOS_ADMIN_SM,federated.0qiz8oi1sb3cd813zi06q01yhyh5,SUB_UNIDAD_GEOGRAFICA,,string,,,,,,,,
2_1aTasasdepobreza,DHBEvolucinTemporal,2.1a Tasas de pobreza.twb,DATOS_ADMIN_SM,federated.0qiz8oi1sb3cd813zi06q01yhyh5,APERTURA_DESCRIPCION,,string,,,,,,,,
2_1aTasasdepobreza,DHBEvolucinTemporal,2.1a Tasas de pobreza.twb,DATOS_ADMIN_SM,federated.0qiz8oi1sb3cd813zi06q01yhyh5,APERTURA_NIVEL_1,,string,,,,,,,,
2_1aTasasdepobreza,DHBEvolucinTemporal,2.1a Tasas de pobreza.twb,DATOS_ADMIN_SM,federated.0qiz8oi1sb3cd813zi06q01yhyh5,MODALIDAD_APERTURA_NIVEL_1,,string,,,,,,,,
2_1aTasasdepobreza,DHBEvolucinTemporal,2.1a Tasas de pobreza.twb,DATOS_ADMIN_SM,federated.0qiz8oi1sb3cd813zi06q01yhyh5,APERTURA_NIVEL_2,,string,,,,,,,,
2_1aTasasdepobreza,DHBEvolucinTemporal,2.1a Tasas de pobreza.twb,DATOS_ADMIN_SM,federated.0qiz8oi1sb3cd813zi06q01yhyh5,MODALIDAD_APERTURA_NIVEL_2,,string,,,,,,,,
2_1aTasasdepobreza,DHBEvolucinTemporal,2.1a Tasas de pobreza.twb,DATOS_ADMIN_SM,federated.0qiz8oi1sb3cd813zi06q01yhyh5,VALOR,,string,,,,,,,,
2_1aTasasdepobreza,DHBEvolucinTemporal,2.1a Tasas de pobreza.twb,DATOS_ADMIN_SM,federated.0qiz8oi1sb3cd813zi06q01yhyh5,VALOR_AUXILIAR,,string,,,,,,,,
2_1aTasasdepobreza,DHBEvolucinTemporal,2.1a Tasas de pobreza.twb,DATOS_ADMIN_SM,federated.0qiz8oi1sb3cd813zi06q01yhyh5,GRUPO_INDICADOR_ID,,string,,,,,,,,
2_1aTasasdepobreza,DHBEvolucinTemporal,2.1a Tasas de pobreza.twb,DATOS_ADMIN_SM,federated.0qiz8oi1sb3cd813zi06q01yhyh5,GRUPO_INDICADOR_CODIGO,,string,,,,,,,,
2_1aTasasdepobreza,DHBEvolucinTemporal,2.1a Tasas de pobreza.twb,DATOS_ADMIN_SM,federated.0qiz8oi1sb3cd813zi06q01yhyh5,GRUPO_INDICADOR_NOMBRE,,string,,,,,,,,
2_1aTasasdepobreza,DHBEvolucinTemporal,2.1a Tasas de pobreza.twb,DATOS_ADMIN_SM,federated.0qiz8oi1sb3cd813zi06q01yhyh5,GRUPO_INDICADOR_ORDEN,,string,,,,,,,,
2_1aTasasdepobreza,DHBEvolucinTemporal,2.1a Tasas de pobreza.twb,DATOS_ADMIN_SM,federated.0qiz8oi1sb3cd813zi06q01yhyh5,GRUPO_INDICADOR_FUENTES,,string,,,,,,,,
2_1aTasasdepobreza,DHBEvolucinTemporal,2.1a Tasas de pobreza.twb,DATOS_ADMIN_SM,federated.0qiz8oi1sb3cd813zi06q01yhyh5,GRUPO_INDICADOR_DEFINICION,,string,,,,,,,,
2_1aTasasdepobreza,DHBEvolucinTemporal,2.1a Tasas de pobreza.twb,DATOS_ADMIN_SM,federated.0qiz8oi1sb3cd813zi06q01yhyh5,GRUPO_INDICADOR_DESC_METODOLOGICA,,string,,,,,,,,
2_1aTasasdepobreza,DHBEvolucinTemporal,2.1a Tasas de pobreza.twb,DATOS_ADMIN_SM,federated.0qiz8oi1sb3cd813zi06q01yhyh5,INDICADOR_ID,,string,,,,,,,,
2_1aTasasdepobreza,DHBEvolucinTemporal,2.1a Tasas de pobreza.twb,DATOS_ADMIN_SM,federated.0qiz8oi1sb3cd813zi06q01yhyh5,INDICADOR_CODIGO,,string,,,,,,,,
2_1aTasasdepobreza,DHBEvolucinTemporal,2.1a Tasas de pobreza.twb,DATOS_ADMIN_SM,federated.0qiz8oi1sb3cd813zi06q01yhyh5,INDICADOR_NOMBRE,,string,,,,,,,,
2_1aTasasdepobreza,DHBEvolucinTemporal,2.1a Tasas de pobreza.twb,DATOS_ADMIN_SM,federated.0qiz8oi1sb3cd813zi06q01yhyh5,INDICADOR_ORDEN,,string,,,,,,,,
2_1aTasasdepobreza,DHBEvolucinTemporal,2.1a Tasas de pobreza.twb,DATOS_ADMIN_SM,federated.0qiz8oi1sb3cd813zi06q01yhyh5,INDICADOR_UNIDAD_MEDIDA_NOMBRE,,string,,,,,,,,
2_1aTasasdepobreza,DHBEvolucinTemporal,2.1a Tasas de pobreza.twb,DATOS_ADMIN_SM,federated.0qiz8oi1sb3cd813zi06q01yhyh5,INDICADOR_UNIDAD_MEDIDA_CODIGO,,string,,,,,,,,
2_1aTasasdepobreza,DHBEvolucinTemporal,2.1a Tasas de pobreza.twb,DATOS_ADMIN_SM,federated.0qiz8oi1sb3cd813zi06q01yhyh5,INDICADOR_UNIDAD_MEDIDA_DESCRIPCION,,string,,,,,,,,
2_1aTasasdepobreza,DHBEvolucinTemporal,2.1a Tasas de pobreza.twb,DATOS_ADMIN_SM,federated.0qiz8oi1sb3cd813zi06q01yhyh5,INDICADOR_FORMULA,,string,,,,,,,,
2_1aTasasdepobreza,DHBEvolucinTemporal,2.1a Tasas de pobreza.twb,DATOS_ADMIN_SM,federated.0qiz8oi1sb3cd813zi06q01yhyh5,INDICADOR_DEFINICION,,string,,,,,,,,
2_1aTasasdepobreza,DHBEvolucinTemporal,2.1a Tasas de pobreza.twb,DATOS_ADMIN_SM,federated.0qiz8oi1sb3cd813zi06q01yhyh5,INDICADOR_DESC_METODOLOGICA,,string,,,,,,,,
2_1aTasasdepobreza,DHBEvolucinTemporal,2.1a Tasas de pobreza.twb,DATOS_ADMIN_SM,federated.0qiz8oi1sb3cd813zi06q01yhyh5,INDICADOR_DE_SISTEMA,,string,,,,,,,,
2_1aTasasdepobreza,DHBEvolucinTemporal,2.1a Tasas de pobreza.twb,DATOS_ADMIN_SM,federated.0qiz8oi1sb3cd813zi06q01yhyh5,TABLERO_ID,,string,,,,,,,,
2_1aTasasdepobreza,DHBEvolucinTemporal,2.1a Tasas de pobreza.twb,DATOS_ADMIN_SM,federated.0qiz8oi1sb3cd813zi06q01yhyh5,TABLERO_NOMBRE,,string,,,,,,,,
2_1aTasasdepobreza,DHBEvolucinTemporal,2.1a Tasas de pobreza.twb,DATOS_ADMIN_SM,federated.0qiz8oi1sb3cd813zi06q01yhyh5,TABLERO_DESCRIPCION,,string,,,,,,,,
2_1aTasasdepobreza,DHBEvolucinTemporal,2.1a Tasas de pobreza.twb,DATOS_ADMIN_SM,federated.0qiz8oi1sb3cd813zi06q01yhyh5,TABLERO_DERECHOS_ASOCIADOS,,string,,,,,,,,
2_1aTasasdepobreza,DHBEvolucinTemporal,2.1a Tasas de pobreza.twb,DATOS_ADMIN_SM,federated.0qiz8oi1sb3cd813zi06q01yhyh5,TABLERO_FECHA_ULT_CARGA_DATOS,,datetime,,,,,,,,
2_1aTasasdepobreza,DHBEvolucinTemporal,2.1a Tasas de pobreza.twb,DATOS_ADMIN_SM,federated.0qiz8oi1sb3cd813zi06q01yhyh5,TABLERO_CONFIGURACION_ID,,string,,,,,,,,
2_1aTasasdepobreza,DHBEvolucinTemporal,2.1a Tasas de pobreza.twb,DATOS_ADMIN_SM,federated.0qiz8oi1sb3cd813zi06q01yhyh5,TABLERO_DE_SISTEMA,,string,,,,,,,,
2_1aTasasdepobreza,DHBEvolucinTemporal,2.1a Tasas de pobreza.twb,DATOS_ADMIN_SM,federated.0qiz8oi1sb3cd813zi06q01yhyh5,CONFIGURACION_ID,,integer,,,,,,,,
2_1aTasasdepobreza,DHBEvolucinTemporal,2.1a Tasas de pobreza.twb,DATOS_ADMIN_SM,federated.0qiz8oi1sb3cd813zi06q01yhyh5,CONFIGURACION_URL_SM,,string,,,,,,,,
2_1aTasasdepobreza,DHBEvolucinTemporal,2.1a Tasas de pobreza.twb,DATOS_ADMIN_SM,federated.0qiz8oi1sb3cd813zi06q01yhyh5,CONFIG_URL_ADMIN_SM,,string,,,,,,,,
2_1aTasasdepobreza,DHBEvolucinTemporal,2.1a Tasas de pobreza.twb,DATOS_ADMIN_SM,federated.0qiz8oi1sb3cd813zi06q01yhyh5,CONFIGURACION_URL_DEFENSORIA,,string,,,,,,,,
2_1aTasasdepobreza,DHBEvolucinTemporal,2.1a Tasas de pobreza.twb,DATOS_ADMIN_SM,federated.0qiz8oi1sb3cd813zi06q01yhyh5,CONFIGURACION_DESCRIPCION,,string,,,,,,,,
2_1aTasasdepobreza,DHBEvolucinTemporal,2.1a Tasas de pobreza.twb,DATOS_ADMIN_SM,federated.0qiz8oi1sb3cd813zi06q01yhyh5,CONFIGURACION_URL_FICHA_INDICADOR,,string,,,,,,,,
2_1aTasasdepobreza,DHBEvolucinTemporal,2.1a Tasas de pobreza.twb,DATOS_ADMIN_SM,federated.0qiz8oi1sb3cd813zi06q01yhyh5,CONFIGURACION_URL_FICHA_TABLERO,,string,,,,,,,,
2_1aTasasdepobreza,DHBEvolucinTemporal,2.1a Tasas de pobreza.twb,DATOS_ADMIN_SM,federated.0qiz8oi1sb3cd813zi06q01yhyh5,CONFIGURACION_URL_DOC_TECNICO_TABLERO,,string,,,,,,,,
2_1aTasasdepobreza,DHBEvolucinTemporal,2.1a Tasas de pobreza.twb,DATOS_ADMIN_SM,federated.0qiz8oi1sb3cd813zi06q01yhyh5,CONFIGURACION_URL_REPORTE_TABLERO,,string,,,,,,,,
2_1aTasasdepobreza,DHBEvolucinTemporal,2.1a Tasas de pobreza.twb,DATOS_ADMIN_SM,federated.0qiz8oi1sb3cd813zi06q01yhyh5,CONFIGURACION_EMAIL_CONTACTO,,string,,,,,,,,
2_1aTasasdepobreza,DHBEvolucinTemporal,2.1a Tasas de pobreza.twb,DATOS_ADMIN_SM,federated.0qiz8oi1sb3cd813zi06q01yhyh5,CONFIGURACION_URL_DOC_METODOLOGICO,,string,,,,,,,,
2_1aTasasdepobreza,DHBEvolucinTemporal,2.1a Tasas de pobreza.twb,DATOS_ADMIN_SM,federated.0qiz8oi1sb3cd813zi06q01yhyh5,CONFIGURACION_URL_INSTRUCTIVO_NAV,,string,,,,,,,,
2_1aTasasdepobreza,DHBEvolucinTemporal,2.1a Tasas de pobreza.twb,DATOS_ADMIN_SM,federated.0qiz8oi1sb3cd813zi06q01yhyh5,TEMA_ID,,string,,,,,,,,
2_1aTasasdepobreza,DHBEvolucinTemporal,2.1a Tasas de pobreza.twb,DATOS_ADMIN_SM,federated.0qiz8oi1sb3cd813zi06q01yhyh5,TEMA_NOMBRE,,string,,,,,,,,
2_1aTasasdepobreza,DHBEvolucinTemporal,2.1a Tasas de pobreza.twb,DATOS_ADMIN_SM,federated.0qiz8oi1sb3cd813zi06q01yhyh5,TEMA_DESCRIPCION,,string,,,,,,,,
2_1aTasasdepobreza,DHBEvolucinTemporal,2.1a Tasas de pobreza.twb,DATOS_ADMIN_SM,federated.0qiz8oi1sb3cd813zi06q01yhyh5,TEMA_DE_SISTEMA,,string,,,,,,,,
2_1aTasasdepobreza,DHBEvolucinTemporal,2.1a Tasas de pobreza.twb,DATOS_ADMIN_SM,federated.0qiz8oi1sb3cd813zi06q01yhyh5,gid,,integer,,,,,,,,
2_1aTasasdepobreza,DHBEvolucinTemporal,2.1a Tasas de pobreza.twb,DATOS_ADMIN_SM,federated.0qiz8oi1sb3cd813zi06q01yhyh5,entidad,,integer,,,,,,,,
2_1aTasasdepobreza,DHBEvolucinTemporal,2.1a Tasas de pobreza.twb,DATOS_ADMIN_SM,federated.0qiz8oi1sb3cd813zi06q01yhyh5,objeto,,string,,,,,,,,
2_1aTasasdepobreza,DHBEvolucinTemporal,2.1a Tasas de pobreza.twb,DATOS_ADMIN_SM,federated.0qiz8oi1sb3cd813zi06q01yhyh5,fna,,string,,,,,,,,
2_1aTasasdepobreza,DHBEvolucinTemporal,2.1a Tasas de pobreza.twb,DATOS_ADMIN_SM,federated.0qiz8oi1sb3cd813zi06q01yhyh5,gna,,string,,,,,,,,
2_1aTasasdepobreza,DHBEvolucinTemporal,2.1a Tasas de pobreza.twb,DATOS_ADMIN_SM,federated.0qiz8oi1sb3cd813zi06q01yhyh5,nam,,string,,,,,,,,
2_1aTasasdepobreza,DHBEvolucinTemporal,2.1a Tasas de pobreza.twb,DATOS_ADMIN_SM,federated.0qiz8oi1sb3cd813zi06q01yhyh5,in1,,string,,,,,,,,
2_1aTasasdepobreza,DHBEvolucinTemporal,2.1a Tasas de pobreza.twb,DATOS_ADMIN_SM,federated.0qiz8oi1sb3cd813zi06q01yhyh5,fdc,,string,,,,,,,,
2_1aTasasdepobreza,DHBEvolucinTemporal,2.1a Tasas de pobreza.twb,DATOS_ADMIN_SM,federated.0qiz8oi1sb3cd813zi06q01yhyh5,sag,,string,,,,,,,,
2_1aTasasdepobreza,DHBEvolucinTemporal,2.1a Tasas de pobreza.twb,DATOS_ADMIN_SM,federated.0qiz8oi1sb3cd813zi06q01yhyh5,Geometry,,spatial,,,,,,,,
2_1aTasasdepobreza,DHBEvolucinTemporal,2.1a Tasas de pobreza.twb,DATOS_ADMIN_SM,federated.0qiz8oi1sb3cd813zi06q01yhyh5,[ANIO],DATO_ANIO,integer,dimension,ordinal,,,,,,
2_1aTasasdepobreza,DHBEvolucinTemporal,2.1a Tasas de pobreza.twb,DATOS_ADMIN_SM,federated.0qiz8oi1sb3cd813zi06q01yhyh5,[APERTURA_DESCRIPCION],DATO_APERTURA_DESCRIPCION,string,dimension,nominal,,,,,,
2_1aTasasdepobreza,DHBEvolucinTemporal,2.1a Tasas de pobreza.twb,DATOS_ADMIN_SM,federated.0qiz8oi1sb3cd813zi06q01yhyh5,[APERTURA_NIVEL_1],DATO_APERTURA_NIVEL_1,string,dimension,nominal,,,,,,
2_1aTasasdepobreza,DHBEvolucinTemporal,2.1a Tasas de pobreza.twb,DATOS_ADMIN_SM,federated.0qiz8oi1sb3cd813zi06q01yhyh5,[APERTURA_NIVEL_2],DATO_APERTURA_NIVEL_2,string,dimension,nominal,,,,,,
2_1aTasasdepobreza,DHBEvolucinTemporal,2.1a Tasas de pobreza.twb,DATOS_ADMIN_SM,federated.0qiz8oi1sb3cd813zi06q01yhyh5,[BTN Desagregaciones (copia)_4382283918220808192],BTN Aperturas y Grupos,string,dimension,nominal,,,,,tableau,"""Cruces relevantes"""
2_1aTasasdepobreza,DHBEvolucinTemporal,2.1a Tasas de pobreza.twb,DATOS_ADMIN_SM,federated.0qiz8oi1sb3cd813zi06q01yhyh5,[BTN Desagregaciones (copia)_6996412392490516487],BTN Mapa,string,dimension,nominal,,,,,tableau,"""Distribución territorial"""
2_1aTasasdepobreza,DHBEvolucinTemporal,2.1a Tasas de pobreza.twb,DATOS_ADMIN_SM,federated.0qiz8oi1sb3cd813zi06q01yhyh5,[BTN Desagregaciones Seleccionado (copia)_4382283918220914689],BTN Aperturas y Grupos Seleccionado,string,dimension,nominal,,,,,tableau,"if ([Parameters].[Parámetro 1] = [BTN Desagregaciones (copia)_4382283918220808192] and [Parameters].[Parametro gráfico (copia)_541839334149496838] = [BTN Serie Temporal (copia)_541839334174613511]) then ""Gráfico Seleccionado SG"" 
elseif ([Parameters].[Parámetro 1] = [BTN Desagregaciones (copia)_4382283918220808192] and [Parameters].[Parametro gráfico (copia)_541839334149496838] = [BTN Sección General (copia)_541839334174765064]) then ""Gráfico Seleccionado SPP"" 
elseif ([Parameters].[Parámetro 1] <> [BTN Desagregaciones (copia)_4382283918220808192] and [Parameters].[Parametro gráfico (copia)_541839334149496838] = [BTN Serie Temporal (copia)_541839334174613511]) then ""Gráfico NO Seleccionado SG"" 
elseif ([Parameters].[Parámetro 1] <> [BTN Desagregaciones (copia)_4382283918220808192] and [Parameters].[Parametro gráfico (copia)_541839334149496838] = [BTN Sección General (copia)_541839334174765064]) then ""Gráfico NO Seleccionado SPP"" end"
2_1aTasasdepobreza,DHBEvolucinTemporal,2.1a Tasas de pobreza.twb,DATOS_ADMIN_SM,federated.0qiz8oi1sb3cd813zi06q01yhyh5,[BTN Desagregaciones Seleccionado (copia)_541839333608861701],BTN Mapa Seleccionado,string,dimension,nominal,,,,,tableau,"if ([Parameters].[Parámetro 1] = [BTN Desagregaciones (copia)_6996412392490516487] and [Parameters].[Parametro gráfico (copia)_541839334149496838] = [BTN Serie Temporal (copia)_541839334174613511]) then ""Gráfico Seleccionado SG"" 
elseif ([Parameters].[Parámetro 1] = [BTN Desagregaciones (copia)_6996412392490516487] and [Parameters].[Parametro gráfico (copia)_541839334149496838] = [BTN Sección General (copia)_541839334174765064]) then ""Gráfico Seleccionado SPP"" 
elseif ([Parameters].[Parámetro 1] <> [BTN Desagregaciones (copia)_6996412392490516487] and [Parameters].[Parametro gráfico (copia)_541839334149496838] = [BTN Serie Temporal (copia)_541839334174613511]) then ""Gráfico NO Seleccionado SG"" 
elseif ([Parameters].[Parámetro 1] <> [BTN Desagregaciones (copia)_6996412392490516487] and [Parameters].[Parametro gráfico (copia)_541839334149496838] = [BTN Sección General (copia)_541839334174765064]) then ""Gráfico NO Seleccionado SPP"" end"
2_1aTasasdepobreza,DHBEvolucinTemporal,2.1a Tasas de pobreza.twb,DATOS_ADMIN_SM,federated.0qiz8oi1sb3cd813zi06q01yhyh5,[BTN Distribuciones (copia)_5425289489660149780],BTN Indicadores,string,dimension,nominal,,,,,tableau,"""Mapa de Indicadores"""
2_1aTasasdepobreza,DHBEvolucinTemporal,2.1a Tasas de pobreza.twb,DATOS_ADMIN_SM,federated.0qiz8oi1sb3cd813zi06q01yhyh5,[BTN Distribuciones (copy)_4723009404404842516],BTN Limpiar filtros,string,dimension,nominal,,,,,tableau,"""Limpiar filtros"""
2_1aTasasdepobreza,DHBEvolucinTemporal,2.1a Tasas de pobreza.twb,DATOS_ADMIN_SM,federated.0qiz8oi1sb3cd813zi06q01yhyh5,[BTN Limpiar filtros (copy)_4723009404657545239],BTN Mostrar Graficos,string,dimension,nominal,,,,,tableau,"""Mostrar gráficos"""
2_1aTasasdepobreza,DHBEvolucinTemporal,2.1a Tasas de pobreza.twb,DATOS_ADMIN_SM,federated.0qiz8oi1sb3cd813zi06q01yhyh5,[BTN Mapa (copia)_1886797147608317969],BTN Distribuciones,string,dimension,nominal,,,,,tableau,"""Características"""
2_1aTasasdepobreza,DHBEvolucinTemporal,2.1a Tasas de pobreza.twb,DATOS_ADMIN_SM,federated.0qiz8oi1sb3cd813zi06q01yhyh5,[BTN Mapa Seleccionado (copia)_1886797147608416274],BTN Distribuciones Seleccionado,string,dimension,nominal,,,,,tableau,"if ([Parameters].[Parámetro 1] = [BTN Mapa (copia)_1886797147608317969] and [Parameters].[Parametro gráfico (copia)_541839334149496838] = [BTN Serie Temporal (copia)_541839334174613511]) then ""Gráfico Seleccionado SG"" 
elseif ([Parameters].[Parámetro 1] = [BTN Mapa (copia)_1886797147608317969] and [Parameters].[Parametro gráfico (copia)_541839334149496838] = [BTN Sección General (copia)_541839334174765064]) then ""Gráfico Seleccionado SPP"" 
elseif ([Parameters].[Parámetro 1] <> [BTN Mapa (copia)_1886797147608317969] and [Parameters].[Parametro gráfico (copia)_541839334149496838] = [BTN Serie Temporal (copia)_541839334174613511]) then ""Gráfico NO Seleccionado SG"" 
elseif ([Parameters].[Parámetro 1] <> [BTN Mapa (copia)_1886797147608317969] and [Parameters].[Parametro gráfico (copia)_541839334149496838] = [BTN Sección General (copia)_541839334174765064]) then ""Gráfico NO Seleccionado SPP"" end"
2_1aTasasdepobreza,DHBEvolucinTemporal,2.1a Tasas de pobreza.twb,DATOS_ADMIN_SM,federated.0qiz8oi1sb3cd813zi06q01yhyh5,[BTN Mostrar Gráficos Caracteristicas (copy)_54254335857942529],BTN Mostrar Gráficos Cruces Relevantes,boolean,dimension,nominal,,,,,tableau,[Parameters].[p_ver_graficos_caracteristicas (copy)_54254335857623040]
2_1aTasasdepobreza,DHBEvolucinTemporal,2.1a Tasas de pobreza.twb,DATOS_ADMIN_SM,federated.0qiz8oi1sb3cd813zi06q01yhyh5,[BTN Mostrar Gráficos Cruces Relevantes (copy) (copy)_54254335887220741],BTN Mostrar Gráficos Distribución Territorial,boolean,dimension,nominal,,,,,tableau,[Parameters].[p_ver_graficos_cruces_relevantes (copy)_54254335887020034]
2_1aTasasdepobreza,DHBEvolucinTemporal,2.1a Tasas de pobreza.twb,DATOS_ADMIN_SM,federated.0qiz8oi1sb3cd813zi06q01yhyh5,[BTN Mostrar Gráficos Cruces Relevantes (copy)_54254335887208452],BTN Mostrar Gráficos Evolución Temporal,boolean,dimension,nominal,,,,,tableau,[Parameters].[p_ver_graficos_dist_territorial (copy)_54254335887122435]
2_1aTasasdepobreza,DHBEvolucinTemporal,2.1a Tasas de pobreza.twb,DATOS_ADMIN_SM,federated.0qiz8oi1sb3cd813zi06q01yhyh5,[BTN Sección General (copia)_541839334174765064],BTN Seguimiento Políticas Públicas,string,dimension,nominal,,,,,tableau,"""Seguimiento Políticas Públicas"""
2_1aTasasdepobreza,DHBEvolucinTemporal,2.1a Tasas de pobreza.twb,DATOS_ADMIN_SM,federated.0qiz8oi1sb3cd813zi06q01yhyh5,[BTN Serie Temporal (copia)_541839334174613511],BTN Situacion General,string,dimension,nominal,,,,,tableau,"""Situación General"""
2_1aTasasdepobreza,DHBEvolucinTemporal,2.1a Tasas de pobreza.twb,DATOS_ADMIN_SM,federated.0qiz8oi1sb3cd813zi06q01yhyh5,[CONFIG_URL_ADMIN_SM],CONFIGURACION_URL_ADMIN_SM,string,dimension,nominal,,,,,,
2_1aTasasdepobreza,DHBEvolucinTemporal,2.1a Tasas de pobreza.twb,DATOS_ADMIN_SM,federated.0qiz8oi1sb3cd813zi06q01yhyh5,[Calculation_1238982533747298314],TEMA_NOMBRE_Y_DESCRIPCION,string,dimension,nominal,,,,,tableau,"[TEMA_NOMBRE (Temas)] + ""

"" + [TEMA_DESCRIPCION]"
2_1aTasasdepobreza,DHBEvolucinTemporal,2.1a Tasas de pobreza.twb,DATOS_ADMIN_SM,federated.0qiz8oi1sb3cd813zi06q01yhyh5,[Calculation_2193182697378516996],INDICADOR_DESC_METODOLOGICA_TEXTO,string,dimension,nominal,,,,,tableau,"IF (ISNULL([INDICADOR_DESC_METODOLOGICA]) OR [INDICADOR_DESC_METODOLOGICA] = """") 
THEN ""Sin información""
ELSE [INDICADOR_DESC_METODOLOGICA]
END"
2_1aTasasdepobreza,DHBEvolucinTemporal,2.1a Tasas de pobreza.twb,DATOS_ADMIN_SM,federated.0qiz8oi1sb3cd813zi06q01yhyh5,[Calculation_2193182698903973920],ZERO,integer,measure,quantitative,,,,,tableau,0
2_1aTasasdepobreza,DHBEvolucinTemporal,2.1a Tasas de pobreza.twb,DATOS_ADMIN_SM,federated.0qiz8oi1sb3cd813zi06q01yhyh5,[Calculation_222646740993855490],FALSE,boolean,dimension,nominal,,,,,tableau,FALSE
2_1aTasasdepobreza,DHBEvolucinTemporal,2.1a Tasas de pobreza.twb,DATOS_ADMIN_SM,federated.0qiz8oi1sb3cd813zi06q01yhyh5,[Calculation_27725337092042752],GRUPO_INDICADOR_URL_FICHA,string,dimension,nominal,,,,,tableau,[CONFIG_URL_ADMIN_SM] + [CONFIGURACION_URL_FICHA_INDICADOR] + [GRUPO_INDICADOR_CODIGO]
2_1aTasasdepobreza,DHBEvolucinTemporal,2.1a Tasas de pobreza.twb,DATOS_ADMIN_SM,federated.0qiz8oi1sb3cd813zi06q01yhyh5,[Calculation_27725337465761794],TABLERO_URL_FICHA ,string,dimension,nominal,,,,,tableau,[CONFIG_URL_ADMIN_SM] + [CONFIGURACION_URL_FICHA_TABLERO] + STR([TABLERO_ID (Tableros)])
2_1aTasasdepobreza,DHBEvolucinTemporal,2.1a Tasas de pobreza.twb,DATOS_ADMIN_SM,federated.0qiz8oi1sb3cd813zi06q01yhyh5,[Calculation_334673809460510727],URL_DOC_METODOLOGICO,string,dimension,nominal,,,,,tableau,[CONFIG_URL_ADMIN_SM] + [CONFIGURACION_URL_DOC_METODOLOGICO]
2_1aTasasdepobreza,DHBEvolucinTemporal,2.1a Tasas de pobreza.twb,DATOS_ADMIN_SM,federated.0qiz8oi1sb3cd813zi06q01yhyh5,[Calculation_334673811823804420],DATOS_TABLERO,boolean,dimension,nominal,,,,,tableau,[TABLERO_NOMBRE (Tableros)] = [Parameters].[Parámetro 2] OR LOWER([TABLERO_DE_SISTEMA]) = 'true'
2_1aTasasdepobreza,DHBEvolucinTemporal,2.1a Tasas de pobreza.twb,DATOS_ADMIN_SM,federated.0qiz8oi1sb3cd813zi06q01yhyh5,[Calculation_334673811825987589],Visualizar Gráfico,boolean,dimension,nominal,,,,,tableau,LOWER([INDICADOR_DE_SISTEMA]) = 'false'
2_1aTasasdepobreza,DHBEvolucinTemporal,2.1a Tasas de pobreza.twb,DATOS_ADMIN_SM,federated.0qiz8oi1sb3cd813zi06q01yhyh5,[Calculation_4723009391632846848],DATO_SUBUNIDAD_GEOGRAFICA_NOMBRE,string,dimension,nominal,,,,,tableau,if (ISNULL([SUB_UNIDAD_GEOGRAFICA])) THEN '' ELSE [SUB_UNIDAD_GEOGRAFICA] END
2_1aTasasdepobreza,DHBEvolucinTemporal,2.1a Tasas de pobreza.twb,DATOS_ADMIN_SM,federated.0qiz8oi1sb3cd813zi06q01yhyh5,[Calculation_4723009401879752705],DATO_FECHA,date,dimension,ordinal,,,,,tableau,"DATE(
STR([ANIO]) + '-' +  
IF     ([MES] == 'T1') THEN '01'
ELSEIF ([MES] == 'T2') THEN '04'
ELSEIF ([MES] == 'T3') THEN '07'
ELSEIF ([MES] == 'T4') THEN '10'
ELSEIF ([MES] == 'S1') THEN '01'
ELSEIF ([MES] == 'S2') THEN '07'
ELSEIF (ISNULL([MES])) THEN '01'
ELSE   [MES]
END
+ '-01')"
2_1aTasasdepobreza,DHBEvolucinTemporal,2.1a Tasas de pobreza.twb,DATOS_ADMIN_SM,federated.0qiz8oi1sb3cd813zi06q01yhyh5,[Calculation_4723009401891954690],DATO_FECHA_NOMBRE,string,dimension,nominal,,,,,tableau,[MES]
2_1aTasasdepobreza,DHBEvolucinTemporal,2.1a Tasas de pobreza.twb,DATOS_ADMIN_SM,federated.0qiz8oi1sb3cd813zi06q01yhyh5,[Calculation_4723009401903345667],DATO_ANIO_MES,string,dimension,nominal,,,,,tableau,STR([ANIO]) + (IF (ISNULL([MES])) THEN '' ELSE [MES] END)
2_1aTasasdepobreza,DHBEvolucinTemporal,2.1a Tasas de pobreza.twb,DATOS_ADMIN_SM,federated.0qiz8oi1sb3cd813zi06q01yhyh5,[Calculation_4723009402220560388],DATO_PERIODO_STR,string,dimension,nominal,,,,,tableau,"STR([ANIO]) + 
IF   ([DATO_PERIODO_STR (copy)_4723009402227015685] == '') THEN ''
ELSE ' - ' + [DATO_PERIODO_STR (copy)_4723009402227015685]
END"
2_1aTasasdepobreza,DHBEvolucinTemporal,2.1a Tasas de pobreza.twb,DATOS_ADMIN_SM,federated.0qiz8oi1sb3cd813zi06q01yhyh5,[Calculation_4723009402249244679],DATO_APERTURA_DESCRIPCION_COUNTD,integer,measure,quantitative,,,,,tableau,COUNTD([APERTURA_DESCRIPCION])
2_1aTasasdepobreza,DHBEvolucinTemporal,2.1a Tasas de pobreza.twb,DATOS_ADMIN_SM,federated.0qiz8oi1sb3cd813zi06q01yhyh5,[Calculation_4723009402249773064],DATO_APERTURA_NIVEL_1_C,integer,measure,quantitative,,,,,tableau,WINDOW_COUNT(COUNTD([APERTURA_NIVEL_1]))
2_1aTasasdepobreza,DHBEvolucinTemporal,2.1a Tasas de pobreza.twb,DATOS_ADMIN_SM,federated.0qiz8oi1sb3cd813zi06q01yhyh5,[Calculation_4723009402545549324],SELECCIONE,string,dimension,nominal,,,,,tableau,'Seleccione'
2_1aTasasdepobreza,DHBEvolucinTemporal,2.1a Tasas de pobreza.twb,DATOS_ADMIN_SM,federated.0qiz8oi1sb3cd813zi06q01yhyh5,[Calculation_4723009404707536931],NULL,string,dimension,nominal,,,,,tableau,STR(NULL)
2_1aTasasdepobreza,DHBEvolucinTemporal,2.1a Tasas de pobreza.twb,DATOS_ADMIN_SM,federated.0qiz8oi1sb3cd813zi06q01yhyh5,[Calculation_541839333604462595],BTN Serie Temporal Seleccionado,string,dimension,nominal,,,,,tableau,"if ([Parameters].[Parámetro 1] = [Calculation_6996412392490344453] and [Parameters].[Parametro gráfico (copia)_541839334149496838] = [BTN Serie Temporal (copia)_541839334174613511]) then ""Gráfico Seleccionado SG"" 
elseif ([Parameters].[Parámetro 1] = [Calculation_6996412392490344453] and [Parameters].[Parametro gráfico (copia)_541839334149496838] = [BTN Sección General (copia)_541839334174765064]) then ""Gráfico Seleccionado SPP"" 
elseif ([Parameters].[Parámetro 1] <> [Calculation_6996412392490344453] and [Parameters].[Parametro gráfico (copia)_541839334149496838] = [BTN Serie Temporal (copia)_541839334174613511]) then ""Gráfico NO Seleccionado SG"" 
elseif ([Parameters].[Parámetro 1] <> [Calculation_6996412392490344453] and [Parameters].[Parametro gráfico (copia)_541839334149496838] = [BTN Sección General (copia)_541839334174765064]) then ""Gráfico NO Seleccionado SPP"" end"
2_1aTasasdepobreza,DHBEvolucinTemporal,2.1a Tasas de pobreza.twb,DATOS_ADMIN_SM,federated.0qiz8oi1sb3cd813zi06q01yhyh5,[Calculation_5425289489097109517],DATO_TIPO_STR,string,dimension,nominal,,,,,tableau,"IF ([TIPO_DE_DATO] == 'SERIE_TEMPORAL') THEN 'Evolución temporal'
ELSEIF ([TIPO_DE_DATO] == 'DISTRIBUCION') THEN 'Características'
ELSEIF ([TIPO_DE_DATO] == 'MAPA') THEN 'Distribución territorial'
ELSEIF ([TIPO_DE_DATO] == 'APERTURA') THEN 'Cruces relevantes'
END"
2_1aTasasdepobreza,DHBEvolucinTemporal,2.1a Tasas de pobreza.twb,DATOS_ADMIN_SM,federated.0qiz8oi1sb3cd813zi06q01yhyh5,[Calculation_5425289489148153872],DATOS_APERTURAS_Y_GRUPOS,boolean,dimension,nominal,,,,,tableau,"IF ([TIPO_DE_DATO] = 'APERTURA') THEN
    IF (NOT(ISNULL([APERTURA_NIVEL_1])) AND [APERTURA_NIVEL_1] <> ''
        AND NOT(ISNULL([MODALIDAD_APERTURA_NIVEL_1])) AND [MODALIDAD_APERTURA_NIVEL_1] <> ''
        AND NOT(ISNULL([APERTURA_NIVEL_2])) AND [APERTURA_NIVEL_2] <> '') THEN TRUE
    ELSE FALSE
    END
ELSE FALSE
END"
2_1aTasasdepobreza,DHBEvolucinTemporal,2.1a Tasas de pobreza.twb,DATOS_ADMIN_SM,federated.0qiz8oi1sb3cd813zi06q01yhyh5,[Calculation_6236992910663057412],UNIDAD_GEOGRAFICA_REGION_STR,string,dimension,nominal,,,,,tableau,"""Región "" + [Region]"
2_1aTasasdepobreza,DHBEvolucinTemporal,2.1a Tasas de pobreza.twb,DATOS_ADMIN_SM,federated.0qiz8oi1sb3cd813zi06q01yhyh5,[Calculation_6236992911662702608],DATO_VALOR_CALCULADO (MAPA),real,measure,quantitative,,,,,tableau,"IF MAX([INDICADOR_UNIDAD_MEDIDA_CODIGO]) = ""CANTIDAD"" THEN SUM([VALOR])

ELSEIF MAX([INDICADOR_UNIDAD_MEDIDA_CODIGO]) = ""PORCENTAJE"" THEN SUM([VALOR]) * 100 / SUM([VALOR_AUXILIAR])

ELSEIF MAX([INDICADOR_UNIDAD_MEDIDA_CODIGO]) = ""TASA_X_CIEN"" THEN SUM([VALOR]) / SUM([VALOR_AUXILIAR]) * 100

ELSEIF MAX([INDICADOR_UNIDAD_MEDIDA_CODIGO]) = ""TASA_X_MIL"" THEN SUM([VALOR]) / SUM([VALOR_AUXILIAR]) * 1000

ELSEIF MAX([INDICADOR_UNIDAD_MEDIDA_CODIGO]) = ""TASA_X_CIENMIL"" THEN SUM([VALOR]) / SUM([VALOR_AUXILIAR]) * 100000

ELSEIF MAX([INDICADOR_UNIDAD_MEDIDA_CODIGO]) = ""TASA_X_MILLON"" THEN SUM([VALOR]) / SUM([VALOR_AUXILIAR]) * 1000000

ELSEIF MAX([INDICADOR_UNIDAD_MEDIDA_CODIGO]) = ""RAZON_X_DIEZMIL"" THEN SUM([VALOR]) / SUM([VALOR_AUXILIAR]) * 10000

END"
2_1aTasasdepobreza,DHBEvolucinTemporal,2.1a Tasas de pobreza.twb,DATOS_ADMIN_SM,federated.0qiz8oi1sb3cd813zi06q01yhyh5,[Calculation_6996412392490344453],BTN Serie Temporal,string,dimension,nominal,,,,,tableau,"""Evolución temporal"""
2_1aTasasdepobreza,DHBEvolucinTemporal,2.1a Tasas de pobreza.twb,DATOS_ADMIN_SM,federated.0qiz8oi1sb3cd813zi06q01yhyh5,[Calculation_90705353144123399],DATO_APERTURA_MODALIDAD,string,dimension,nominal,,,,,tableau,"IF (NOT(ISNULL([MODALIDAD_APERTURA_NIVEL_2])) AND [MODALIDAD_APERTURA_NIVEL_2] <> """") 
THEN [MODALIDAD_APERTURA_NIVEL_2]
ELSE [MODALIDAD_APERTURA_NIVEL_1]
END"
2_1aTasasdepobreza,DHBEvolucinTemporal,2.1a Tasas de pobreza.twb,DATOS_ADMIN_SM,federated.0qiz8oi1sb3cd813zi06q01yhyh5,[Calculation_955748346980958208],NOT p_mostrar_indicadores,boolean,dimension,nominal,,,,,tableau,NOT([Parameters].[p_grafico (copia)])
2_1aTasasdepobreza,DHBEvolucinTemporal,2.1a Tasas de pobreza.twb,DATOS_ADMIN_SM,federated.0qiz8oi1sb3cd813zi06q01yhyh5,[Calculation_955748346981711873],Texto mostrar indicadores,string,dimension,nominal,,,,,tableau,"IF ([Parameters].[p_grafico (copia)]) 
THEN 'Cerrar el mapa de indicadores'
ELSE 'Abrir el mapa de indicadores'
END"
2_1aTasasdepobreza,DHBEvolucinTemporal,2.1a Tasas de pobreza.twb,DATOS_ADMIN_SM,federated.0qiz8oi1sb3cd813zi06q01yhyh5,[Calculation_955748347035680770],blank,string,dimension,nominal,,,,,tableau,""""""
2_1aTasasdepobreza,DHBEvolucinTemporal,2.1a Tasas de pobreza.twb,DATOS_ADMIN_SM,federated.0qiz8oi1sb3cd813zi06q01yhyh5,[DATO_DE_SISTEMA],,integer,dimension,ordinal,,,,,,
2_1aTasasdepobreza,DHBEvolucinTemporal,2.1a Tasas de pobreza.twb,DATOS_ADMIN_SM,federated.0qiz8oi1sb3cd813zi06q01yhyh5,[DATO_PERIODO_STR (copy)_4723009402227015685],DATO_PERIODO,string,dimension,nominal,,,,,tableau,"IF     (ISNULL([MES])) THEN ''
ELSEIF ([MES] == 'T1') THEN 'Primer Trimestre' 
ELSEIF ([MES] == 'T2') THEN 'Segundo Trimestre' 
ELSEIF ([MES] == 'T3') THEN 'Tercer Trimestre'
ELSEIF ([MES] == 'T4') THEN 'Cuarto Trimestre'
ELSEIF ([MES] == 'S1') THEN 'Primer Semestre'
ELSEIF ([MES] == 'S2') THEN 'Segundo Semestre'
ELSEIF ([MES] == '1') THEN 'Enero'
ELSEIF ([MES] == '2') THEN 'Febrero'
ELSEIF ([MES] == '3') THEN 'Marzo'
ELSEIF ([MES] == '4') THEN 'Abril'
ELSEIF ([MES] == '5') THEN 'Mayo'
ELSEIF ([MES] == '6') THEN 'Junio'
ELSEIF ([MES] == '7') THEN 'Julio'
ELSEIF ([MES] == '8') THEN 'Agosto'
ELSEIF ([MES] == '9') THEN 'Septiembre'
ELSEIF ([MES] == '10') THEN 'Octubre'
ELSEIF ([MES] == '11') THEN 'Noviembre'
ELSEIF ([MES] == '12') THEN 'Diciembre'
END"
2_1aTasasdepobreza,DHBEvolucinTemporal,2.1a Tasas de pobreza.twb,DATOS_ADMIN_SM,federated.0qiz8oi1sb3cd813zi06q01yhyh5,[Distribuciones - Visualizar Gráfico Torta (copy)_159666739711741954],Distribuciones - Visualizar Gráfico Barras,integer,dimension,quantitative,,,,,tableau,"IF ([Parameters].[p_grafico_apertura_grupo (copia)_1886797147614048275] = ""Barras"") THEN 1 
ELSEIF ([Parameters].[p_grafico_apertura_grupo (copia)_1886797147614048275] = ""Todos"") THEN 1 
ELSE 0 END"
2_1aTasasdepobreza,DHBEvolucinTemporal,2.1a Tasas de pobreza.twb,DATOS_ADMIN_SM,federated.0qiz8oi1sb3cd813zi06q01yhyh5,[GRUPO_INDICADOR_ID (Grupos Indicadores)],GRUPO_INDICADOR_ID,integer,dimension,ordinal,,,,,,
2_1aTasasdepobreza,DHBEvolucinTemporal,2.1a Tasas de pobreza.twb,DATOS_ADMIN_SM,federated.0qiz8oi1sb3cd813zi06q01yhyh5,[GRUPO_INDICADOR_ID],DATO_GRUPO_INDICADOR_ID,integer,dimension,ordinal,,,,,,
2_1aTasasdepobreza,DHBEvolucinTemporal,2.1a Tasas de pobreza.twb,DATOS_ADMIN_SM,federated.0qiz8oi1sb3cd813zi06q01yhyh5,[GRUPO_INDICADOR_NOMBRE (Grupos Indicadores)],GRUPO_INDICADOR_NOMBRE,string,dimension,nominal,,,,,,
2_1aTasasdepobreza,DHBEvolucinTemporal,2.1a Tasas de pobreza.twb,DATOS_ADMIN_SM,federated.0qiz8oi1sb3cd813zi06q01yhyh5,[GRUPO_INDICADOR_NOMBRE],DATO_GRUPO_INDICADOR_NOMBRE,string,dimension,nominal,,,true,,,
2_1aTasasdepobreza,DHBEvolucinTemporal,2.1a Tasas de pobreza.twb,DATOS_ADMIN_SM,federated.0qiz8oi1sb3cd813zi06q01yhyh5,[GRUPO_INDICADOR_ORDEN],,integer,dimension,ordinal,,,,,,
2_1aTasasdepobreza,DHBEvolucinTemporal,2.1a Tasas de pobreza.twb,DATOS_ADMIN_SM,federated.0qiz8oi1sb3cd813zi06q01yhyh5,[Geometry],GEOMETRIA (T_MAPA),spatial,measure,nominal,,,,,,
2_1aTasasdepobreza,DHBEvolucinTemporal,2.1a Tasas de pobreza.twb,DATOS_ADMIN_SM,federated.0qiz8oi1sb3cd813zi06q01yhyh5,[ID_DATO_SM],DATO_ID,integer,dimension,ordinal,,,,,,
2_1aTasasdepobreza,DHBEvolucinTemporal,2.1a Tasas de pobreza.twb,DATOS_ADMIN_SM,federated.0qiz8oi1sb3cd813zi06q01yhyh5,[INDICADOR_DE_SISTEMA],,string,dimension,nominal,,,,,,
2_1aTasasdepobreza,DHBEvolucinTemporal,2.1a Tasas de pobreza.twb,DATOS_ADMIN_SM,federated.0qiz8oi1sb3cd813zi06q01yhyh5,[INDICADOR_ID (Indicadores)],INDICADOR_ID,integer,dimension,ordinal,,,,,,
2_1aTasasdepobreza,DHBEvolucinTemporal,2.1a Tasas de pobreza.twb,DATOS_ADMIN_SM,federated.0qiz8oi1sb3cd813zi06q01yhyh5,[INDICADOR_ID],DATO_INDICADOR_ID,integer,dimension,ordinal,,,,,,
2_1aTasasdepobreza,DHBEvolucinTemporal,2.1a Tasas de pobreza.twb,DATOS_ADMIN_SM,federated.0qiz8oi1sb3cd813zi06q01yhyh5,[INDICADOR_NOMBRE (Indicadores)],INDICADOR_NOMBRE,string,dimension,nominal,,,,,,
2_1aTasasdepobreza,DHBEvolucinTemporal,2.1a Tasas de pobreza.twb,DATOS_ADMIN_SM,federated.0qiz8oi1sb3cd813zi06q01yhyh5,[INDICADOR_NOMBRE],DATO_INDICADOR_NOMBRE,string,dimension,nominal,,,true,,,
2_1aTasasdepobreza,DHBEvolucinTemporal,2.1a Tasas de pobreza.twb,DATOS_ADMIN_SM,federated.0qiz8oi1sb3cd813zi06q01yhyh5,[INDICADOR_ORDEN],,integer,dimension,ordinal,,,,,,
2_1aTasasdepobreza,DHBEvolucinTemporal,2.1a Tasas de pobreza.twb,DATOS_ADMIN_SM,federated.0qiz8oi1sb3cd813zi06q01yhyh5,[MES],DATO_MES,string,dimension,nominal,,,,,,
2_1aTasasdepobreza,DHBEvolucinTemporal,2.1a Tasas de pobreza.twb,DATOS_ADMIN_SM,federated.0qiz8oi1sb3cd813zi06q01yhyh5,[MODALIDAD_APERTURA_NIVEL_1],DATO_MODALIDAD_APERTURA_NIVEL_1,string,dimension,nominal,,,,,,
2_1aTasasdepobreza,DHBEvolucinTemporal,2.1a Tasas de pobreza.twb,DATOS_ADMIN_SM,federated.0qiz8oi1sb3cd813zi06q01yhyh5,[MODALIDAD_APERTURA_NIVEL_2],DATO_MODALIDAD_APERTURA_NIVEL_2,string,dimension,nominal,,,,,,
2_1aTasasdepobreza,DHBEvolucinTemporal,2.1a Tasas de pobreza.twb,DATOS_ADMIN_SM,federated.0qiz8oi1sb3cd813zi06q01yhyh5,[Region],UNIDAD_GEOGRAFICA_REGION,string,dimension,nominal,,,,,categorical-bin,
2_1aTasasdepobreza,DHBEvolucinTemporal,2.1a Tasas de pobreza.twb,DATOS_ADMIN_SM,federated.0qiz8oi1sb3cd813zi06q01yhyh5,[SECCION_ID],DATO_SECCION_ID,integer,dimension,ordinal,,,,,,
2_1aTasasdepobreza,DHBEvolucinTemporal,2.1a Tasas de pobreza.twb,DATOS_ADMIN_SM,federated.0qiz8oi1sb3cd813zi06q01yhyh5,[SECCION_NOMBRE],DATO_SECCION_NOMBRE,string,dimension,nominal,,,,,,
2_1aTasasdepobreza,DHBEvolucinTemporal,2.1a Tasas de pobreza.twb,DATOS_ADMIN_SM,federated.0qiz8oi1sb3cd813zi06q01yhyh5,[SUB_UNIDAD_GEOGRAFICA],DATO_SUBUNIDAD_GEOGRAFICA,string,dimension,nominal,,,,,,
2_1aTasasdepobreza,DHBEvolucinTemporal,2.1a Tasas de pobreza.twb,DATOS_ADMIN_SM,federated.0qiz8oi1sb3cd813zi06q01yhyh5,[TABLERO_CONFIGURACION_ID],,integer,dimension,ordinal,,,,,,
2_1aTasasdepobreza,DHBEvolucinTemporal,2.1a Tasas de pobreza.twb,DATOS_ADMIN_SM,federated.0qiz8oi1sb3cd813zi06q01yhyh5,[TABLERO_FECHA_ULT_CARGA_DATOS],,datetime,dimension,ordinal,,,,,,
2_1aTasasdepobreza,DHBEvolucinTemporal,2.1a Tasas de pobreza.twb,DATOS_ADMIN_SM,federated.0qiz8oi1sb3cd813zi06q01yhyh5,[TABLERO_ID (Tableros)],TABLERO_ID,integer,dimension,ordinal,,,,,,
2_1aTasasdepobreza,DHBEvolucinTemporal,2.1a Tasas de pobreza.twb,DATOS_ADMIN_SM,federated.0qiz8oi1sb3cd813zi06q01yhyh5,[TABLERO_ID],DATO_TABLERO_ID,integer,dimension,ordinal,,,,,,
2_1aTasasdepobreza,DHBEvolucinTemporal,2.1a Tasas de pobreza.twb,DATOS_ADMIN_SM,federated.0qiz8oi1sb3cd813zi06q01yhyh5,[TABLERO_NOMBRE (Tableros)],TABLERO_NOMBRE,string,dimension,nominal,,,,,,
2_1aTasasdepobreza,DHBEvolucinTemporal,2.1a Tasas de pobreza.twb,DATOS_ADMIN_SM,federated.0qiz8oi1sb3cd813zi06q01yhyh5,[TABLERO_NOMBRE],DATO_TABLERO_NOMBRE,string,dimension,nominal,,,true,,,
2_1aTasasdepobreza,DHBEvolucinTemporal,2.1a Tasas de pobreza.twb,DATOS_ADMIN_SM,federated.0qiz8oi1sb3cd813zi06q01yhyh5,[TEMA_DE_SISTEMA],TEMA_DE_SISTEMA (T_TEMA),string,dimension,nominal,,,,,,
2_1aTasasdepobreza,DHBEvolucinTemporal,2.1a Tasas de pobreza.twb,DATOS_ADMIN_SM,federated.0qiz8oi1sb3cd813zi06q01yhyh5,[TEMA_ID (Temas)],TEMA_ID,integer,dimension,ordinal,,,,,,
2_1aTasasdepobreza,DHBEvolucinTemporal,2.1a Tasas de pobreza.twb,DATOS_ADMIN_SM,federated.0qiz8oi1sb3cd813zi06q01yhyh5,[TEMA_ID],DATO_TEMA_ID,integer,dimension,ordinal,,,,,,
2_1aTasasdepobreza,DHBEvolucinTemporal,2.1a Tasas de pobreza.twb,DATOS_ADMIN_SM,federated.0qiz8oi1sb3cd813zi06q01yhyh5,[TEMA_NOMBRE (Temas)],TEMA_NOMBRE,string,dimension,nominal,,,,,,
2_1aTasasdepobreza,DHBEvolucinTemporal,2.1a Tasas de pobreza.twb,DATOS_ADMIN_SM,federated.0qiz8oi1sb3cd813zi06q01yhyh5,[TEMA_NOMBRE],DATO_TEMA_NOMBRE,string,dimension,nominal,,,,,,
2_1aTasasdepobreza,DHBEvolucinTemporal,2.1a Tasas de pobreza.twb,DATOS_ADMIN_SM,federated.0qiz8oi1sb3cd813zi06q01yhyh5,[TIPO_DATO_SM_STR (copia)_5425289489129852943],DATO_TIPO_ORDEN,integer,dimension,ordinal,,,,,tableau,"IF ([TIPO_DE_DATO] == 'SERIE_TEMPORAL') THEN 1
ELSEIF ([TIPO_DE_DATO] == 'DISTRIBUCION') THEN 2
ELSEIF ([TIPO_DE_DATO] == 'APERTURA') THEN 3
ELSEIF ([TIPO_DE_DATO] == 'MAPA') THEN 4
END"
2_1aTasasdepobreza,DHBEvolucinTemporal,2.1a Tasas de pobreza.twb,DATOS_ADMIN_SM,federated.0qiz8oi1sb3cd813zi06q01yhyh5,[TIPO_DE_DATO],DATO_TIPO,string,dimension,nominal,,,,,,
2_1aTasasdepobreza,DHBEvolucinTemporal,2.1a Tasas de pobreza.twb,DATOS_ADMIN_SM,federated.0qiz8oi1sb3cd813zi06q01yhyh5,[UNIDAD_GEOGRAFICA_CODIGO],DATO_UNIDAD_GEOGRAFICA_CODIGO,string,dimension,nominal,,,,,,
2_1aTasasdepobreza,DHBEvolucinTemporal,2.1a Tasas de pobreza.twb,DATOS_ADMIN_SM,federated.0qiz8oi1sb3cd813zi06q01yhyh5,[UNIDAD_GEOGRAFICA_NOMBRE],DATO_UNIDAD_GEOGRAFICA_NOMBRE,string,dimension,nominal,,,,,,
2_1aTasasdepobreza,DHBEvolucinTemporal,2.1a Tasas de pobreza.twb,DATOS_ADMIN_SM,federated.0qiz8oi1sb3cd813zi06q01yhyh5,[URL_DOC_METODOLOGICO (copy)_334673809461317641],URL_INSTRUCTIVO_NAV,string,dimension,nominal,,,,,tableau,[CONFIG_URL_ADMIN_SM] + [CONFIGURACION_URL_INSTRUCTIVO_NAV]
2_1aTasasdepobreza,DHBEvolucinTemporal,2.1a Tasas de pobreza.twb,DATOS_ADMIN_SM,federated.0qiz8oi1sb3cd813zi06q01yhyh5,[URL_DOC_TECNICO_TABLERO (copy)_334673809529749519],TABLERO_URL_REPORTE,string,dimension,nominal,,,,,tableau,[CONFIG_URL_ADMIN_SM] + [CONFIGURACION_URL_REPORTE_TABLERO] + STR([TABLERO_ID (Tableros)])
2_1aTasasdepobreza,DHBEvolucinTemporal,2.1a Tasas de pobreza.twb,DATOS_ADMIN_SM,federated.0qiz8oi1sb3cd813zi06q01yhyh5,[URL_FICHA _TABLERO (copy)_334673809529606158],TABLERO_URL_DOC_TECNICO,string,dimension,nominal,,,,,tableau,[CONFIG_URL_ADMIN_SM] + [CONFIGURACION_URL_DOC_TECNICO_TABLERO] + STR([TABLERO_ID (Tableros)])
2_1aTasasdepobreza,DHBEvolucinTemporal,2.1a Tasas de pobreza.twb,DATOS_ADMIN_SM,federated.0qiz8oi1sb3cd813zi06q01yhyh5,[VALOR],DATO_VALOR,real,dimension,ordinal,,,,,,
2_1aTasasdepobreza,DHBEvolucinTemporal,2.1a Tasas de pobreza.twb,DATOS_ADMIN_SM,federated.0qiz8oi1sb3cd813zi06q01yhyh5,[VALOR_AUXILIAR],DATO_VALOR_AUXILIAR,real,dimension,ordinal,,,,,,
2_1aTasasdepobreza,DHBEvolucinTemporal,2.1a Tasas de pobreza.twb,DATOS_ADMIN_SM,federated.0qiz8oi1sb3cd813zi06q01yhyh5,[Valor cantidad (Mapa) (copia)_6236992911694086162],DATO_SUM_VALOR_AUXILIAR (MAPA),real,measure,quantitative,,,,,tableau,SUM([VALOR_AUXILIAR])
2_1aTasasdepobreza,DHBEvolucinTemporal,2.1a Tasas de pobreza.twb,DATOS_ADMIN_SM,federated.0qiz8oi1sb3cd813zi06q01yhyh5,[Valor mapa calculado (copia)_6236992911641026571],VALOR_PORCENTUAL (T_MAPA),real,measure,quantitative,,,,,tableau,[Valor porcentual (copia)_6236992911648841741] * 100 / [Valor cantidad (Mapa) (copia)_6236992911694086162]
2_1aTasasdepobreza,DHBEvolucinTemporal,2.1a Tasas de pobreza.twb,DATOS_ADMIN_SM,federated.0qiz8oi1sb3cd813zi06q01yhyh5,[Valor porcentual (copia)_6236992911646519308],DATO_TOTAL_SUM_VALOR (MAPA),real,measure,quantitative,,,,,tableau,TOTAL([Valor porcentual (copia)_6236992911648841741])
2_1aTasasdepobreza,DHBEvolucinTemporal,2.1a Tasas de pobreza.twb,DATOS_ADMIN_SM,federated.0qiz8oi1sb3cd813zi06q01yhyh5,[Valor porcentual (copia)_6236992911648841741],DATO_SUM_VALOR (MAPA),real,measure,quantitative,,,,,tableau,SUM([VALOR])
2_1aTasasdepobreza,DHBEvolucinTemporal,2.1a Tasas de pobreza.twb,DATOS_ADMIN_SM,federated.0qiz8oi1sb3cd813zi06q01yhyh5,[Valor porcentual (copia)_6236992911649583118],VALOR_TASA (T_MAPA),real,measure,quantitative,,,,,tableau,[Valor porcentual (copia)_6236992911648841741] / [Valor cantidad (Mapa) (copia)_6236992911694086162]
2_1aTasasdepobreza,DHBEvolucinTemporal,2.1a Tasas de pobreza.twb,DATOS_ADMIN_SM,federated.0qiz8oi1sb3cd813zi06q01yhyh5,[Valor total (Mapa) (copia)_6236992911689347089],DATO_TOTAL_SUM_VALOR_AUXILIAR (MAPA),real,measure,quantitative,,,,,tableau,TOTAL([Valor cantidad (Mapa) (copia)_6236992911694086162])
2_1aTasasdepobreza,DHBEvolucinTemporal,2.1a Tasas de pobreza.twb,DATOS_ADMIN_SM,federated.0qiz8oi1sb3cd813zi06q01yhyh5,[Visualizar Desagregaciones (copia)_541839333440749569],Aperturas - Visualizar Gráfico Barras,integer,dimension,quantitative,,,,,tableau,"IF ([Parameters].[Gráfico seleccionado (copia)_541839333440561152] = ""Barras"") THEN 1 
ELSEIF ([Parameters].[Gráfico seleccionado (copia)_541839333440561152] = ""Barras y tabla"") THEN 1 
ELSE 0 END"
2_1aTasasdepobreza,DHBEvolucinTemporal,2.1a Tasas de pobreza.twb,DATOS_ADMIN_SM,federated.0qiz8oi1sb3cd813zi06q01yhyh5,[Visualizar Desagregaciones Barra (copia)_541839333440913410],Aperturas - Visualizar Gráfico Tabla,integer,dimension,quantitative,,,,,tableau,"IF ([Parameters].[Gráfico seleccionado (copia)_541839333440561152] = ""Tabla"") THEN 1 
ELSEIF ([Parameters].[Gráfico seleccionado (copia)_541839333440561152] = ""Barras y tabla"") THEN 1 
ELSE 0 END"
2_1aTasasdepobreza,DHBEvolucinTemporal,2.1a Tasas de pobreza.twb,DATOS_ADMIN_SM,federated.0qiz8oi1sb3cd813zi06q01yhyh5,[Visualizar Gráfico Jerarquía (copia)_1886797147614466070],Distribuciones - Visualizar Gráfico Torta,integer,dimension,quantitative,,,,,tableau,"IF ([Parameters].[p_grafico_apertura_grupo (copia)_1886797147614048275] = ""Torta"") THEN 1 
ELSEIF ([Parameters].[p_grafico_apertura_grupo (copia)_1886797147614048275] = ""Todos"") THEN 1 
ELSE 0 END"
2_1aTasasdepobreza,DHBEvolucinTemporal,2.1a Tasas de pobreza.twb,DATOS_ADMIN_SM,federated.0qiz8oi1sb3cd813zi06q01yhyh5,[Visualizar Gráfico Tabla (copia)_1886797147614306325],Distribuciones - Visualizar Gráfico Jerarquía,integer,dimension,quantitative,,,,,tableau,"IF ([Parameters].[p_grafico_apertura_grupo (copia)_1886797147614048275] = ""Jerarquía"") THEN 1 
ELSEIF ([Parameters].[p_grafico_apertura_grupo (copia)_1886797147614048275] = ""Todos"") THEN 1 
ELSE 0 END"
2_1aTasasdepobreza,DHBEvolucinTemporal,2.1a Tasas de pobreza.twb,DATOS_ADMIN_SM,federated.0qiz8oi1sb3cd813zi06q01yhyh5,[Visualizar Gráfico Tabla (copia)_2772247096855269376],Visualizar Indicadores,boolean,dimension,nominal,,,,,tableau,"IF ([Parameters].[p_grafico (copia)] = TRUE) THEN TRUE 
ELSE FALSE END"
2_1aTasasdepobreza,DHBEvolucinTemporal,2.1a Tasas de pobreza.twb,DATOS_ADMIN_SM,federated.0qiz8oi1sb3cd813zi06q01yhyh5,[Visualizar Indicadores (copy)_4723009404655362069],BTN Mostrar Gráficos Caracteristicas,boolean,dimension,nominal,,,,,tableau,[Parameters].[p_mostrar_indicadores (copy)_4723009404655562774]
2_1aTasasdepobreza,DHBEvolucinTemporal,2.1a Tasas de pobreza.twb,DATOS_ADMIN_SM,federated.0qiz8oi1sb3cd813zi06q01yhyh5,[Visualizar Indicadores (copy)_4723009404679073821],Ver gráficos caracteristicas,boolean,dimension,nominal,,,,,tableau,[Parameters].[p_mostrar_indicadores (copy)_4723009404655562774]
2_1aTasasdepobreza,DHBEvolucinTemporal,2.1a Tasas de pobreza.twb,DATOS_ADMIN_SM,federated.0qiz8oi1sb3cd813zi06q01yhyh5,[__tableau_internal_object_id__].[Configuracion_70F75B593A84437096A6459916C3B121],Configuracion,table,measure,quantitative,,,,,,
2_1aTasasdepobreza,DHBEvolucinTemporal,2.1a Tasas de pobreza.twb,DATOS_ADMIN_SM,federated.0qiz8oi1sb3cd813zi06q01yhyh5,[__tableau_internal_object_id__].[Datos_E76A2789C0C0403C8522440D998704F2],Datos,table,measure,quantitative,,,,,,
2_1aTasasdepobreza,DHBEvolucinTemporal,2.1a Tasas de pobreza.twb,DATOS_ADMIN_SM,federated.0qiz8oi1sb3cd813zi06q01yhyh5,[__tableau_internal_object_id__].[Grupos Indicadores_80F403D81C66448DB95D3484EA9601FB],Grupos Indicadores,table,measure,quantitative,,,,,,
2_1aTasasdepobreza,DHBEvolucinTemporal,2.1a Tasas de pobreza.twb,DATOS_ADMIN_SM,federated.0qiz8oi1sb3cd813zi06q01yhyh5,[__tableau_internal_object_id__].[Indicadores_F269C9F3A1A74D299CBC3D2526527AB4],Indicadores,table,measure,quantitative,,,,,,
2_1aTasasdepobreza,DHBEvolucinTemporal,2.1a Tasas de pobreza.twb,DATOS_ADMIN_SM,federated.0qiz8oi1sb3cd813zi06q01yhyh5,[__tableau_internal_object_id__].[Tableros_4B7E936B713A46E09A688BE3B557C7FB],Tableros,table,measure,quantitative,,,,,,
2_1aTasasdepobreza,DHBEvolucinTemporal,2.1a Tasas de pobreza.twb,DATOS_ADMIN_SM,federated.0qiz8oi1sb3cd813zi06q01yhyh5,[__tableau_internal_object_id__].[Temas_1EB48C7DA90F40468E6E2140C9DFBF4E],Temas,table,measure,quantitative,,,,,,
2_1aTasasdepobreza,DHBEvolucinTemporal,2.1a Tasas de pobreza.twb,DATOS_ADMIN_SM,federated.0qiz8oi1sb3cd813zi06q01yhyh5,[__tableau_internal_object_id__].[provincia.shp_62D62B83F60E430CB2E4544483D1F16A],Provincias,table,measure,quantitative,,,,,,
2_1aTasasdepobreza,DHBEvolucinTemporal,2.1a Tasas de pobreza.twb,DATOS_ADMIN_SM,federated.0qiz8oi1sb3cd813zi06q01yhyh5,[entidad],Entidad,integer,measure,quantitative,,,,,,
2_1aTasasdepobreza,DHBEvolucinTemporal,2.1a Tasas de pobreza.twb,DATOS_ADMIN_SM,federated.0qiz8oi1sb3cd813zi06q01yhyh5,[fdc],Fdc,string,dimension,nominal,,,,,,
2_1aTasasdepobreza,DHBEvolucinTemporal,2.1a Tasas de pobreza.twb,DATOS_ADMIN_SM,federated.0qiz8oi1sb3cd813zi06q01yhyh5,[fna],Fna,string,dimension,nominal,,,,,,
2_1aTasasdepobreza,DHBEvolucinTemporal,2.1a Tasas de pobreza.twb,DATOS_ADMIN_SM,federated.0qiz8oi1sb3cd813zi06q01yhyh5,[gid],Gid,integer,measure,quantitative,,,,,,
2_1aTasasdepobreza,DHBEvolucinTemporal,2.1a Tasas de pobreza.twb,DATOS_ADMIN_SM,federated.0qiz8oi1sb3cd813zi06q01yhyh5,[gna],Gna,string,dimension,nominal,,,,,,
2_1aTasasdepobreza,DHBEvolucinTemporal,2.1a Tasas de pobreza.twb,DATOS_ADMIN_SM,federated.0qiz8oi1sb3cd813zi06q01yhyh5,[in1],In1,string,dimension,nominal,,,,,,
2_1aTasasdepobreza,DHBEvolucinTemporal,2.1a Tasas de pobreza.twb,DATOS_ADMIN_SM,federated.0qiz8oi1sb3cd813zi06q01yhyh5,[nam],Nombre provincia,string,dimension,nominal,,,true,,,
2_1aTasasdepobreza,DHBEvolucinTemporal,2.1a Tasas de pobreza.twb,DATOS_ADMIN_SM,federated.0qiz8oi1sb3cd813zi06q01yhyh5,[objeto],Objeto,string,dimension,nominal,,,,,,
2_1aTasasdepobreza,DHBEvolucinTemporal,2.1a Tasas de pobreza.twb,DATOS_ADMIN_SM,federated.0qiz8oi1sb3cd813zi06q01yhyh5,[sag],Sag,string,dimension,nominal,,,,,,
2_1aTasasdepobreza,DHBEvolucinTemporal,2.1a Tasas de pobreza.twb,DATOS_ADMIN_SM,federated.0qiz8oi1sb3cd813zi06q01yhyh5,[Gráfico seleccionado (copia)_541839333440561152],p_grafico_cruces_relevantes,string,measure,nominal,,,,list,tableau,"""Barras y tabla"""
2_1aTasasdepobreza,DHBEvolucinTemporal,2.1a Tasas de pobreza.twb,DATOS_ADMIN_SM,federated.0qiz8oi1sb3cd813zi06q01yhyh5,[Parametro gráfico (copia)_541839334149496838],p_seccion,string,measure,nominal,,,,list,tableau,"""Situación General"""
2_1aTasasdepobreza,DHBEvolucinTemporal,2.1a Tasas de pobreza.twb,DATOS_ADMIN_SM,federated.0qiz8oi1sb3cd813zi06q01yhyh5,[Parámetro 1],p_grafico,string,measure,nominal,,,,list,tableau,"""Evolución temporal"""
2_1aTasasdepobreza,DHBEvolucinTemporal,2.1a Tasas de pobreza.twb,DATOS_ADMIN_SM,federated.0qiz8oi1sb3cd813zi06q01yhyh5,[Parámetro 2],p_tablero,string,measure,nominal,,,,list,tableau,"""2.1a. Pobreza monetaria. Tasa de pobreza e indigencia"""
2_1aTasasdepobreza,DHBEvolucinTemporal,2.1a Tasas de pobreza.twb,DATOS_ADMIN_SM,federated.0qiz8oi1sb3cd813zi06q01yhyh5,[p_grafico (copia)],p_mostrar_indicadores,boolean,measure,nominal,,,,list,tableau,false
2_1aTasasdepobreza,DHBEvolucinTemporal,2.1a Tasas de pobreza.twb,DATOS_ADMIN_SM,federated.0qiz8oi1sb3cd813zi06q01yhyh5,[p_grafico_apertura_grupo (copia)_1886797147614048275],p_grafico_caracteristicas,string,measure,nominal,,,,list,tableau,"""Todos"""
2_1aTasasdepobreza,DHBEvolucinTemporal,2.1a Tasas de pobreza.twb,DATOS_ADMIN_SM,federated.0qiz8oi1sb3cd813zi06q01yhyh5,[p_mostrar_indicadores (copy)_4723009404655562774],p_ver_graficos_caracteristicas,boolean,measure,nominal,,,,list,tableau,false
2_1aTasasdepobreza,DHBEvolucinTemporal,2.1a Tasas de pobreza.twb,DATOS_ADMIN_SM,federated.0qiz8oi1sb3cd813zi06q01yhyh5,[p_ver_graficos_caracteristicas (copy)_54254335857623040],p_ver_graficos_cruces_relevantes,boolean,measure,nominal,,,,list,tableau,false
2_1aTasasdepobreza,DHBEvolucinTemporal,2.1a Tasas de pobreza.twb,DATOS_ADMIN_SM,federated.0qiz8oi1sb3cd813zi06q01yhyh5,[p_ver_graficos_cruces_relevantes (copy)_54254335887020034],p_ver_graficos_dist_territorial,boolean,measure,nominal,,,,list,tableau,false
2_1aTasasdepobreza,DHBEvolucinTemporal,2.1a Tasas de pobreza.twb,DATOS_ADMIN_SM,federated.0qiz8oi1sb3cd813zi06q01yhyh5,[p_ver_graficos_dist_territorial (copy)_54254335887122435],p_ver_graficos_evol_temporal,boolean,measure,nominal,,,,list,tableau,false
2_1aTasasdepobreza,DHBEvolucinTemporal,2.1a Tasas de pobreza.twb,DATOS_ADMIN_SM,federated.0qiz8oi1sb3cd813zi06q01yhyh5,CONFIGURACION_ID,,integer,,,,,,,,
2_1aTasasdepobreza,DHBEvolucinTemporal,2.1a Tasas de pobreza.twb,DATOS_ADMIN_SM,federated.0qiz8oi1sb3cd813zi06q01yhyh5,CONFIGURACION_URL_SM,,string,,,,,,,,
2_1aTasasdepobreza,DHBEvolucinTemporal,2.1a Tasas de pobreza.twb,DATOS_ADMIN_SM,federated.0qiz8oi1sb3cd813zi06q01yhyh5,CONFIG_URL_ADMIN_SM,,string,,,,,,,,
2_1aTasasdepobreza,DHBEvolucinTemporal,2.1a Tasas de pobreza.twb,DATOS_ADMIN_SM,federated.0qiz8oi1sb3cd813zi06q01yhyh5,CONFIGURACION_URL_DEFENSORIA,,string,,,,,,,,
2_1aTasasdepobreza,DHBEvolucinTemporal,2.1a Tasas de pobreza.twb,DATOS_ADMIN_SM,federated.0qiz8oi1sb3cd813zi06q01yhyh5,CONFIGURACION_DESCRIPCION,,string,,,,,,,,
2_1aTasasdepobreza,DHBEvolucinTemporal,2.1a Tasas de pobreza.twb,DATOS_ADMIN_SM,federated.0qiz8oi1sb3cd813zi06q01yhyh5,CONFIGURACION_URL_FICHA_INDICADOR,,string,,,,,,,,
2_1aTasasdepobreza,DHBEvolucinTemporal,2.1a Tasas de pobreza.twb,DATOS_ADMIN_SM,federated.0qiz8oi1sb3cd813zi06q01yhyh5,CONFIGURACION_URL_FICHA_TABLERO,,string,,,,,,,,
2_1aTasasdepobreza,DHBEvolucinTemporal,2.1a Tasas de pobreza.twb,DATOS_ADMIN_SM,federated.0qiz8oi1sb3cd813zi06q01yhyh5,CONFIGURACION_URL_DOC_TECNICO_TABLERO,,string,,,,,,,,
2_1aTasasdepobreza,DHBEvolucinTemporal,2.1a Tasas de pobreza.twb,DATOS_ADMIN_SM,federated.0qiz8oi1sb3cd813zi06q01yhyh5,CONFIGURACION_URL_REPORTE_TABLERO,,string,,,,,,,,
2_1aTasasdepobreza,DHBEvolucinTemporal,2.1a Tasas de pobreza.twb,DATOS_ADMIN_SM,federated.0qiz8oi1sb3cd813zi06q01yhyh5,CONFIGURACION_EMAIL_CONTACTO,,string,,,,,,,,
2_1aTasasdepobreza,DHBEvolucinTemporal,2.1a Tasas de pobreza.twb,DATOS_ADMIN_SM,federated.0qiz8oi1sb3cd813zi06q01yhyh5,CONFIGURACION_URL_DOC_METODOLOGICO,,string,,,,,,,,
2_1aTasasdepobreza,DHBEvolucinTemporal,2.1a Tasas de pobreza.twb,DATOS_ADMIN_SM,federated.0qiz8oi1sb3cd813zi06q01yhyh5,CONFIGURACION_URL_INSTRUCTIVO_NAV,,string,,,,,,,,
2_1aTasasdepobreza,DHBEvolucinTemporal,2.1a Tasas de pobreza.twb,DATOS_ADMIN_SM,federated.0qiz8oi1sb3cd813zi06q01yhyh5,TEMA_ID,,string,,,,,,,,
2_1aTasasdepobreza,DHBEvolucinTemporal,2.1a Tasas de pobreza.twb,DATOS_ADMIN_SM,federated.0qiz8oi1sb3cd813zi06q01yhyh5,TEMA_NOMBRE,,string,,,,,,,,
2_1aTasasdepobreza,DHBEvolucinTemporal,2.1a Tasas de pobreza.twb,DATOS_ADMIN_SM,federated.0qiz8oi1sb3cd813zi06q01yhyh5,TABLERO_ID,,string,,,,,,,,
2_1aTasasdepobreza,DHBEvolucinTemporal,2.1a Tasas de pobreza.twb,DATOS_ADMIN_SM,federated.0qiz8oi1sb3cd813zi06q01yhyh5,TABLERO_NOMBRE,,string,,,,,,,,
2_1aTasasdepobreza,DHBEvolucinTemporal,2.1a Tasas de pobreza.twb,DATOS_ADMIN_SM,federated.0qiz8oi1sb3cd813zi06q01yhyh5,SECCION_ID,,string,,,,,,,,
2_1aTasasdepobreza,DHBEvolucinTemporal,2.1a Tasas de pobreza.twb,DATOS_ADMIN_SM,federated.0qiz8oi1sb3cd813zi06q01yhyh5,SECCION_NOMBRE,,string,,,,,,,,
2_1aTasasdepobreza,DHBEvolucinTemporal,2.1a Tasas de pobreza.twb,DATOS_ADMIN_SM,federated.0qiz8oi1sb3cd813zi06q01yhyh5,GRUPO_INDICADOR_ID,,string,,,,,,,,
2_1aTasasdepobreza,DHBEvolucinTemporal,2.1a Tasas de pobreza.twb,DATOS_ADMIN_SM,federated.0qiz8oi1sb3cd813zi06q01yhyh5,GRUPO_INDICADOR_NOMBRE,,string,,,,,,,,
2_1aTasasdepobreza,DHBEvolucinTemporal,2.1a Tasas de pobreza.twb,DATOS_ADMIN_SM,federated.0qiz8oi1sb3cd813zi06q01yhyh5,INDICADOR_ID,,string,,,,,,,,
2_1aTasasdepobreza,DHBEvolucinTemporal,2.1a Tasas de pobreza.twb,DATOS_ADMIN_SM,federated.0qiz8oi1sb3cd813zi06q01yhyh5,INDICADOR_NOMBRE,,string,,,,,,,,
2_1aTasasdepobreza,DHBEvolucinTemporal,2.1a Tasas de pobreza.twb,DATOS_ADMIN_SM,federated.0qiz8oi1sb3cd813zi06q01yhyh5,TIPO_DE_DATO,,string,,,,,,,,
2_1aTasasdepobreza,DHBEvolucinTemporal,2.1a Tasas de pobreza.twb,DATOS_ADMIN_SM,federated.0qiz8oi1sb3cd813zi06q01yhyh5,ID_DATO_SM,,string,,,,,,,,
2_1aTasasdepobreza,DHBEvolucinTemporal,2.1a Tasas de pobreza.twb,DATOS_ADMIN_SM,federated.0qiz8oi1sb3cd813zi06q01yhyh5,DATO_DE_SISTEMA,,string,,,,,,,,
2_1aTasasdepobreza,DHBEvolucinTemporal,2.1a Tasas de pobreza.twb,DATOS_ADMIN_SM,federated.0qiz8oi1sb3cd813zi06q01yhyh5,ANIO,,string,,,,,,,,
2_1aTasasdepobreza,DHBEvolucinTemporal,2.1a Tasas de pobreza.twb,DATOS_ADMIN_SM,federated.0qiz8oi1sb3cd813zi06q01yhyh5,MES,,string,,,,,,,,
2_1aTasasdepobreza,DHBEvolucinTemporal,2.1a Tasas de pobreza.twb,DATOS_ADMIN_SM,federated.0qiz8oi1sb3cd813zi06q01yhyh5,UNIDAD_GEOGRAFICA_CODIGO,,string,,,,,,,,
2_1aTasasdepobreza,DHBEvolucinTemporal,2.1a Tasas de pobreza.twb,DATOS_ADMIN_SM,federated.0qiz8oi1sb3cd813zi06q01yhyh5,UNIDAD_GEOGRAFICA_NOMBRE,,string,,,,,,,,
2_1aTasasdepobreza,DHBEvolucinTemporal,2.1a Tasas de pobreza.twb,DATOS_ADMIN_SM,federated.0qiz8oi1sb3cd813zi06q01yhyh5,SUB_UNIDAD_GEOGRAFICA,,string,,,,,,,,
2_1aTasasdepobreza,DHBEvolucinTemporal,2.1a Tasas de pobreza.twb,DATOS_ADMIN_SM,federated.0qiz8oi1sb3cd813zi06q01yhyh5,APERTURA_DESCRIPCION,,string,,,,,,,,
2_1aTasasdepobreza,DHBEvolucinTemporal,2.1a Tasas de pobreza.twb,DATOS_ADMIN_SM,federated.0qiz8oi1sb3cd813zi06q01yhyh5,APERTURA_NIVEL_1,,string,,,,,,,,
2_1aTasasdepobreza,DHBEvolucinTemporal,2.1a Tasas de pobreza.twb,DATOS_ADMIN_SM,federated.0qiz8oi1sb3cd813zi06q01yhyh5,MODALIDAD_APERTURA_NIVEL_1,,string,,,,,,,,
2_1aTasasdepobreza,DHBEvolucinTemporal,2.1a Tasas de pobreza.twb,DATOS_ADMIN_SM,federated.0qiz8oi1sb3cd813zi06q01yhyh5,APERTURA_NIVEL_2,,string,,,,,,,,
2_1aTasasdepobreza,DHBEvolucinTemporal,2.1a Tasas de pobreza.twb,DATOS_ADMIN_SM,federated.0qiz8oi1sb3cd813zi06q01yhyh5,MODALIDAD_APERTURA_NIVEL_2,,string,,,,,,,,
2_1aTasasdepobreza,DHBEvolucinTemporal,2.1a Tasas de pobreza.twb,DATOS_ADMIN_SM,federated.0qiz8oi1sb3cd813zi06q01yhyh5,VALOR,,string,,,,,,,,
2_1aTasasdepobreza,DHBEvolucinTemporal,2.1a Tasas de pobreza.twb,DATOS_ADMIN_SM,federated.0qiz8oi1sb3cd813zi06q01yhyh5,VALOR_AUXILIAR,,string,,,,,,,,
2_1aTasasdepobreza,DHBEvolucinTemporal,2.1a Tasas de pobreza.twb,DATOS_ADMIN_SM,federated.0qiz8oi1sb3cd813zi06q01yhyh5,GRUPO_INDICADOR_ID,,string,,,,,,,,
2_1aTasasdepobreza,DHBEvolucinTemporal,2.1a Tasas de pobreza.twb,DATOS_ADMIN_SM,federated.0qiz8oi1sb3cd813zi06q01yhyh5,GRUPO_INDICADOR_CODIGO,,string,,,,,,,,
2_1aTasasdepobreza,DHBEvolucinTemporal,2.1a Tasas de pobreza.twb,DATOS_ADMIN_SM,federated.0qiz8oi1sb3cd813zi06q01yhyh5,GRUPO_INDICADOR_NOMBRE,,string,,,,,,,,
2_1aTasasdepobreza,DHBEvolucinTemporal,2.1a Tasas de pobreza.twb,DATOS_ADMIN_SM,federated.0qiz8oi1sb3cd813zi06q01yhyh5,GRUPO_INDICADOR_ORDEN,,string,,,,,,,,
2_1aTasasdepobreza,DHBEvolucinTemporal,2.1a Tasas de pobreza.twb,DATOS_ADMIN_SM,federated.0qiz8oi1sb3cd813zi06q01yhyh5,GRUPO_INDICADOR_FUENTES,,string,,,,,,,,
2_1aTasasdepobreza,DHBEvolucinTemporal,2.1a Tasas de pobreza.twb,DATOS_ADMIN_SM,federated.0qiz8oi1sb3cd813zi06q01yhyh5,GRUPO_INDICADOR_DEFINICION,,string,,,,,,,,
2_1aTasasdepobreza,DHBEvolucinTemporal,2.1a Tasas de pobreza.twb,DATOS_ADMIN_SM,federated.0qiz8oi1sb3cd813zi06q01yhyh5,GRUPO_INDICADOR_DESC_METODOLOGICA,,string,,,,,,,,
2_1aTasasdepobreza,DHBEvolucinTemporal,2.1a Tasas de pobreza.twb,DATOS_ADMIN_SM,federated.0qiz8oi1sb3cd813zi06q01yhyh5,INDICADOR_ID,,string,,,,,,,,
2_1aTasasdepobreza,DHBEvolucinTemporal,2.1a Tasas de pobreza.twb,DATOS_ADMIN_SM,federated.0qiz8oi1sb3cd813zi06q01yhyh5,INDICADOR_CODIGO,,string,,,,,,,,
2_1aTasasdepobreza,DHBEvolucinTemporal,2.1a Tasas de pobreza.twb,DATOS_ADMIN_SM,federated.0qiz8oi1sb3cd813zi06q01yhyh5,INDICADOR_NOMBRE,,string,,,,,,,,
2_1aTasasdepobreza,DHBEvolucinTemporal,2.1a Tasas de pobreza.twb,DATOS_ADMIN_SM,federated.0qiz8oi1sb3cd813zi06q01yhyh5,INDICADOR_ORDEN,,string,,,,,,,,
2_1aTasasdepobreza,DHBEvolucinTemporal,2.1a Tasas de pobreza.twb,DATOS_ADMIN_SM,federated.0qiz8oi1sb3cd813zi06q01yhyh5,INDICADOR_UNIDAD_MEDIDA_NOMBRE,,string,,,,,,,,
2_1aTasasdepobreza,DHBEvolucinTemporal,2.1a Tasas de pobreza.twb,DATOS_ADMIN_SM,federated.0qiz8oi1sb3cd813zi06q01yhyh5,INDICADOR_UNIDAD_MEDIDA_CODIGO,,string,,,,,,,,
2_1aTasasdepobreza,DHBEvolucinTemporal,2.1a Tasas de pobreza.twb,DATOS_ADMIN_SM,federated.0qiz8oi1sb3cd813zi06q01yhyh5,INDICADOR_UNIDAD_MEDIDA_DESCRIPCION,,string,,,,,,,,
2_1aTasasdepobreza,DHBEvolucinTemporal,2.1a Tasas de pobreza.twb,DATOS_ADMIN_SM,federated.0qiz8oi1sb3cd813zi06q01yhyh5,INDICADOR_FORMULA,,string,,,,,,,,
2_1aTasasdepobreza,DHBEvolucinTemporal,2.1a Tasas de pobreza.twb,DATOS_ADMIN_SM,federated.0qiz8oi1sb3cd813zi06q01yhyh5,INDICADOR_DEFINICION,,string,,,,,,,,
2_1aTasasdepobreza,DHBEvolucinTemporal,2.1a Tasas de pobreza.twb,DATOS_ADMIN_SM,federated.0qiz8oi1sb3cd813zi06q01yhyh5,INDICADOR_DESC_METODOLOGICA,,string,,,,,,,,
2_1aTasasdepobreza,DHBEvolucinTemporal,2.1a Tasas de pobreza.twb,DATOS_ADMIN_SM,federated.0qiz8oi1sb3cd813zi06q01yhyh5,INDICADOR_DE_SISTEMA,,string,,,,,,,,
2_1aTasasdepobreza,DHBEvolucinTemporal,2.1a Tasas de pobreza.twb,DATOS_ADMIN_SM,federated.0qiz8oi1sb3cd813zi06q01yhyh5,TABLERO_ID,,string,,,,,,,,
2_1aTasasdepobreza,DHBEvolucinTemporal,2.1a Tasas de pobreza.twb,DATOS_ADMIN_SM,federated.0qiz8oi1sb3cd813zi06q01yhyh5,TABLERO_NOMBRE,,string,,,,,,,,
2_1aTasasdepobreza,DHBEvolucinTemporal,2.1a Tasas de pobreza.twb,DATOS_ADMIN_SM,federated.0qiz8oi1sb3cd813zi06q01yhyh5,TABLERO_DESCRIPCION,,string,,,,,,,,
2_1aTasasdepobreza,DHBEvolucinTemporal,2.1a Tasas de pobreza.twb,DATOS_ADMIN_SM,federated.0qiz8oi1sb3cd813zi06q01yhyh5,TABLERO_DERECHOS_ASOCIADOS,,string,,,,,,,,
2_1aTasasdepobreza,DHBEvolucinTemporal,2.1a Tasas de pobreza.twb,DATOS_ADMIN_SM,federated.0qiz8oi1sb3cd813zi06q01yhyh5,TABLERO_FECHA_ULT_CARGA_DATOS,,datetime,,,,,,,,
2_1aTasasdepobreza,DHBEvolucinTemporal,2.1a Tasas de pobreza.twb,DATOS_ADMIN_SM,federated.0qiz8oi1sb3cd813zi06q01yhyh5,TABLERO_CONFIGURACION_ID,,string,,,,,,,,
2_1aTasasdepobreza,DHBEvolucinTemporal,2.1a Tasas de pobreza.twb,DATOS_ADMIN_SM,federated.0qiz8oi1sb3cd813zi06q01yhyh5,TABLERO_DE_SISTEMA,,string,,,,,,,,
2_1aTasasdepobreza,DHBEvolucinTemporal,2.1a Tasas de pobreza.twb,DATOS_ADMIN_SM,federated.0qiz8oi1sb3cd813zi06q01yhyh5,TEMA_ID,,string,,,,,,,,
2_1aTasasdepobreza,DHBEvolucinTemporal,2.1a Tasas de pobreza.twb,DATOS_ADMIN_SM,federated.0qiz8oi1sb3cd813zi06q01yhyh5,TEMA_NOMBRE,,string,,,,,,,,
2_1aTasasdepobreza,DHBEvolucinTemporal,2.1a Tasas de pobreza.twb,DATOS_ADMIN_SM,federated.0qiz8oi1sb3cd813zi06q01yhyh5,TEMA_DESCRIPCION,,string,,,,,,,,
2_1aTasasdepobreza,DHBEvolucinTemporal,2.1a Tasas de pobreza.twb,DATOS_ADMIN_SM,federated.0qiz8oi1sb3cd813zi06q01yhyh5,TEMA_DE_SISTEMA,,string,,,,,,,,
2_1aTasasdepobreza,DHBEvolucinTemporal,2.1a Tasas de pobreza.twb,DATOS_ADMIN_SM,federated.0qiz8oi1sb3cd813zi06q01yhyh5,gid,,integer,,,,,,,,
2_1aTasasdepobreza,DHBEvolucinTemporal,2.1a Tasas de pobreza.twb,DATOS_ADMIN_SM,federated.0qiz8oi1sb3cd813zi06q01yhyh5,entidad,,integer,,,,,,,,
2_1aTasasdepobreza,DHBEvolucinTemporal,2.1a Tasas de pobreza.twb,DATOS_ADMIN_SM,federated.0qiz8oi1sb3cd813zi06q01yhyh5,objeto,,string,,,,,,,,
2_1aTasasdepobreza,DHBEvolucinTemporal,2.1a Tasas de pobreza.twb,DATOS_ADMIN_SM,federated.0qiz8oi1sb3cd813zi06q01yhyh5,fna,,string,,,,,,,,
2_1aTasasdepobreza,DHBEvolucinTemporal,2.1a Tasas de pobreza.twb,DATOS_ADMIN_SM,federated.0qiz8oi1sb3cd813zi06q01yhyh5,gna,,string,,,,,,,,
2_1aTasasdepobreza,DHBEvolucinTemporal,2.1a Tasas de pobreza.twb,DATOS_ADMIN_SM,federated.0qiz8oi1sb3cd813zi06q01yhyh5,nam,,string,,,,,,,,
2_1aTasasdepobreza,DHBEvolucinTemporal,2.1a Tasas de pobreza.twb,DATOS_ADMIN_SM,federated.0qiz8oi1sb3cd813zi06q01yhyh5,in1,,string,,,,,,,,
2_1aTasasdepobreza,DHBEvolucinTemporal,2.1a Tasas de pobreza.twb,DATOS_ADMIN_SM,federated.0qiz8oi1sb3cd813zi06q01yhyh5,fdc,,string,,,,,,,,
2_1aTasasdepobreza,DHBEvolucinTemporal,2.1a Tasas de pobreza.twb,DATOS_ADMIN_SM,federated.0qiz8oi1sb3cd813zi06q01yhyh5,sag,,string,,,,,,,,
2_1aTasasdepobreza,DHBEvolucinTemporal,2.1a Tasas de pobreza.twb,DATOS_ADMIN_SM,federated.0qiz8oi1sb3cd813zi06q01yhyh5,Geometry,,spatial,,,,,,,,
3_3dMatrculaECNivelSecundario,DHBEvolucinTemporal,3.3d Matr├¡cula EC Nivel secundario.twb,Parameters,Parameters,[Gráfico seleccionado (copia)_541839333440561152],p_grafico_cruces_relevantes,string,measure,nominal,,,,list,tableau,"""Barras y tabla"""
3_3dMatrculaECNivelSecundario,DHBEvolucinTemporal,3.3d Matr├¡cula EC Nivel secundario.twb,Parameters,Parameters,[Parametro gráfico (copia)_541839334149496838],p_seccion,string,measure,nominal,,,,list,tableau,"""Situación General"""
3_3dMatrculaECNivelSecundario,DHBEvolucinTemporal,3.3d Matr├¡cula EC Nivel secundario.twb,Parameters,Parameters,[Parámetro 1],p_grafico,string,measure,nominal,,,,list,tableau,"""Evolución temporal"""
3_3dMatrculaECNivelSecundario,DHBEvolucinTemporal,3.3d Matr├¡cula EC Nivel secundario.twb,Parameters,Parameters,[Parámetro 2],p_tablero,string,measure,nominal,,,,list,tableau,"""3.3d. Matrícula de la Educación común. Nivel secundario"""
3_3dMatrculaECNivelSecundario,DHBEvolucinTemporal,3.3d Matr├¡cula EC Nivel secundario.twb,Parameters,Parameters,[Parámetro 3],p_codigo_indicador,string,measure,nominal,,,,any,tableau,""""""
3_3dMatrculaECNivelSecundario,DHBEvolucinTemporal,3.3d Matr├¡cula EC Nivel secundario.twb,Parameters,Parameters,[p_grafico (copia)],p_mostrar_indicadores,boolean,measure,nominal,,,,list,tableau,false
3_3dMatrculaECNivelSecundario,DHBEvolucinTemporal,3.3d Matr├¡cula EC Nivel secundario.twb,Parameters,Parameters,[p_grafico_apertura_grupo (copia)_1886797147614048275],p_grafico_caracteristicas,string,measure,nominal,,,,list,tableau,"""Todos"""
3_3dMatrculaECNivelSecundario,DHBEvolucinTemporal,3.3d Matr├¡cula EC Nivel secundario.twb,Parameters,Parameters,[p_mostrar_indicadores (copy)_4723009404655562774],p_ver_graficos_caracteristicas,boolean,measure,nominal,,,,list,tableau,false
3_3dMatrculaECNivelSecundario,DHBEvolucinTemporal,3.3d Matr├¡cula EC Nivel secundario.twb,Parameters,Parameters,[p_ver_graficos_caracteristicas (copy)_54254335857623040],p_ver_graficos_cruces_relevantes,boolean,measure,nominal,,,,list,tableau,false
3_3dMatrculaECNivelSecundario,DHBEvolucinTemporal,3.3d Matr├¡cula EC Nivel secundario.twb,Parameters,Parameters,[p_ver_graficos_cruces_relevantes (copy)_54254335887020034],p_ver_graficos_dist_territorial,boolean,measure,nominal,,,,list,tableau,false
3_3dMatrculaECNivelSecundario,DHBEvolucinTemporal,3.3d Matr├¡cula EC Nivel secundario.twb,Parameters,Parameters,[p_ver_graficos_dist_territorial (copy)_54254335887122435],p_ver_graficos_evol_temporal,boolean,measure,nominal,,,,list,tableau,false
3_3dMatrculaECNivelSecundario,DHBEvolucinTemporal,3.3d Matr├¡cula EC Nivel secundario.twb,DATOS_ADMIN_SM,federated.0qiz8oi1sb3cd813zi06q01yhyh5,TEMA_ID,,string,,,,,,,,
3_3dMatrculaECNivelSecundario,DHBEvolucinTemporal,3.3d Matr├¡cula EC Nivel secundario.twb,DATOS_ADMIN_SM,federated.0qiz8oi1sb3cd813zi06q01yhyh5,TEMA_NOMBRE,,string,,,,,,,,
3_3dMatrculaECNivelSecundario,DHBEvolucinTemporal,3.3d Matr├¡cula EC Nivel secundario.twb,DATOS_ADMIN_SM,federated.0qiz8oi1sb3cd813zi06q01yhyh5,TABLERO_ID,,string,,,,,,,,
3_3dMatrculaECNivelSecundario,DHBEvolucinTemporal,3.3d Matr├¡cula EC Nivel secundario.twb,DATOS_ADMIN_SM,federated.0qiz8oi1sb3cd813zi06q01yhyh5,TABLERO_NOMBRE,,string,,,,,,,,
3_3dMatrculaECNivelSecundario,DHBEvolucinTemporal,3.3d Matr├¡cula EC Nivel secundario.twb,DATOS_ADMIN_SM,federated.0qiz8oi1sb3cd813zi06q01yhyh5,SECCION_ID,,string,,,,,,,,
3_3dMatrculaECNivelSecundario,DHBEvolucinTemporal,3.3d Matr├¡cula EC Nivel secundario.twb,DATOS_ADMIN_SM,federated.0qiz8oi1sb3cd813zi06q01yhyh5,SECCION_NOMBRE,,string,,,,,,,,
3_3dMatrculaECNivelSecundario,DHBEvolucinTemporal,3.3d Matr├¡cula EC Nivel secundario.twb,DATOS_ADMIN_SM,federated.0qiz8oi1sb3cd813zi06q01yhyh5,GRUPO_INDICADOR_ID,,string,,,,,,,,
3_3dMatrculaECNivelSecundario,DHBEvolucinTemporal,3.3d Matr├¡cula EC Nivel secundario.twb,DATOS_ADMIN_SM,federated.0qiz8oi1sb3cd813zi06q01yhyh5,GRUPO_INDICADOR_NOMBRE,,string,,,,,,,,
3_3dMatrculaECNivelSecundario,DHBEvolucinTemporal,3.3d Matr├¡cula EC Nivel secundario.twb,DATOS_ADMIN_SM,federated.0qiz8oi1sb3cd813zi06q01yhyh5,INDICADOR_ID,,string,,,,,,,,
3_3dMatrculaECNivelSecundario,DHBEvolucinTemporal,3.3d Matr├¡cula EC Nivel secundario.twb,DATOS_ADMIN_SM,federated.0qiz8oi1sb3cd813zi06q01yhyh5,INDICADOR_NOMBRE,,string,,,,,,,,
3_3dMatrculaECNivelSecundario,DHBEvolucinTemporal,3.3d Matr├¡cula EC Nivel secundario.twb,DATOS_ADMIN_SM,federated.0qiz8oi1sb3cd813zi06q01yhyh5,TIPO_DE_DATO,,string,,,,,,,,
3_3dMatrculaECNivelSecundario,DHBEvolucinTemporal,3.3d Matr├¡cula EC Nivel secundario.twb,DATOS_ADMIN_SM,federated.0qiz8oi1sb3cd813zi06q01yhyh5,ID_DATO_SM,,string,,,,,,,,
3_3dMatrculaECNivelSecundario,DHBEvolucinTemporal,3.3d Matr├¡cula EC Nivel secundario.twb,DATOS_ADMIN_SM,federated.0qiz8oi1sb3cd813zi06q01yhyh5,DATO_DE_SISTEMA,,string,,,,,,,,
3_3dMatrculaECNivelSecundario,DHBEvolucinTemporal,3.3d Matr├¡cula EC Nivel secundario.twb,DATOS_ADMIN_SM,federated.0qiz8oi1sb3cd813zi06q01yhyh5,ANIO,,string,,,,,,,,
3_3dMatrculaECNivelSecundario,DHBEvolucinTemporal,3.3d Matr├¡cula EC Nivel secundario.twb,DATOS_ADMIN_SM,federated.0qiz8oi1sb3cd813zi06q01yhyh5,MES,,string,,,,,,,,
3_3dMatrculaECNivelSecundario,DHBEvolucinTemporal,3.3d Matr├¡cula EC Nivel secundario.twb,DATOS_ADMIN_SM,federated.0qiz8oi1sb3cd813zi06q01yhyh5,UNIDAD_GEOGRAFICA_CODIGO,,string,,,,,,,,
3_3dMatrculaECNivelSecundario,DHBEvolucinTemporal,3.3d Matr├¡cula EC Nivel secundario.twb,DATOS_ADMIN_SM,federated.0qiz8oi1sb3cd813zi06q01yhyh5,UNIDAD_GEOGRAFICA_NOMBRE,,string,,,,,,,,
3_3dMatrculaECNivelSecundario,DHBEvolucinTemporal,3.3d Matr├¡cula EC Nivel secundario.twb,DATOS_ADMIN_SM,federated.0qiz8oi1sb3cd813zi06q01yhyh5,SUB_UNIDAD_GEOGRAFICA,,string,,,,,,,,
3_3dMatrculaECNivelSecundario,DHBEvolucinTemporal,3.3d Matr├¡cula EC Nivel secundario.twb,DATOS_ADMIN_SM,federated.0qiz8oi1sb3cd813zi06q01yhyh5,APERTURA_DESCRIPCION,,string,,,,,,,,
3_3dMatrculaECNivelSecundario,DHBEvolucinTemporal,3.3d Matr├¡cula EC Nivel secundario.twb,DATOS_ADMIN_SM,federated.0qiz8oi1sb3cd813zi06q01yhyh5,APERTURA_NIVEL_1,,string,,,,,,,,
3_3dMatrculaECNivelSecundario,DHBEvolucinTemporal,3.3d Matr├¡cula EC Nivel secundario.twb,DATOS_ADMIN_SM,federated.0qiz8oi1sb3cd813zi06q01yhyh5,MODALIDAD_APERTURA_NIVEL_1,,string,,,,,,,,
3_3dMatrculaECNivelSecundario,DHBEvolucinTemporal,3.3d Matr├¡cula EC Nivel secundario.twb,DATOS_ADMIN_SM,federated.0qiz8oi1sb3cd813zi06q01yhyh5,APERTURA_NIVEL_2,,string,,,,,,,,
3_3dMatrculaECNivelSecundario,DHBEvolucinTemporal,3.3d Matr├¡cula EC Nivel secundario.twb,DATOS_ADMIN_SM,federated.0qiz8oi1sb3cd813zi06q01yhyh5,MODALIDAD_APERTURA_NIVEL_2,,string,,,,,,,,
3_3dMatrculaECNivelSecundario,DHBEvolucinTemporal,3.3d Matr├¡cula EC Nivel secundario.twb,DATOS_ADMIN_SM,federated.0qiz8oi1sb3cd813zi06q01yhyh5,VALOR,,string,,,,,,,,
3_3dMatrculaECNivelSecundario,DHBEvolucinTemporal,3.3d Matr├¡cula EC Nivel secundario.twb,DATOS_ADMIN_SM,federated.0qiz8oi1sb3cd813zi06q01yhyh5,VALOR_AUXILIAR,,string,,,,,,,,
3_3dMatrculaECNivelSecundario,DHBEvolucinTemporal,3.3d Matr├¡cula EC Nivel secundario.twb,DATOS_ADMIN_SM,federated.0qiz8oi1sb3cd813zi06q01yhyh5,GRUPO_INDICADOR_ID,,string,,,,,,,,
3_3dMatrculaECNivelSecundario,DHBEvolucinTemporal,3.3d Matr├¡cula EC Nivel secundario.twb,DATOS_ADMIN_SM,federated.0qiz8oi1sb3cd813zi06q01yhyh5,GRUPO_INDICADOR_CODIGO,,string,,,,,,,,
3_3dMatrculaECNivelSecundario,DHBEvolucinTemporal,3.3d Matr├¡cula EC Nivel secundario.twb,DATOS_ADMIN_SM,federated.0qiz8oi1sb3cd813zi06q01yhyh5,GRUPO_INDICADOR_NOMBRE,,string,,,,,,,,
3_3dMatrculaECNivelSecundario,DHBEvolucinTemporal,3.3d Matr├¡cula EC Nivel secundario.twb,DATOS_ADMIN_SM,federated.0qiz8oi1sb3cd813zi06q01yhyh5,GRUPO_INDICADOR_ORDEN,,string,,,,,,,,
3_3dMatrculaECNivelSecundario,DHBEvolucinTemporal,3.3d Matr├¡cula EC Nivel secundario.twb,DATOS_ADMIN_SM,federated.0qiz8oi1sb3cd813zi06q01yhyh5,GRUPO_INDICADOR_FUENTES,,string,,,,,,,,
3_3dMatrculaECNivelSecundario,DHBEvolucinTemporal,3.3d Matr├¡cula EC Nivel secundario.twb,DATOS_ADMIN_SM,federated.0qiz8oi1sb3cd813zi06q01yhyh5,GRUPO_INDICADOR_DEFINICION,,string,,,,,,,,
3_3dMatrculaECNivelSecundario,DHBEvolucinTemporal,3.3d Matr├¡cula EC Nivel secundario.twb,DATOS_ADMIN_SM,federated.0qiz8oi1sb3cd813zi06q01yhyh5,GRUPO_INDICADOR_DESC_METODOLOGICA,,string,,,,,,,,
3_3dMatrculaECNivelSecundario,DHBEvolucinTemporal,3.3d Matr├¡cula EC Nivel secundario.twb,DATOS_ADMIN_SM,federated.0qiz8oi1sb3cd813zi06q01yhyh5,INDICADOR_ID,,string,,,,,,,,
3_3dMatrculaECNivelSecundario,DHBEvolucinTemporal,3.3d Matr├¡cula EC Nivel secundario.twb,DATOS_ADMIN_SM,federated.0qiz8oi1sb3cd813zi06q01yhyh5,INDICADOR_CODIGO,,string,,,,,,,,
3_3dMatrculaECNivelSecundario,DHBEvolucinTemporal,3.3d Matr├¡cula EC Nivel secundario.twb,DATOS_ADMIN_SM,federated.0qiz8oi1sb3cd813zi06q01yhyh5,INDICADOR_NOMBRE,,string,,,,,,,,
3_3dMatrculaECNivelSecundario,DHBEvolucinTemporal,3.3d Matr├¡cula EC Nivel secundario.twb,DATOS_ADMIN_SM,federated.0qiz8oi1sb3cd813zi06q01yhyh5,INDICADOR_ORDEN,,string,,,,,,,,
3_3dMatrculaECNivelSecundario,DHBEvolucinTemporal,3.3d Matr├¡cula EC Nivel secundario.twb,DATOS_ADMIN_SM,federated.0qiz8oi1sb3cd813zi06q01yhyh5,INDICADOR_UNIDAD_MEDIDA_NOMBRE,,string,,,,,,,,
3_3dMatrculaECNivelSecundario,DHBEvolucinTemporal,3.3d Matr├¡cula EC Nivel secundario.twb,DATOS_ADMIN_SM,federated.0qiz8oi1sb3cd813zi06q01yhyh5,INDICADOR_UNIDAD_MEDIDA_CODIGO,,string,,,,,,,,
3_3dMatrculaECNivelSecundario,DHBEvolucinTemporal,3.3d Matr├¡cula EC Nivel secundario.twb,DATOS_ADMIN_SM,federated.0qiz8oi1sb3cd813zi06q01yhyh5,INDICADOR_UNIDAD_MEDIDA_DESCRIPCION,,string,,,,,,,,
3_3dMatrculaECNivelSecundario,DHBEvolucinTemporal,3.3d Matr├¡cula EC Nivel secundario.twb,DATOS_ADMIN_SM,federated.0qiz8oi1sb3cd813zi06q01yhyh5,INDICADOR_FORMULA,,string,,,,,,,,
3_3dMatrculaECNivelSecundario,DHBEvolucinTemporal,3.3d Matr├¡cula EC Nivel secundario.twb,DATOS_ADMIN_SM,federated.0qiz8oi1sb3cd813zi06q01yhyh5,INDICADOR_DEFINICION,,string,,,,,,,,
3_3dMatrculaECNivelSecundario,DHBEvolucinTemporal,3.3d Matr├¡cula EC Nivel secundario.twb,DATOS_ADMIN_SM,federated.0qiz8oi1sb3cd813zi06q01yhyh5,INDICADOR_DESC_METODOLOGICA,,string,,,,,,,,
3_3dMatrculaECNivelSecundario,DHBEvolucinTemporal,3.3d Matr├¡cula EC Nivel secundario.twb,DATOS_ADMIN_SM,federated.0qiz8oi1sb3cd813zi06q01yhyh5,INDICADOR_DE_SISTEMA,,string,,,,,,,,
3_3dMatrculaECNivelSecundario,DHBEvolucinTemporal,3.3d Matr├¡cula EC Nivel secundario.twb,DATOS_ADMIN_SM,federated.0qiz8oi1sb3cd813zi06q01yhyh5,TABLERO_ID,,string,,,,,,,,
3_3dMatrculaECNivelSecundario,DHBEvolucinTemporal,3.3d Matr├¡cula EC Nivel secundario.twb,DATOS_ADMIN_SM,federated.0qiz8oi1sb3cd813zi06q01yhyh5,TABLERO_NOMBRE,,string,,,,,,,,
3_3dMatrculaECNivelSecundario,DHBEvolucinTemporal,3.3d Matr├¡cula EC Nivel secundario.twb,DATOS_ADMIN_SM,federated.0qiz8oi1sb3cd813zi06q01yhyh5,TABLERO_DESCRIPCION,,string,,,,,,,,
3_3dMatrculaECNivelSecundario,DHBEvolucinTemporal,3.3d Matr├¡cula EC Nivel secundario.twb,DATOS_ADMIN_SM,federated.0qiz8oi1sb3cd813zi06q01yhyh5,TABLERO_DERECHOS_ASOCIADOS,,string,,,,,,,,
3_3dMatrculaECNivelSecundario,DHBEvolucinTemporal,3.3d Matr├¡cula EC Nivel secundario.twb,DATOS_ADMIN_SM,federated.0qiz8oi1sb3cd813zi06q01yhyh5,TABLERO_FECHA_ULT_CARGA_DATOS,,datetime,,,,,,,,
3_3dMatrculaECNivelSecundario,DHBEvolucinTemporal,3.3d Matr├¡cula EC Nivel secundario.twb,DATOS_ADMIN_SM,federated.0qiz8oi1sb3cd813zi06q01yhyh5,TABLERO_CONFIGURACION_ID,,string,,,,,,,,
3_3dMatrculaECNivelSecundario,DHBEvolucinTemporal,3.3d Matr├¡cula EC Nivel secundario.twb,DATOS_ADMIN_SM,federated.0qiz8oi1sb3cd813zi06q01yhyh5,TABLERO_DE_SISTEMA,,string,,,,,,,,
3_3dMatrculaECNivelSecundario,DHBEvolucinTemporal,3.3d Matr├¡cula EC Nivel secundario.twb,DATOS_ADMIN_SM,federated.0qiz8oi1sb3cd813zi06q01yhyh5,CONFIGURACION_ID,,integer,,,,,,,,
3_3dMatrculaECNivelSecundario,DHBEvolucinTemporal,3.3d Matr├¡cula EC Nivel secundario.twb,DATOS_ADMIN_SM,federated.0qiz8oi1sb3cd813zi06q01yhyh5,CONFIGURACION_URL_SM,,string,,,,,,,,
3_3dMatrculaECNivelSecundario,DHBEvolucinTemporal,3.3d Matr├¡cula EC Nivel secundario.twb,DATOS_ADMIN_SM,federated.0qiz8oi1sb3cd813zi06q01yhyh5,CONFIG_URL_ADMIN_SM,,string,,,,,,,,
3_3dMatrculaECNivelSecundario,DHBEvolucinTemporal,3.3d Matr├¡cula EC Nivel secundario.twb,DATOS_ADMIN_SM,federated.0qiz8oi1sb3cd813zi06q01yhyh5,CONFIGURACION_URL_DEFENSORIA,,string,,,,,,,,
3_3dMatrculaECNivelSecundario,DHBEvolucinTemporal,3.3d Matr├¡cula EC Nivel secundario.twb,DATOS_ADMIN_SM,federated.0qiz8oi1sb3cd813zi06q01yhyh5,CONFIGURACION_DESCRIPCION,,string,,,,,,,,
3_3dMatrculaECNivelSecundario,DHBEvolucinTemporal,3.3d Matr├¡cula EC Nivel secundario.twb,DATOS_ADMIN_SM,federated.0qiz8oi1sb3cd813zi06q01yhyh5,CONFIGURACION_URL_FICHA_INDICADOR,,string,,,,,,,,
3_3dMatrculaECNivelSecundario,DHBEvolucinTemporal,3.3d Matr├¡cula EC Nivel secundario.twb,DATOS_ADMIN_SM,federated.0qiz8oi1sb3cd813zi06q01yhyh5,CONFIGURACION_URL_FICHA_TABLERO,,string,,,,,,,,
3_3dMatrculaECNivelSecundario,DHBEvolucinTemporal,3.3d Matr├¡cula EC Nivel secundario.twb,DATOS_ADMIN_SM,federated.0qiz8oi1sb3cd813zi06q01yhyh5,CONFIGURACION_URL_DOC_TECNICO_TABLERO,,string,,,,,,,,
3_3dMatrculaECNivelSecundario,DHBEvolucinTemporal,3.3d Matr├¡cula EC Nivel secundario.twb,DATOS_ADMIN_SM,federated.0qiz8oi1sb3cd813zi06q01yhyh5,CONFIGURACION_URL_REPORTE_TABLERO,,string,,,,,,,,
3_3dMatrculaECNivelSecundario,DHBEvolucinTemporal,3.3d Matr├¡cula EC Nivel secundario.twb,DATOS_ADMIN_SM,federated.0qiz8oi1sb3cd813zi06q01yhyh5,CONFIGURACION_EMAIL_CONTACTO,,string,,,,,,,,
3_3dMatrculaECNivelSecundario,DHBEvolucinTemporal,3.3d Matr├¡cula EC Nivel secundario.twb,DATOS_ADMIN_SM,federated.0qiz8oi1sb3cd813zi06q01yhyh5,CONFIGURACION_URL_DOC_METODOLOGICO,,string,,,,,,,,
3_3dMatrculaECNivelSecundario,DHBEvolucinTemporal,3.3d Matr├¡cula EC Nivel secundario.twb,DATOS_ADMIN_SM,federated.0qiz8oi1sb3cd813zi06q01yhyh5,CONFIGURACION_URL_INSTRUCTIVO_NAV,,string,,,,,,,,
3_3dMatrculaECNivelSecundario,DHBEvolucinTemporal,3.3d Matr├¡cula EC Nivel secundario.twb,DATOS_ADMIN_SM,federated.0qiz8oi1sb3cd813zi06q01yhyh5,TEMA_ID,,string,,,,,,,,
3_3dMatrculaECNivelSecundario,DHBEvolucinTemporal,3.3d Matr├¡cula EC Nivel secundario.twb,DATOS_ADMIN_SM,federated.0qiz8oi1sb3cd813zi06q01yhyh5,TEMA_NOMBRE,,string,,,,,,,,
3_3dMatrculaECNivelSecundario,DHBEvolucinTemporal,3.3d Matr├¡cula EC Nivel secundario.twb,DATOS_ADMIN_SM,federated.0qiz8oi1sb3cd813zi06q01yhyh5,TEMA_DESCRIPCION,,string,,,,,,,,
3_3dMatrculaECNivelSecundario,DHBEvolucinTemporal,3.3d Matr├¡cula EC Nivel secundario.twb,DATOS_ADMIN_SM,federated.0qiz8oi1sb3cd813zi06q01yhyh5,TEMA_DE_SISTEMA,,string,,,,,,,,
3_3dMatrculaECNivelSecundario,DHBEvolucinTemporal,3.3d Matr├¡cula EC Nivel secundario.twb,DATOS_ADMIN_SM,federated.0qiz8oi1sb3cd813zi06q01yhyh5,gid,,integer,,,,,,,,
3_3dMatrculaECNivelSecundario,DHBEvolucinTemporal,3.3d Matr├¡cula EC Nivel secundario.twb,DATOS_ADMIN_SM,federated.0qiz8oi1sb3cd813zi06q01yhyh5,entidad,,integer,,,,,,,,
3_3dMatrculaECNivelSecundario,DHBEvolucinTemporal,3.3d Matr├¡cula EC Nivel secundario.twb,DATOS_ADMIN_SM,federated.0qiz8oi1sb3cd813zi06q01yhyh5,objeto,,string,,,,,,,,
3_3dMatrculaECNivelSecundario,DHBEvolucinTemporal,3.3d Matr├¡cula EC Nivel secundario.twb,DATOS_ADMIN_SM,federated.0qiz8oi1sb3cd813zi06q01yhyh5,fna,,string,,,,,,,,
3_3dMatrculaECNivelSecundario,DHBEvolucinTemporal,3.3d Matr├¡cula EC Nivel secundario.twb,DATOS_ADMIN_SM,federated.0qiz8oi1sb3cd813zi06q01yhyh5,gna,,string,,,,,,,,
3_3dMatrculaECNivelSecundario,DHBEvolucinTemporal,3.3d Matr├¡cula EC Nivel secundario.twb,DATOS_ADMIN_SM,federated.0qiz8oi1sb3cd813zi06q01yhyh5,nam,,string,,,,,,,,
3_3dMatrculaECNivelSecundario,DHBEvolucinTemporal,3.3d Matr├¡cula EC Nivel secundario.twb,DATOS_ADMIN_SM,federated.0qiz8oi1sb3cd813zi06q01yhyh5,in1,,string,,,,,,,,
3_3dMatrculaECNivelSecundario,DHBEvolucinTemporal,3.3d Matr├¡cula EC Nivel secundario.twb,DATOS_ADMIN_SM,federated.0qiz8oi1sb3cd813zi06q01yhyh5,fdc,,string,,,,,,,,
3_3dMatrculaECNivelSecundario,DHBEvolucinTemporal,3.3d Matr├¡cula EC Nivel secundario.twb,DATOS_ADMIN_SM,federated.0qiz8oi1sb3cd813zi06q01yhyh5,sag,,string,,,,,,,,
3_3dMatrculaECNivelSecundario,DHBEvolucinTemporal,3.3d Matr├¡cula EC Nivel secundario.twb,DATOS_ADMIN_SM,federated.0qiz8oi1sb3cd813zi06q01yhyh5,Geometry,,spatial,,,,,,,,
3_3dMatrculaECNivelSecundario,DHBEvolucinTemporal,3.3d Matr├¡cula EC Nivel secundario.twb,DATOS_ADMIN_SM,federated.0qiz8oi1sb3cd813zi06q01yhyh5,[ANIO],DATO_ANIO,integer,dimension,ordinal,,,,,,
3_3dMatrculaECNivelSecundario,DHBEvolucinTemporal,3.3d Matr├¡cula EC Nivel secundario.twb,DATOS_ADMIN_SM,federated.0qiz8oi1sb3cd813zi06q01yhyh5,[APERTURA_DESCRIPCION],DATO_APERTURA_DESCRIPCION,string,dimension,nominal,,,,,,
3_3dMatrculaECNivelSecundario,DHBEvolucinTemporal,3.3d Matr├¡cula EC Nivel secundario.twb,DATOS_ADMIN_SM,federated.0qiz8oi1sb3cd813zi06q01yhyh5,[APERTURA_NIVEL_1],DATO_APERTURA_NIVEL_1,string,dimension,nominal,,,,,,
3_3dMatrculaECNivelSecundario,DHBEvolucinTemporal,3.3d Matr├¡cula EC Nivel secundario.twb,DATOS_ADMIN_SM,federated.0qiz8oi1sb3cd813zi06q01yhyh5,[APERTURA_NIVEL_2],DATO_APERTURA_NIVEL_2,string,dimension,nominal,,,,,,
3_3dMatrculaECNivelSecundario,DHBEvolucinTemporal,3.3d Matr├¡cula EC Nivel secundario.twb,DATOS_ADMIN_SM,federated.0qiz8oi1sb3cd813zi06q01yhyh5,[BTN Desagregaciones (copia)_4382283918220808192],BTN Aperturas y Grupos,string,dimension,nominal,,,,,tableau,"""Cruces relevantes"""
3_3dMatrculaECNivelSecundario,DHBEvolucinTemporal,3.3d Matr├¡cula EC Nivel secundario.twb,DATOS_ADMIN_SM,federated.0qiz8oi1sb3cd813zi06q01yhyh5,[BTN Desagregaciones (copia)_6996412392490516487],BTN Mapa,string,dimension,nominal,,,,,tableau,"""Distribución territorial"""
3_3dMatrculaECNivelSecundario,DHBEvolucinTemporal,3.3d Matr├¡cula EC Nivel secundario.twb,DATOS_ADMIN_SM,federated.0qiz8oi1sb3cd813zi06q01yhyh5,[BTN Desagregaciones Seleccionado (copia)_4382283918220914689],BTN Aperturas y Grupos Seleccionado,string,dimension,nominal,,,,,tableau,"if ([Parameters].[Parámetro 1] = [BTN Desagregaciones (copia)_4382283918220808192] and [Parameters].[Parametro gráfico (copia)_541839334149496838] = [BTN Serie Temporal (copia)_541839334174613511]) then ""Gráfico Seleccionado SG"" 
elseif ([Parameters].[Parámetro 1] = [BTN Desagregaciones (copia)_4382283918220808192] and [Parameters].[Parametro gráfico (copia)_541839334149496838] = [BTN Sección General (copia)_541839334174765064]) then ""Gráfico Seleccionado SPP"" 
elseif ([Parameters].[Parámetro 1] <> [BTN Desagregaciones (copia)_4382283918220808192] and [Parameters].[Parametro gráfico (copia)_541839334149496838] = [BTN Serie Temporal (copia)_541839334174613511]) then ""Gráfico NO Seleccionado SG"" 
elseif ([Parameters].[Parámetro 1] <> [BTN Desagregaciones (copia)_4382283918220808192] and [Parameters].[Parametro gráfico (copia)_541839334149496838] = [BTN Sección General (copia)_541839334174765064]) then ""Gráfico NO Seleccionado SPP"" end"
3_3dMatrculaECNivelSecundario,DHBEvolucinTemporal,3.3d Matr├¡cula EC Nivel secundario.twb,DATOS_ADMIN_SM,federated.0qiz8oi1sb3cd813zi06q01yhyh5,[BTN Desagregaciones Seleccionado (copia)_541839333608861701],BTN Mapa Seleccionado,string,dimension,nominal,,,,,tableau,"if ([Parameters].[Parámetro 1] = [BTN Desagregaciones (copia)_6996412392490516487] and [Parameters].[Parametro gráfico (copia)_541839334149496838] = [BTN Serie Temporal (copia)_541839334174613511]) then ""Gráfico Seleccionado SG"" 
elseif ([Parameters].[Parámetro 1] = [BTN Desagregaciones (copia)_6996412392490516487] and [Parameters].[Parametro gráfico (copia)_541839334149496838] = [BTN Sección General (copia)_541839334174765064]) then ""Gráfico Seleccionado SPP"" 
elseif ([Parameters].[Parámetro 1] <> [BTN Desagregaciones (copia)_6996412392490516487] and [Parameters].[Parametro gráfico (copia)_541839334149496838] = [BTN Serie Temporal (copia)_541839334174613511]) then ""Gráfico NO Seleccionado SG"" 
elseif ([Parameters].[Parámetro 1] <> [BTN Desagregaciones (copia)_6996412392490516487] and [Parameters].[Parametro gráfico (copia)_541839334149496838] = [BTN Sección General (copia)_541839334174765064]) then ""Gráfico NO Seleccionado SPP"" end"
3_3dMatrculaECNivelSecundario,DHBEvolucinTemporal,3.3d Matr├¡cula EC Nivel secundario.twb,DATOS_ADMIN_SM,federated.0qiz8oi1sb3cd813zi06q01yhyh5,[BTN Distribuciones (copia)_5425289489660149780],BTN Indicadores,string,dimension,nominal,,,,,tableau,"""Mapa de Indicadores"""
3_3dMatrculaECNivelSecundario,DHBEvolucinTemporal,3.3d Matr├¡cula EC Nivel secundario.twb,DATOS_ADMIN_SM,federated.0qiz8oi1sb3cd813zi06q01yhyh5,[BTN Distribuciones (copy)_4723009404404842516],BTN Limpiar filtros,string,dimension,nominal,,,,,tableau,"""Limpiar filtros"""
3_3dMatrculaECNivelSecundario,DHBEvolucinTemporal,3.3d Matr├¡cula EC Nivel secundario.twb,DATOS_ADMIN_SM,federated.0qiz8oi1sb3cd813zi06q01yhyh5,[BTN Limpiar filtros (copy)_4723009404657545239],BTN Mostrar Graficos,string,dimension,nominal,,,,,tableau,"""Mostrar gráficos"""
3_3dMatrculaECNivelSecundario,DHBEvolucinTemporal,3.3d Matr├¡cula EC Nivel secundario.twb,DATOS_ADMIN_SM,federated.0qiz8oi1sb3cd813zi06q01yhyh5,[BTN Mapa (copia)_1886797147608317969],BTN Distribuciones,string,dimension,nominal,,,,,tableau,"""Características"""
3_3dMatrculaECNivelSecundario,DHBEvolucinTemporal,3.3d Matr├¡cula EC Nivel secundario.twb,DATOS_ADMIN_SM,federated.0qiz8oi1sb3cd813zi06q01yhyh5,[BTN Mapa Seleccionado (copia)_1886797147608416274],BTN Distribuciones Seleccionado,string,dimension,nominal,,,,,tableau,"if ([Parameters].[Parámetro 1] = [BTN Mapa (copia)_1886797147608317969] and [Parameters].[Parametro gráfico (copia)_541839334149496838] = [BTN Serie Temporal (copia)_541839334174613511]) then ""Gráfico Seleccionado SG"" 
elseif ([Parameters].[Parámetro 1] = [BTN Mapa (copia)_1886797147608317969] and [Parameters].[Parametro gráfico (copia)_541839334149496838] = [BTN Sección General (copia)_541839334174765064]) then ""Gráfico Seleccionado SPP"" 
elseif ([Parameters].[Parámetro 1] <> [BTN Mapa (copia)_1886797147608317969] and [Parameters].[Parametro gráfico (copia)_541839334149496838] = [BTN Serie Temporal (copia)_541839334174613511]) then ""Gráfico NO Seleccionado SG"" 
elseif ([Parameters].[Parámetro 1] <> [BTN Mapa (copia)_1886797147608317969] and [Parameters].[Parametro gráfico (copia)_541839334149496838] = [BTN Sección General (copia)_541839334174765064]) then ""Gráfico NO Seleccionado SPP"" end"
3_3dMatrculaECNivelSecundario,DHBEvolucinTemporal,3.3d Matr├¡cula EC Nivel secundario.twb,DATOS_ADMIN_SM,federated.0qiz8oi1sb3cd813zi06q01yhyh5,[BTN Mostrar Gráficos Caracteristicas (copy)_54254335857942529],BTN Mostrar Gráficos Cruces Relevantes,boolean,dimension,nominal,,,,,tableau,[Parameters].[p_ver_graficos_caracteristicas (copy)_54254335857623040]
3_3dMatrculaECNivelSecundario,DHBEvolucinTemporal,3.3d Matr├¡cula EC Nivel secundario.twb,DATOS_ADMIN_SM,federated.0qiz8oi1sb3cd813zi06q01yhyh5,[BTN Mostrar Gráficos Cruces Relevantes (copy) (copy)_54254335887220741],BTN Mostrar Gráficos Distribución Territorial,boolean,dimension,nominal,,,,,tableau,[Parameters].[p_ver_graficos_cruces_relevantes (copy)_54254335887020034]
3_3dMatrculaECNivelSecundario,DHBEvolucinTemporal,3.3d Matr├¡cula EC Nivel secundario.twb,DATOS_ADMIN_SM,federated.0qiz8oi1sb3cd813zi06q01yhyh5,[BTN Mostrar Gráficos Cruces Relevantes (copy)_54254335887208452],BTN Mostrar Gráficos Evolución Temporal,boolean,dimension,nominal,,,,,tableau,[Parameters].[p_ver_graficos_dist_territorial (copy)_54254335887122435]
3_3dMatrculaECNivelSecundario,DHBEvolucinTemporal,3.3d Matr├¡cula EC Nivel secundario.twb,DATOS_ADMIN_SM,federated.0qiz8oi1sb3cd813zi06q01yhyh5,[BTN Sección General (copia)_541839334174765064],BTN Seguimiento Políticas Públicas,string,dimension,nominal,,,,,tableau,"""Seguimiento Políticas Públicas"""
3_3dMatrculaECNivelSecundario,DHBEvolucinTemporal,3.3d Matr├¡cula EC Nivel secundario.twb,DATOS_ADMIN_SM,federated.0qiz8oi1sb3cd813zi06q01yhyh5,[BTN Serie Temporal (copia)_541839334174613511],BTN Situacion General,string,dimension,nominal,,,,,tableau,"""Situación General"""
3_3dMatrculaECNivelSecundario,DHBEvolucinTemporal,3.3d Matr├¡cula EC Nivel secundario.twb,DATOS_ADMIN_SM,federated.0qiz8oi1sb3cd813zi06q01yhyh5,[CONFIG_URL_ADMIN_SM],CONFIGURACION_URL_ADMIN_SM,string,dimension,nominal,,,,,,
3_3dMatrculaECNivelSecundario,DHBEvolucinTemporal,3.3d Matr├¡cula EC Nivel secundario.twb,DATOS_ADMIN_SM,federated.0qiz8oi1sb3cd813zi06q01yhyh5,[Calculation_1238982533747298314],TEMA_NOMBRE_Y_DESCRIPCION,string,dimension,nominal,,,,,tableau,"[TEMA_NOMBRE (Temas)] + ""

"" + [TEMA_DESCRIPCION]"
3_3dMatrculaECNivelSecundario,DHBEvolucinTemporal,3.3d Matr├¡cula EC Nivel secundario.twb,DATOS_ADMIN_SM,federated.0qiz8oi1sb3cd813zi06q01yhyh5,[Calculation_2193182697378516996],INDICADOR_DESC_METODOLOGICA_TEXTO,string,dimension,nominal,,,,,tableau,"IF (ISNULL([INDICADOR_DESC_METODOLOGICA]) OR [INDICADOR_DESC_METODOLOGICA] = """") 
THEN ""Sin información""
ELSE [INDICADOR_DESC_METODOLOGICA]
END"
3_3dMatrculaECNivelSecundario,DHBEvolucinTemporal,3.3d Matr├¡cula EC Nivel secundario.twb,DATOS_ADMIN_SM,federated.0qiz8oi1sb3cd813zi06q01yhyh5,[Calculation_2193182698903973920],ZERO,integer,measure,quantitative,,,,,tableau,0
3_3dMatrculaECNivelSecundario,DHBEvolucinTemporal,3.3d Matr├¡cula EC Nivel secundario.twb,DATOS_ADMIN_SM,federated.0qiz8oi1sb3cd813zi06q01yhyh5,[Calculation_222646740993855490],FALSE,boolean,dimension,nominal,,,,,tableau,FALSE
3_3dMatrculaECNivelSecundario,DHBEvolucinTemporal,3.3d Matr├¡cula EC Nivel secundario.twb,DATOS_ADMIN_SM,federated.0qiz8oi1sb3cd813zi06q01yhyh5,[Calculation_27725337092042752],GRUPO_INDICADOR_URL_FICHA,string,dimension,nominal,,,,,tableau,[CONFIG_URL_ADMIN_SM] + [CONFIGURACION_URL_FICHA_INDICADOR] + [GRUPO_INDICADOR_CODIGO]
3_3dMatrculaECNivelSecundario,DHBEvolucinTemporal,3.3d Matr├¡cula EC Nivel secundario.twb,DATOS_ADMIN_SM,federated.0qiz8oi1sb3cd813zi06q01yhyh5,[Calculation_27725337465761794],TABLERO_URL_FICHA ,string,dimension,nominal,,,,,tableau,[CONFIG_URL_ADMIN_SM] + [CONFIGURACION_URL_FICHA_TABLERO] + STR([TABLERO_ID (Tableros)])
3_3dMatrculaECNivelSecundario,DHBEvolucinTemporal,3.3d Matr├¡cula EC Nivel secundario.twb,DATOS_ADMIN_SM,federated.0qiz8oi1sb3cd813zi06q01yhyh5,[Calculation_334673809460510727],URL_DOC_METODOLOGICO,string,dimension,nominal,,,,,tableau,[CONFIG_URL_ADMIN_SM] + [CONFIGURACION_URL_DOC_METODOLOGICO]
3_3dMatrculaECNivelSecundario,DHBEvolucinTemporal,3.3d Matr├¡cula EC Nivel secundario.twb,DATOS_ADMIN_SM,federated.0qiz8oi1sb3cd813zi06q01yhyh5,[Calculation_334673811823804420],DATOS_TABLERO,boolean,dimension,nominal,,,,,tableau,[TABLERO_NOMBRE (Tableros)] = [Parameters].[Parámetro 2] OR LOWER([TABLERO_DE_SISTEMA]) = 'true'
3_3dMatrculaECNivelSecundario,DHBEvolucinTemporal,3.3d Matr├¡cula EC Nivel secundario.twb,DATOS_ADMIN_SM,federated.0qiz8oi1sb3cd813zi06q01yhyh5,[Calculation_334673811825987589],Visualizar Gráfico,boolean,dimension,nominal,,,,,tableau,LOWER([INDICADOR_DE_SISTEMA]) = 'false'
3_3dMatrculaECNivelSecundario,DHBEvolucinTemporal,3.3d Matr├¡cula EC Nivel secundario.twb,DATOS_ADMIN_SM,federated.0qiz8oi1sb3cd813zi06q01yhyh5,[Calculation_4723009391632846848],DATO_SUBUNIDAD_GEOGRAFICA_NOMBRE,string,dimension,nominal,,,,,tableau,if (ISNULL([SUB_UNIDAD_GEOGRAFICA])) THEN '' ELSE [SUB_UNIDAD_GEOGRAFICA] END
3_3dMatrculaECNivelSecundario,DHBEvolucinTemporal,3.3d Matr├¡cula EC Nivel secundario.twb,DATOS_ADMIN_SM,federated.0qiz8oi1sb3cd813zi06q01yhyh5,[Calculation_4723009401879752705],DATO_FECHA,date,dimension,ordinal,,,,,tableau,"DATE(
STR([ANIO]) + '-' +  
IF     ([MES] == 'T1') THEN '01'
ELSEIF ([MES] == 'T2') THEN '04'
ELSEIF ([MES] == 'T3') THEN '07'
ELSEIF ([MES] == 'T4') THEN '10'
ELSEIF ([MES] == 'S1') THEN '01'
ELSEIF ([MES] == 'S2') THEN '07'
ELSEIF (ISNULL([MES])) THEN '01'
ELSE   [MES]
END
+ '-01')"
3_3dMatrculaECNivelSecundario,DHBEvolucinTemporal,3.3d Matr├¡cula EC Nivel secundario.twb,DATOS_ADMIN_SM,federated.0qiz8oi1sb3cd813zi06q01yhyh5,[Calculation_4723009401891954690],DATO_FECHA_NOMBRE,string,dimension,nominal,,,,,tableau,[MES]
3_3dMatrculaECNivelSecundario,DHBEvolucinTemporal,3.3d Matr├¡cula EC Nivel secundario.twb,DATOS_ADMIN_SM,federated.0qiz8oi1sb3cd813zi06q01yhyh5,[Calculation_4723009401903345667],DATO_ANIO_MES,string,dimension,nominal,,,,,tableau,STR([ANIO]) + (IF (ISNULL([MES])) THEN '' ELSE [MES] END)
3_3dMatrculaECNivelSecundario,DHBEvolucinTemporal,3.3d Matr├¡cula EC Nivel secundario.twb,DATOS_ADMIN_SM,federated.0qiz8oi1sb3cd813zi06q01yhyh5,[Calculation_4723009402220560388],DATO_PERIODO_STR,string,dimension,nominal,,,,,tableau,"STR([ANIO]) + 
IF   ([DATO_PERIODO_STR (copy)_4723009402227015685] == '') THEN ''
ELSE ' - ' + [DATO_PERIODO_STR (copy)_4723009402227015685]
END"
3_3dMatrculaECNivelSecundario,DHBEvolucinTemporal,3.3d Matr├¡cula EC Nivel secundario.twb,DATOS_ADMIN_SM,federated.0qiz8oi1sb3cd813zi06q01yhyh5,[Calculation_4723009402249244679],DATO_APERTURA_DESCRIPCION_COUNTD,integer,measure,quantitative,,,,,tableau,COUNTD([APERTURA_DESCRIPCION])
3_3dMatrculaECNivelSecundario,DHBEvolucinTemporal,3.3d Matr├¡cula EC Nivel secundario.twb,DATOS_ADMIN_SM,federated.0qiz8oi1sb3cd813zi06q01yhyh5,[Calculation_4723009402249773064],DATO_APERTURA_NIVEL_1_C,integer,measure,quantitative,,,,,tableau,WINDOW_COUNT(COUNTD([APERTURA_NIVEL_1]))
3_3dMatrculaECNivelSecundario,DHBEvolucinTemporal,3.3d Matr├¡cula EC Nivel secundario.twb,DATOS_ADMIN_SM,federated.0qiz8oi1sb3cd813zi06q01yhyh5,[Calculation_4723009402545549324],SELECCIONE,string,dimension,nominal,,,,,tableau,'Seleccione'
3_3dMatrculaECNivelSecundario,DHBEvolucinTemporal,3.3d Matr├¡cula EC Nivel secundario.twb,DATOS_ADMIN_SM,federated.0qiz8oi1sb3cd813zi06q01yhyh5,[Calculation_4723009404707536931],NULL,string,dimension,nominal,,,,,tableau,STR(NULL)
3_3dMatrculaECNivelSecundario,DHBEvolucinTemporal,3.3d Matr├¡cula EC Nivel secundario.twb,DATOS_ADMIN_SM,federated.0qiz8oi1sb3cd813zi06q01yhyh5,[Calculation_541839333604462595],BTN Serie Temporal Seleccionado,string,dimension,nominal,,,,,tableau,"if ([Parameters].[Parámetro 1] = [Calculation_6996412392490344453] and [Parameters].[Parametro gráfico (copia)_541839334149496838] = [BTN Serie Temporal (copia)_541839334174613511]) then ""Gráfico Seleccionado SG"" 
elseif ([Parameters].[Parámetro 1] = [Calculation_6996412392490344453] and [Parameters].[Parametro gráfico (copia)_541839334149496838] = [BTN Sección General (copia)_541839334174765064]) then ""Gráfico Seleccionado SPP"" 
elseif ([Parameters].[Parámetro 1] <> [Calculation_6996412392490344453] and [Parameters].[Parametro gráfico (copia)_541839334149496838] = [BTN Serie Temporal (copia)_541839334174613511]) then ""Gráfico NO Seleccionado SG"" 
elseif ([Parameters].[Parámetro 1] <> [Calculation_6996412392490344453] and [Parameters].[Parametro gráfico (copia)_541839334149496838] = [BTN Sección General (copia)_541839334174765064]) then ""Gráfico NO Seleccionado SPP"" end"
3_3dMatrculaECNivelSecundario,DHBEvolucinTemporal,3.3d Matr├¡cula EC Nivel secundario.twb,DATOS_ADMIN_SM,federated.0qiz8oi1sb3cd813zi06q01yhyh5,[Calculation_5425289489097109517],DATO_TIPO_STR,string,dimension,nominal,,,,,tableau,"IF ([TIPO_DE_DATO] == 'SERIE_TEMPORAL') THEN 'Evolución temporal'
ELSEIF ([TIPO_DE_DATO] == 'DISTRIBUCION') THEN 'Características'
ELSEIF ([TIPO_DE_DATO] == 'MAPA') THEN 'Distribución territorial'
ELSEIF ([TIPO_DE_DATO] == 'APERTURA') THEN 'Cruces relevantes'
END"
3_3dMatrculaECNivelSecundario,DHBEvolucinTemporal,3.3d Matr├¡cula EC Nivel secundario.twb,DATOS_ADMIN_SM,federated.0qiz8oi1sb3cd813zi06q01yhyh5,[Calculation_5425289489148153872],DATOS_APERTURAS_Y_GRUPOS,boolean,dimension,nominal,,,,,tableau,"IF ([TIPO_DE_DATO] = 'APERTURA') THEN
    IF (NOT(ISNULL([APERTURA_NIVEL_1])) AND [APERTURA_NIVEL_1] <> ''
        AND NOT(ISNULL([MODALIDAD_APERTURA_NIVEL_1])) AND [MODALIDAD_APERTURA_NIVEL_1] <> ''
        AND NOT(ISNULL([APERTURA_NIVEL_2])) AND [APERTURA_NIVEL_2] <> '') THEN TRUE
    ELSE FALSE
    END
ELSE FALSE
END"
3_3dMatrculaECNivelSecundario,DHBEvolucinTemporal,3.3d Matr├¡cula EC Nivel secundario.twb,DATOS_ADMIN_SM,federated.0qiz8oi1sb3cd813zi06q01yhyh5,[Calculation_6236992910663057412],UNIDAD_GEOGRAFICA_REGION_STR,string,dimension,nominal,,,,,tableau,"""Región "" + [Region]"
3_3dMatrculaECNivelSecundario,DHBEvolucinTemporal,3.3d Matr├¡cula EC Nivel secundario.twb,DATOS_ADMIN_SM,federated.0qiz8oi1sb3cd813zi06q01yhyh5,[Calculation_6236992911662702608],DATO_VALOR_CALCULADO (MAPA),real,measure,quantitative,,,,,tableau,"IF MAX([INDICADOR_UNIDAD_MEDIDA_CODIGO]) = ""CANTIDAD"" THEN SUM([VALOR])

ELSEIF MAX([INDICADOR_UNIDAD_MEDIDA_CODIGO]) = ""PORCENTAJE"" THEN SUM([VALOR]) * 100 / SUM([VALOR_AUXILIAR])

ELSEIF MAX([INDICADOR_UNIDAD_MEDIDA_CODIGO]) = ""TASA_X_CIEN"" THEN SUM([VALOR]) / SUM([VALOR_AUXILIAR]) * 100

ELSEIF MAX([INDICADOR_UNIDAD_MEDIDA_CODIGO]) = ""TASA_X_MIL"" THEN SUM([VALOR]) / SUM([VALOR_AUXILIAR]) * 1000

ELSEIF MAX([INDICADOR_UNIDAD_MEDIDA_CODIGO]) = ""TASA_X_CIENMIL"" THEN SUM([VALOR]) / SUM([VALOR_AUXILIAR]) * 100000

ELSEIF MAX([INDICADOR_UNIDAD_MEDIDA_CODIGO]) = ""TASA_X_MILLON"" THEN SUM([VALOR]) / SUM([VALOR_AUXILIAR]) * 1000000

ELSEIF MAX([INDICADOR_UNIDAD_MEDIDA_CODIGO]) = ""RAZON_X_DIEZMIL"" THEN SUM([VALOR]) / SUM([VALOR_AUXILIAR]) * 10000

END"
3_3dMatrculaECNivelSecundario,DHBEvolucinTemporal,3.3d Matr├¡cula EC Nivel secundario.twb,DATOS_ADMIN_SM,federated.0qiz8oi1sb3cd813zi06q01yhyh5,[Calculation_6996412392490344453],BTN Serie Temporal,string,dimension,nominal,,,,,tableau,"""Evolución temporal"""
3_3dMatrculaECNivelSecundario,DHBEvolucinTemporal,3.3d Matr├¡cula EC Nivel secundario.twb,DATOS_ADMIN_SM,federated.0qiz8oi1sb3cd813zi06q01yhyh5,[Calculation_90705353144123399],DATO_APERTURA_MODALIDAD,string,dimension,nominal,,,,,tableau,"IF (NOT(ISNULL([MODALIDAD_APERTURA_NIVEL_2])) AND [MODALIDAD_APERTURA_NIVEL_2] <> """") 
THEN [MODALIDAD_APERTURA_NIVEL_2]
ELSE [MODALIDAD_APERTURA_NIVEL_1]
END"
3_3dMatrculaECNivelSecundario,DHBEvolucinTemporal,3.3d Matr├¡cula EC Nivel secundario.twb,DATOS_ADMIN_SM,federated.0qiz8oi1sb3cd813zi06q01yhyh5,[Calculation_955748346980958208],NOT p_mostrar_indicadores,boolean,dimension,nominal,,,,,tableau,NOT([Parameters].[p_grafico (copia)])
3_3dMatrculaECNivelSecundario,DHBEvolucinTemporal,3.3d Matr├¡cula EC Nivel secundario.twb,DATOS_ADMIN_SM,federated.0qiz8oi1sb3cd813zi06q01yhyh5,[Calculation_955748346981711873],Texto mostrar indicadores,string,dimension,nominal,,,,,tableau,"IF ([Parameters].[p_grafico (copia)]) 
THEN 'Cerrar el mapa de indicadores'
ELSE 'Abrir el mapa de indicadores'
END"
3_3dMatrculaECNivelSecundario,DHBEvolucinTemporal,3.3d Matr├¡cula EC Nivel secundario.twb,DATOS_ADMIN_SM,federated.0qiz8oi1sb3cd813zi06q01yhyh5,[Calculation_955748347035680770],blank,string,dimension,nominal,,,,,tableau,""""""
3_3dMatrculaECNivelSecundario,DHBEvolucinTemporal,3.3d Matr├¡cula EC Nivel secundario.twb,DATOS_ADMIN_SM,federated.0qiz8oi1sb3cd813zi06q01yhyh5,[DATO_DE_SISTEMA],,integer,dimension,ordinal,,,,,,
3_3dMatrculaECNivelSecundario,DHBEvolucinTemporal,3.3d Matr├¡cula EC Nivel secundario.twb,DATOS_ADMIN_SM,federated.0qiz8oi1sb3cd813zi06q01yhyh5,[DATO_PERIODO_STR (copy)_4723009402227015685],DATO_PERIODO,string,dimension,nominal,,,,,tableau,"IF     (ISNULL([MES])) THEN ''
ELSEIF ([MES] == 'T1') THEN 'Primer Trimestre' 
ELSEIF ([MES] == 'T2') THEN 'Segundo Trimestre' 
ELSEIF ([MES] == 'T3') THEN 'Tercer Trimestre'
ELSEIF ([MES] == 'T4') THEN 'Cuarto Trimestre'
ELSEIF ([MES] == 'S1') THEN 'Primer Semestre'
ELSEIF ([MES] == 'S2') THEN 'Segundo Semestre'
ELSEIF ([MES] == '1') THEN 'Enero'
ELSEIF ([MES] == '2') THEN 'Febrero'
ELSEIF ([MES] == '3') THEN 'Marzo'
ELSEIF ([MES] == '4') THEN 'Abril'
ELSEIF ([MES] == '5') THEN 'Mayo'
ELSEIF ([MES] == '6') THEN 'Junio'
ELSEIF ([MES] == '7') THEN 'Julio'
ELSEIF ([MES] == '8') THEN 'Agosto'
ELSEIF ([MES] == '9') THEN 'Septiembre'
ELSEIF ([MES] == '10') THEN 'Octubre'
ELSEIF ([MES] == '11') THEN 'Noviembre'
ELSEIF ([MES] == '12') THEN 'Diciembre'
END"
3_3dMatrculaECNivelSecundario,DHBEvolucinTemporal,3.3d Matr├¡cula EC Nivel secundario.twb,DATOS_ADMIN_SM,federated.0qiz8oi1sb3cd813zi06q01yhyh5,[Distribuciones - Visualizar Gráfico Torta (copy)_159666739711741954],Distribuciones - Visualizar Gráfico Barras,integer,dimension,quantitative,,,,,tableau,"IF ([Parameters].[p_grafico_apertura_grupo (copia)_1886797147614048275] = ""Barras"") THEN 1 
ELSEIF ([Parameters].[p_grafico_apertura_grupo (copia)_1886797147614048275] = ""Todos"") THEN 1 
ELSE 0 END"
3_3dMatrculaECNivelSecundario,DHBEvolucinTemporal,3.3d Matr├¡cula EC Nivel secundario.twb,DATOS_ADMIN_SM,federated.0qiz8oi1sb3cd813zi06q01yhyh5,[GRUPO_INDICADOR_ID (Grupos Indicadores)],GRUPO_INDICADOR_ID,integer,dimension,ordinal,,,,,,
3_3dMatrculaECNivelSecundario,DHBEvolucinTemporal,3.3d Matr├¡cula EC Nivel secundario.twb,DATOS_ADMIN_SM,federated.0qiz8oi1sb3cd813zi06q01yhyh5,[GRUPO_INDICADOR_ID],DATO_GRUPO_INDICADOR_ID,integer,dimension,ordinal,,,,,,
3_3dMatrculaECNivelSecundario,DHBEvolucinTemporal,3.3d Matr├¡cula EC Nivel secundario.twb,DATOS_ADMIN_SM,federated.0qiz8oi1sb3cd813zi06q01yhyh5,[GRUPO_INDICADOR_NOMBRE (Grupos Indicadores)],GRUPO_INDICADOR_NOMBRE,string,dimension,nominal,,,,,,
3_3dMatrculaECNivelSecundario,DHBEvolucinTemporal,3.3d Matr├¡cula EC Nivel secundario.twb,DATOS_ADMIN_SM,federated.0qiz8oi1sb3cd813zi06q01yhyh5,[GRUPO_INDICADOR_NOMBRE],DATO_GRUPO_INDICADOR_NOMBRE,string,dimension,nominal,,,true,,,
3_3dMatrculaECNivelSecundario,DHBEvolucinTemporal,3.3d Matr├¡cula EC Nivel secundario.twb,DATOS_ADMIN_SM,federated.0qiz8oi1sb3cd813zi06q01yhyh5,[GRUPO_INDICADOR_ORDEN],,integer,dimension,ordinal,,,,,,
3_3dMatrculaECNivelSecundario,DHBEvolucinTemporal,3.3d Matr├¡cula EC Nivel secundario.twb,DATOS_ADMIN_SM,federated.0qiz8oi1sb3cd813zi06q01yhyh5,[Geometry],GEOMETRIA (T_MAPA),spatial,measure,nominal,,,,,,
3_3dMatrculaECNivelSecundario,DHBEvolucinTemporal,3.3d Matr├¡cula EC Nivel secundario.twb,DATOS_ADMIN_SM,federated.0qiz8oi1sb3cd813zi06q01yhyh5,[ID_DATO_SM],DATO_ID,integer,dimension,ordinal,,,,,,
3_3dMatrculaECNivelSecundario,DHBEvolucinTemporal,3.3d Matr├¡cula EC Nivel secundario.twb,DATOS_ADMIN_SM,federated.0qiz8oi1sb3cd813zi06q01yhyh5,[INDICADOR_DE_SISTEMA],,string,dimension,nominal,,,,,,
3_3dMatrculaECNivelSecundario,DHBEvolucinTemporal,3.3d Matr├¡cula EC Nivel secundario.twb,DATOS_ADMIN_SM,federated.0qiz8oi1sb3cd813zi06q01yhyh5,[INDICADOR_ID (Indicadores)],INDICADOR_ID,integer,dimension,ordinal,,,,,,
3_3dMatrculaECNivelSecundario,DHBEvolucinTemporal,3.3d Matr├¡cula EC Nivel secundario.twb,DATOS_ADMIN_SM,federated.0qiz8oi1sb3cd813zi06q01yhyh5,[INDICADOR_ID],DATO_INDICADOR_ID,integer,dimension,ordinal,,,,,,
3_3dMatrculaECNivelSecundario,DHBEvolucinTemporal,3.3d Matr├¡cula EC Nivel secundario.twb,DATOS_ADMIN_SM,federated.0qiz8oi1sb3cd813zi06q01yhyh5,[INDICADOR_NOMBRE (Indicadores)],INDICADOR_NOMBRE,string,dimension,nominal,,,,,,
3_3dMatrculaECNivelSecundario,DHBEvolucinTemporal,3.3d Matr├¡cula EC Nivel secundario.twb,DATOS_ADMIN_SM,federated.0qiz8oi1sb3cd813zi06q01yhyh5,[INDICADOR_NOMBRE],DATO_INDICADOR_NOMBRE,string,dimension,nominal,,,true,,,
3_3dMatrculaECNivelSecundario,DHBEvolucinTemporal,3.3d Matr├¡cula EC Nivel secundario.twb,DATOS_ADMIN_SM,federated.0qiz8oi1sb3cd813zi06q01yhyh5,[INDICADOR_ORDEN],,integer,dimension,ordinal,,,,,,
3_3dMatrculaECNivelSecundario,DHBEvolucinTemporal,3.3d Matr├¡cula EC Nivel secundario.twb,DATOS_ADMIN_SM,federated.0qiz8oi1sb3cd813zi06q01yhyh5,[MES],DATO_MES,string,dimension,nominal,,,,,,
3_3dMatrculaECNivelSecundario,DHBEvolucinTemporal,3.3d Matr├¡cula EC Nivel secundario.twb,DATOS_ADMIN_SM,federated.0qiz8oi1sb3cd813zi06q01yhyh5,[MODALIDAD_APERTURA_NIVEL_1],DATO_MODALIDAD_APERTURA_NIVEL_1,string,dimension,nominal,,,,,,
3_3dMatrculaECNivelSecundario,DHBEvolucinTemporal,3.3d Matr├¡cula EC Nivel secundario.twb,DATOS_ADMIN_SM,federated.0qiz8oi1sb3cd813zi06q01yhyh5,[MODALIDAD_APERTURA_NIVEL_2],DATO_MODALIDAD_APERTURA_NIVEL_2,string,dimension,nominal,,,,,,
3_3dMatrculaECNivelSecundario,DHBEvolucinTemporal,3.3d Matr├¡cula EC Nivel secundario.twb,DATOS_ADMIN_SM,federated.0qiz8oi1sb3cd813zi06q01yhyh5,[Region],UNIDAD_GEOGRAFICA_REGION,string,dimension,nominal,,,,,categorical-bin,
3_3dMatrculaECNivelSecundario,DHBEvolucinTemporal,3.3d Matr├¡cula EC Nivel secundario.twb,DATOS_ADMIN_SM,federated.0qiz8oi1sb3cd813zi06q01yhyh5,[SECCION_ID],DATO_SECCION_ID,integer,dimension,ordinal,,,,,,
3_3dMatrculaECNivelSecundario,DHBEvolucinTemporal,3.3d Matr├¡cula EC Nivel secundario.twb,DATOS_ADMIN_SM,federated.0qiz8oi1sb3cd813zi06q01yhyh5,[SECCION_NOMBRE],DATO_SECCION_NOMBRE,string,dimension,nominal,,,,,,
3_3dMatrculaECNivelSecundario,DHBEvolucinTemporal,3.3d Matr├¡cula EC Nivel secundario.twb,DATOS_ADMIN_SM,federated.0qiz8oi1sb3cd813zi06q01yhyh5,[SUB_UNIDAD_GEOGRAFICA],DATO_SUBUNIDAD_GEOGRAFICA,string,dimension,nominal,,,,,,
3_3dMatrculaECNivelSecundario,DHBEvolucinTemporal,3.3d Matr├¡cula EC Nivel secundario.twb,DATOS_ADMIN_SM,federated.0qiz8oi1sb3cd813zi06q01yhyh5,[TABLERO_CONFIGURACION_ID],,integer,dimension,ordinal,,,,,,
3_3dMatrculaECNivelSecundario,DHBEvolucinTemporal,3.3d Matr├¡cula EC Nivel secundario.twb,DATOS_ADMIN_SM,federated.0qiz8oi1sb3cd813zi06q01yhyh5,[TABLERO_FECHA_ULT_CARGA_DATOS],,datetime,dimension,ordinal,,,,,,
3_3dMatrculaECNivelSecundario,DHBEvolucinTemporal,3.3d Matr├¡cula EC Nivel secundario.twb,DATOS_ADMIN_SM,federated.0qiz8oi1sb3cd813zi06q01yhyh5,[TABLERO_ID (Tableros)],TABLERO_ID,integer,dimension,ordinal,,,,,,
3_3dMatrculaECNivelSecundario,DHBEvolucinTemporal,3.3d Matr├¡cula EC Nivel secundario.twb,DATOS_ADMIN_SM,federated.0qiz8oi1sb3cd813zi06q01yhyh5,[TABLERO_ID],DATO_TABLERO_ID,integer,dimension,ordinal,,,,,,
3_3dMatrculaECNivelSecundario,DHBEvolucinTemporal,3.3d Matr├¡cula EC Nivel secundario.twb,DATOS_ADMIN_SM,federated.0qiz8oi1sb3cd813zi06q01yhyh5,[TABLERO_NOMBRE (Tableros)],TABLERO_NOMBRE,string,dimension,nominal,,,,,,
3_3dMatrculaECNivelSecundario,DHBEvolucinTemporal,3.3d Matr├¡cula EC Nivel secundario.twb,DATOS_ADMIN_SM,federated.0qiz8oi1sb3cd813zi06q01yhyh5,[TABLERO_NOMBRE],DATO_TABLERO_NOMBRE,string,dimension,nominal,,,true,,,
3_3dMatrculaECNivelSecundario,DHBEvolucinTemporal,3.3d Matr├¡cula EC Nivel secundario.twb,DATOS_ADMIN_SM,federated.0qiz8oi1sb3cd813zi06q01yhyh5,[TEMA_DE_SISTEMA],TEMA_DE_SISTEMA (T_TEMA),string,dimension,nominal,,,,,,
3_3dMatrculaECNivelSecundario,DHBEvolucinTemporal,3.3d Matr├¡cula EC Nivel secundario.twb,DATOS_ADMIN_SM,federated.0qiz8oi1sb3cd813zi06q01yhyh5,[TEMA_ID (Temas)],TEMA_ID,integer,dimension,ordinal,,,,,,
3_3dMatrculaECNivelSecundario,DHBEvolucinTemporal,3.3d Matr├¡cula EC Nivel secundario.twb,DATOS_ADMIN_SM,federated.0qiz8oi1sb3cd813zi06q01yhyh5,[TEMA_ID],DATO_TEMA_ID,integer,dimension,ordinal,,,,,,
3_3dMatrculaECNivelSecundario,DHBEvolucinTemporal,3.3d Matr├¡cula EC Nivel secundario.twb,DATOS_ADMIN_SM,federated.0qiz8oi1sb3cd813zi06q01yhyh5,[TEMA_NOMBRE (Temas)],TEMA_NOMBRE,string,dimension,nominal,,,,,,
3_3dMatrculaECNivelSecundario,DHBEvolucinTemporal,3.3d Matr├¡cula EC Nivel secundario.twb,DATOS_ADMIN_SM,federated.0qiz8oi1sb3cd813zi06q01yhyh5,[TEMA_NOMBRE],DATO_TEMA_NOMBRE,string,dimension,nominal,,,,,,
3_3dMatrculaECNivelSecundario,DHBEvolucinTemporal,3.3d Matr├¡cula EC Nivel secundario.twb,DATOS_ADMIN_SM,federated.0qiz8oi1sb3cd813zi06q01yhyh5,[TIPO_DATO_SM_STR (copia)_5425289489129852943],DATO_TIPO_ORDEN,integer,dimension,ordinal,,,,,tableau,"IF ([TIPO_DE_DATO] == 'SERIE_TEMPORAL') THEN 1
ELSEIF ([TIPO_DE_DATO] == 'DISTRIBUCION') THEN 2
ELSEIF ([TIPO_DE_DATO] == 'APERTURA') THEN 3
ELSEIF ([TIPO_DE_DATO] == 'MAPA') THEN 4
END"
3_3dMatrculaECNivelSecundario,DHBEvolucinTemporal,3.3d Matr├¡cula EC Nivel secundario.twb,DATOS_ADMIN_SM,federated.0qiz8oi1sb3cd813zi06q01yhyh5,[TIPO_DE_DATO],DATO_TIPO,string,dimension,nominal,,,,,,
3_3dMatrculaECNivelSecundario,DHBEvolucinTemporal,3.3d Matr├¡cula EC Nivel secundario.twb,DATOS_ADMIN_SM,federated.0qiz8oi1sb3cd813zi06q01yhyh5,[UNIDAD_GEOGRAFICA_CODIGO],DATO_UNIDAD_GEOGRAFICA_CODIGO,string,dimension,nominal,,,,,,
3_3dMatrculaECNivelSecundario,DHBEvolucinTemporal,3.3d Matr├¡cula EC Nivel secundario.twb,DATOS_ADMIN_SM,federated.0qiz8oi1sb3cd813zi06q01yhyh5,[UNIDAD_GEOGRAFICA_NOMBRE],DATO_UNIDAD_GEOGRAFICA_NOMBRE,string,dimension,nominal,,,,,,
3_3dMatrculaECNivelSecundario,DHBEvolucinTemporal,3.3d Matr├¡cula EC Nivel secundario.twb,DATOS_ADMIN_SM,federated.0qiz8oi1sb3cd813zi06q01yhyh5,[URL_DOC_METODOLOGICO (copy)_334673809461317641],URL_INSTRUCTIVO_NAV,string,dimension,nominal,,,,,tableau,[CONFIG_URL_ADMIN_SM] + [CONFIGURACION_URL_INSTRUCTIVO_NAV]
3_3dMatrculaECNivelSecundario,DHBEvolucinTemporal,3.3d Matr├¡cula EC Nivel secundario.twb,DATOS_ADMIN_SM,federated.0qiz8oi1sb3cd813zi06q01yhyh5,[URL_DOC_TECNICO_TABLERO (copy)_334673809529749519],TABLERO_URL_REPORTE,string,dimension,nominal,,,,,tableau,[CONFIG_URL_ADMIN_SM] + [CONFIGURACION_URL_REPORTE_TABLERO] + STR([TABLERO_ID (Tableros)])
3_3dMatrculaECNivelSecundario,DHBEvolucinTemporal,3.3d Matr├¡cula EC Nivel secundario.twb,DATOS_ADMIN_SM,federated.0qiz8oi1sb3cd813zi06q01yhyh5,[URL_FICHA _TABLERO (copy)_334673809529606158],TABLERO_URL_DOC_TECNICO,string,dimension,nominal,,,,,tableau,[CONFIG_URL_ADMIN_SM] + [CONFIGURACION_URL_DOC_TECNICO_TABLERO] + STR([TABLERO_ID (Tableros)])
3_3dMatrculaECNivelSecundario,DHBEvolucinTemporal,3.3d Matr├¡cula EC Nivel secundario.twb,DATOS_ADMIN_SM,federated.0qiz8oi1sb3cd813zi06q01yhyh5,[VALOR],DATO_VALOR,real,dimension,ordinal,,,,,,
3_3dMatrculaECNivelSecundario,DHBEvolucinTemporal,3.3d Matr├¡cula EC Nivel secundario.twb,DATOS_ADMIN_SM,federated.0qiz8oi1sb3cd813zi06q01yhyh5,[VALOR_AUXILIAR],DATO_VALOR_AUXILIAR,real,dimension,ordinal,,,,,,
3_3dMatrculaECNivelSecundario,DHBEvolucinTemporal,3.3d Matr├¡cula EC Nivel secundario.twb,DATOS_ADMIN_SM,federated.0qiz8oi1sb3cd813zi06q01yhyh5,[Valor cantidad (Mapa) (copia)_6236992911694086162],DATO_SUM_VALOR_AUXILIAR (MAPA),real,measure,quantitative,,,,,tableau,SUM([VALOR_AUXILIAR])
3_3dMatrculaECNivelSecundario,DHBEvolucinTemporal,3.3d Matr├¡cula EC Nivel secundario.twb,DATOS_ADMIN_SM,federated.0qiz8oi1sb3cd813zi06q01yhyh5,[Valor mapa calculado (copia)_6236992911641026571],VALOR_PORCENTUAL (T_MAPA),real,measure,quantitative,,,,,tableau,[Valor porcentual (copia)_6236992911648841741] * 100 / [Valor cantidad (Mapa) (copia)_6236992911694086162]
3_3dMatrculaECNivelSecundario,DHBEvolucinTemporal,3.3d Matr├¡cula EC Nivel secundario.twb,DATOS_ADMIN_SM,federated.0qiz8oi1sb3cd813zi06q01yhyh5,[Valor porcentual (copia)_6236992911646519308],DATO_TOTAL_SUM_VALOR (MAPA),real,measure,quantitative,,,,,tableau,TOTAL([Valor porcentual (copia)_6236992911648841741])
3_3dMatrculaECNivelSecundario,DHBEvolucinTemporal,3.3d Matr├¡cula EC Nivel secundario.twb,DATOS_ADMIN_SM,federated.0qiz8oi1sb3cd813zi06q01yhyh5,[Valor porcentual (copia)_6236992911648841741],DATO_SUM_VALOR (MAPA),real,measure,quantitative,,,,,tableau,SUM([VALOR])
3_3dMatrculaECNivelSecundario,DHBEvolucinTemporal,3.3d Matr├¡cula EC Nivel secundario.twb,DATOS_ADMIN_SM,federated.0qiz8oi1sb3cd813zi06q01yhyh5,[Valor porcentual (copia)_6236992911649583118],VALOR_TASA (T_MAPA),real,measure,quantitative,,,,,tableau,[Valor porcentual (copia)_6236992911648841741] / [Valor cantidad (Mapa) (copia)_6236992911694086162]
3_3dMatrculaECNivelSecundario,DHBEvolucinTemporal,3.3d Matr├¡cula EC Nivel secundario.twb,DATOS_ADMIN_SM,federated.0qiz8oi1sb3cd813zi06q01yhyh5,[Valor total (Mapa) (copia)_6236992911689347089],DATO_TOTAL_SUM_VALOR_AUXILIAR (MAPA),real,measure,quantitative,,,,,tableau,TOTAL([Valor cantidad (Mapa) (copia)_6236992911694086162])
3_3dMatrculaECNivelSecundario,DHBEvolucinTemporal,3.3d Matr├¡cula EC Nivel secundario.twb,DATOS_ADMIN_SM,federated.0qiz8oi1sb3cd813zi06q01yhyh5,[Visualizar Desagregaciones (copia)_541839333440749569],Aperturas - Visualizar Gráfico Barras,integer,dimension,quantitative,,,,,tableau,"IF ([Parameters].[Gráfico seleccionado (copia)_541839333440561152] = ""Barras"") THEN 1 
ELSEIF ([Parameters].[Gráfico seleccionado (copia)_541839333440561152] = ""Barras y tabla"") THEN 1 
ELSE 0 END"
3_3dMatrculaECNivelSecundario,DHBEvolucinTemporal,3.3d Matr├¡cula EC Nivel secundario.twb,DATOS_ADMIN_SM,federated.0qiz8oi1sb3cd813zi06q01yhyh5,[Visualizar Desagregaciones Barra (copia)_541839333440913410],Aperturas - Visualizar Gráfico Tabla,integer,dimension,quantitative,,,,,tableau,"IF ([Parameters].[Gráfico seleccionado (copia)_541839333440561152] = ""Tabla"") THEN 1 
ELSEIF ([Parameters].[Gráfico seleccionado (copia)_541839333440561152] = ""Barras y tabla"") THEN 1 
ELSE 0 END"
3_3dMatrculaECNivelSecundario,DHBEvolucinTemporal,3.3d Matr├¡cula EC Nivel secundario.twb,DATOS_ADMIN_SM,federated.0qiz8oi1sb3cd813zi06q01yhyh5,[Visualizar Gráfico Jerarquía (copia)_1886797147614466070],Distribuciones - Visualizar Gráfico Torta,integer,dimension,quantitative,,,,,tableau,"IF ([Parameters].[p_grafico_apertura_grupo (copia)_1886797147614048275] = ""Torta"") THEN 1 
ELSEIF ([Parameters].[p_grafico_apertura_grupo (copia)_1886797147614048275] = ""Todos"") THEN 1 
ELSE 0 END"
3_3dMatrculaECNivelSecundario,DHBEvolucinTemporal,3.3d Matr├¡cula EC Nivel secundario.twb,DATOS_ADMIN_SM,federated.0qiz8oi1sb3cd813zi06q01yhyh5,[Visualizar Gráfico Tabla (copia)_1886797147614306325],Distribuciones - Visualizar Gráfico Jerarquía,integer,dimension,quantitative,,,,,tableau,"IF ([Parameters].[p_grafico_apertura_grupo (copia)_1886797147614048275] = ""Jerarquía"") THEN 1 
ELSEIF ([Parameters].[p_grafico_apertura_grupo (copia)_1886797147614048275] = ""Todos"") THEN 1 
ELSE 0 END"
3_3dMatrculaECNivelSecundario,DHBEvolucinTemporal,3.3d Matr├¡cula EC Nivel secundario.twb,DATOS_ADMIN_SM,federated.0qiz8oi1sb3cd813zi06q01yhyh5,[Visualizar Gráfico Tabla (copia)_2772247096855269376],Visualizar Indicadores,boolean,dimension,nominal,,,,,tableau,"IF ([Parameters].[p_grafico (copia)] = TRUE) THEN TRUE 
ELSE FALSE END"
3_3dMatrculaECNivelSecundario,DHBEvolucinTemporal,3.3d Matr├¡cula EC Nivel secundario.twb,DATOS_ADMIN_SM,federated.0qiz8oi1sb3cd813zi06q01yhyh5,[Visualizar Indicadores (copy)_4723009404655362069],BTN Mostrar Gráficos Caracteristicas,boolean,dimension,nominal,,,,,tableau,[Parameters].[p_mostrar_indicadores (copy)_4723009404655562774]
3_3dMatrculaECNivelSecundario,DHBEvolucinTemporal,3.3d Matr├¡cula EC Nivel secundario.twb,DATOS_ADMIN_SM,federated.0qiz8oi1sb3cd813zi06q01yhyh5,[Visualizar Indicadores (copy)_4723009404679073821],Ver gráficos caracteristicas,boolean,dimension,nominal,,,,,tableau,[Parameters].[p_mostrar_indicadores (copy)_4723009404655562774]
3_3dMatrculaECNivelSecundario,DHBEvolucinTemporal,3.3d Matr├¡cula EC Nivel secundario.twb,DATOS_ADMIN_SM,federated.0qiz8oi1sb3cd813zi06q01yhyh5,[__tableau_internal_object_id__].[Configuracion_70F75B593A84437096A6459916C3B121],Configuracion,table,measure,quantitative,,,,,,
3_3dMatrculaECNivelSecundario,DHBEvolucinTemporal,3.3d Matr├¡cula EC Nivel secundario.twb,DATOS_ADMIN_SM,federated.0qiz8oi1sb3cd813zi06q01yhyh5,[__tableau_internal_object_id__].[Datos_E76A2789C0C0403C8522440D998704F2],Datos,table,measure,quantitative,,,,,,
3_3dMatrculaECNivelSecundario,DHBEvolucinTemporal,3.3d Matr├¡cula EC Nivel secundario.twb,DATOS_ADMIN_SM,federated.0qiz8oi1sb3cd813zi06q01yhyh5,[__tableau_internal_object_id__].[Grupos Indicadores_80F403D81C66448DB95D3484EA9601FB],Grupos Indicadores,table,measure,quantitative,,,,,,
3_3dMatrculaECNivelSecundario,DHBEvolucinTemporal,3.3d Matr├¡cula EC Nivel secundario.twb,DATOS_ADMIN_SM,federated.0qiz8oi1sb3cd813zi06q01yhyh5,[__tableau_internal_object_id__].[Indicadores_F269C9F3A1A74D299CBC3D2526527AB4],Indicadores,table,measure,quantitative,,,,,,
3_3dMatrculaECNivelSecundario,DHBEvolucinTemporal,3.3d Matr├¡cula EC Nivel secundario.twb,DATOS_ADMIN_SM,federated.0qiz8oi1sb3cd813zi06q01yhyh5,[__tableau_internal_object_id__].[Tableros_4B7E936B713A46E09A688BE3B557C7FB],Tableros,table,measure,quantitative,,,,,,
3_3dMatrculaECNivelSecundario,DHBEvolucinTemporal,3.3d Matr├¡cula EC Nivel secundario.twb,DATOS_ADMIN_SM,federated.0qiz8oi1sb3cd813zi06q01yhyh5,[__tableau_internal_object_id__].[Temas_1EB48C7DA90F40468E6E2140C9DFBF4E],Temas,table,measure,quantitative,,,,,,
3_3dMatrculaECNivelSecundario,DHBEvolucinTemporal,3.3d Matr├¡cula EC Nivel secundario.twb,DATOS_ADMIN_SM,federated.0qiz8oi1sb3cd813zi06q01yhyh5,[__tableau_internal_object_id__].[provincia.shp_62D62B83F60E430CB2E4544483D1F16A],Provincias,table,measure,quantitative,,,,,,
3_3dMatrculaECNivelSecundario,DHBEvolucinTemporal,3.3d Matr├¡cula EC Nivel secundario.twb,DATOS_ADMIN_SM,federated.0qiz8oi1sb3cd813zi06q01yhyh5,[entidad],Entidad,integer,measure,quantitative,,,,,,
3_3dMatrculaECNivelSecundario,DHBEvolucinTemporal,3.3d Matr├¡cula EC Nivel secundario.twb,DATOS_ADMIN_SM,federated.0qiz8oi1sb3cd813zi06q01yhyh5,[fdc],Fdc,string,dimension,nominal,,,,,,
3_3dMatrculaECNivelSecundario,DHBEvolucinTemporal,3.3d Matr├¡cula EC Nivel secundario.twb,DATOS_ADMIN_SM,federated.0qiz8oi1sb3cd813zi06q01yhyh5,[fna],Fna,string,dimension,nominal,,,,,,
3_3dMatrculaECNivelSecundario,DHBEvolucinTemporal,3.3d Matr├¡cula EC Nivel secundario.twb,DATOS_ADMIN_SM,federated.0qiz8oi1sb3cd813zi06q01yhyh5,[gid],Gid,integer,measure,quantitative,,,,,,
3_3dMatrculaECNivelSecundario,DHBEvolucinTemporal,3.3d Matr├¡cula EC Nivel secundario.twb,DATOS_ADMIN_SM,federated.0qiz8oi1sb3cd813zi06q01yhyh5,[gna],Gna,string,dimension,nominal,,,,,,
3_3dMatrculaECNivelSecundario,DHBEvolucinTemporal,3.3d Matr├¡cula EC Nivel secundario.twb,DATOS_ADMIN_SM,federated.0qiz8oi1sb3cd813zi06q01yhyh5,[in1],In1,string,dimension,nominal,,,,,,
3_3dMatrculaECNivelSecundario,DHBEvolucinTemporal,3.3d Matr├¡cula EC Nivel secundario.twb,DATOS_ADMIN_SM,federated.0qiz8oi1sb3cd813zi06q01yhyh5,[nam],Nombre provincia,string,dimension,nominal,,,true,,,
3_3dMatrculaECNivelSecundario,DHBEvolucinTemporal,3.3d Matr├¡cula EC Nivel secundario.twb,DATOS_ADMIN_SM,federated.0qiz8oi1sb3cd813zi06q01yhyh5,[objeto],Objeto,string,dimension,nominal,,,,,,
3_3dMatrculaECNivelSecundario,DHBEvolucinTemporal,3.3d Matr├¡cula EC Nivel secundario.twb,DATOS_ADMIN_SM,federated.0qiz8oi1sb3cd813zi06q01yhyh5,[sag],Sag,string,dimension,nominal,,,,,,
3_3dMatrculaECNivelSecundario,DHBEvolucinTemporal,3.3d Matr├¡cula EC Nivel secundario.twb,DATOS_ADMIN_SM,federated.0qiz8oi1sb3cd813zi06q01yhyh5,[Gráfico seleccionado (copia)_541839333440561152],p_grafico_cruces_relevantes,string,measure,nominal,,,,list,tableau,"""Barras y tabla"""
3_3dMatrculaECNivelSecundario,DHBEvolucinTemporal,3.3d Matr├¡cula EC Nivel secundario.twb,DATOS_ADMIN_SM,federated.0qiz8oi1sb3cd813zi06q01yhyh5,[Parametro gráfico (copia)_541839334149496838],p_seccion,string,measure,nominal,,,,list,tableau,"""Situación General"""
3_3dMatrculaECNivelSecundario,DHBEvolucinTemporal,3.3d Matr├¡cula EC Nivel secundario.twb,DATOS_ADMIN_SM,federated.0qiz8oi1sb3cd813zi06q01yhyh5,[Parámetro 1],p_grafico,string,measure,nominal,,,,list,tableau,"""Evolución temporal"""
3_3dMatrculaECNivelSecundario,DHBEvolucinTemporal,3.3d Matr├¡cula EC Nivel secundario.twb,DATOS_ADMIN_SM,federated.0qiz8oi1sb3cd813zi06q01yhyh5,[Parámetro 2],p_tablero,string,measure,nominal,,,,list,tableau,"""3.3d. Matrícula de la Educación común. Nivel secundario"""
3_3dMatrculaECNivelSecundario,DHBEvolucinTemporal,3.3d Matr├¡cula EC Nivel secundario.twb,DATOS_ADMIN_SM,federated.0qiz8oi1sb3cd813zi06q01yhyh5,[p_grafico (copia)],p_mostrar_indicadores,boolean,measure,nominal,,,,list,tableau,false
3_3dMatrculaECNivelSecundario,DHBEvolucinTemporal,3.3d Matr├¡cula EC Nivel secundario.twb,DATOS_ADMIN_SM,federated.0qiz8oi1sb3cd813zi06q01yhyh5,[p_grafico_apertura_grupo (copia)_1886797147614048275],p_grafico_caracteristicas,string,measure,nominal,,,,list,tableau,"""Todos"""
3_3dMatrculaECNivelSecundario,DHBEvolucinTemporal,3.3d Matr├¡cula EC Nivel secundario.twb,DATOS_ADMIN_SM,federated.0qiz8oi1sb3cd813zi06q01yhyh5,[p_mostrar_indicadores (copy)_4723009404655562774],p_ver_graficos_caracteristicas,boolean,measure,nominal,,,,list,tableau,false
3_3dMatrculaECNivelSecundario,DHBEvolucinTemporal,3.3d Matr├¡cula EC Nivel secundario.twb,DATOS_ADMIN_SM,federated.0qiz8oi1sb3cd813zi06q01yhyh5,[p_ver_graficos_caracteristicas (copy)_54254335857623040],p_ver_graficos_cruces_relevantes,boolean,measure,nominal,,,,list,tableau,false
3_3dMatrculaECNivelSecundario,DHBEvolucinTemporal,3.3d Matr├¡cula EC Nivel secundario.twb,DATOS_ADMIN_SM,federated.0qiz8oi1sb3cd813zi06q01yhyh5,[p_ver_graficos_cruces_relevantes (copy)_54254335887020034],p_ver_graficos_dist_territorial,boolean,measure,nominal,,,,list,tableau,false
3_3dMatrculaECNivelSecundario,DHBEvolucinTemporal,3.3d Matr├¡cula EC Nivel secundario.twb,DATOS_ADMIN_SM,federated.0qiz8oi1sb3cd813zi06q01yhyh5,[p_ver_graficos_dist_territorial (copy)_54254335887122435],p_ver_graficos_evol_temporal,boolean,measure,nominal,,,,list,tableau,false
3_3dMatrculaECNivelSecundario,DHBEvolucinTemporal,3.3d Matr├¡cula EC Nivel secundario.twb,DATOS_ADMIN_SM,federated.0qiz8oi1sb3cd813zi06q01yhyh5,CONFIGURACION_ID,,integer,,,,,,,,
3_3dMatrculaECNivelSecundario,DHBEvolucinTemporal,3.3d Matr├¡cula EC Nivel secundario.twb,DATOS_ADMIN_SM,federated.0qiz8oi1sb3cd813zi06q01yhyh5,CONFIGURACION_URL_SM,,string,,,,,,,,
3_3dMatrculaECNivelSecundario,DHBEvolucinTemporal,3.3d Matr├¡cula EC Nivel secundario.twb,DATOS_ADMIN_SM,federated.0qiz8oi1sb3cd813zi06q01yhyh5,CONFIG_URL_ADMIN_SM,,string,,,,,,,,
3_3dMatrculaECNivelSecundario,DHBEvolucinTemporal,3.3d Matr├¡cula EC Nivel secundario.twb,DATOS_ADMIN_SM,federated.0qiz8oi1sb3cd813zi06q01yhyh5,CONFIGURACION_URL_DEFENSORIA,,string,,,,,,,,
3_3dMatrculaECNivelSecundario,DHBEvolucinTemporal,3.3d Matr├¡cula EC Nivel secundario.twb,DATOS_ADMIN_SM,federated.0qiz8oi1sb3cd813zi06q01yhyh5,CONFIGURACION_DESCRIPCION,,string,,,,,,,,
3_3dMatrculaECNivelSecundario,DHBEvolucinTemporal,3.3d Matr├¡cula EC Nivel secundario.twb,DATOS_ADMIN_SM,federated.0qiz8oi1sb3cd813zi06q01yhyh5,CONFIGURACION_URL_FICHA_INDICADOR,,string,,,,,,,,
3_3dMatrculaECNivelSecundario,DHBEvolucinTemporal,3.3d Matr├¡cula EC Nivel secundario.twb,DATOS_ADMIN_SM,federated.0qiz8oi1sb3cd813zi06q01yhyh5,CONFIGURACION_URL_FICHA_TABLERO,,string,,,,,,,,
3_3dMatrculaECNivelSecundario,DHBEvolucinTemporal,3.3d Matr├¡cula EC Nivel secundario.twb,DATOS_ADMIN_SM,federated.0qiz8oi1sb3cd813zi06q01yhyh5,CONFIGURACION_URL_DOC_TECNICO_TABLERO,,string,,,,,,,,
3_3dMatrculaECNivelSecundario,DHBEvolucinTemporal,3.3d Matr├¡cula EC Nivel secundario.twb,DATOS_ADMIN_SM,federated.0qiz8oi1sb3cd813zi06q01yhyh5,CONFIGURACION_URL_REPORTE_TABLERO,,string,,,,,,,,
3_3dMatrculaECNivelSecundario,DHBEvolucinTemporal,3.3d Matr├¡cula EC Nivel secundario.twb,DATOS_ADMIN_SM,federated.0qiz8oi1sb3cd813zi06q01yhyh5,CONFIGURACION_EMAIL_CONTACTO,,string,,,,,,,,
3_3dMatrculaECNivelSecundario,DHBEvolucinTemporal,3.3d Matr├¡cula EC Nivel secundario.twb,DATOS_ADMIN_SM,federated.0qiz8oi1sb3cd813zi06q01yhyh5,CONFIGURACION_URL_DOC_METODOLOGICO,,string,,,,,,,,
3_3dMatrculaECNivelSecundario,DHBEvolucinTemporal,3.3d Matr├¡cula EC Nivel secundario.twb,DATOS_ADMIN_SM,federated.0qiz8oi1sb3cd813zi06q01yhyh5,CONFIGURACION_URL_INSTRUCTIVO_NAV,,string,,,,,,,,
3_3dMatrculaECNivelSecundario,DHBEvolucinTemporal,3.3d Matr├¡cula EC Nivel secundario.twb,DATOS_ADMIN_SM,federated.0qiz8oi1sb3cd813zi06q01yhyh5,TEMA_ID,,string,,,,,,,,
3_3dMatrculaECNivelSecundario,DHBEvolucinTemporal,3.3d Matr├¡cula EC Nivel secundario.twb,DATOS_ADMIN_SM,federated.0qiz8oi1sb3cd813zi06q01yhyh5,TEMA_NOMBRE,,string,,,,,,,,
3_3dMatrculaECNivelSecundario,DHBEvolucinTemporal,3.3d Matr├¡cula EC Nivel secundario.twb,DATOS_ADMIN_SM,federated.0qiz8oi1sb3cd813zi06q01yhyh5,TABLERO_ID,,string,,,,,,,,
3_3dMatrculaECNivelSecundario,DHBEvolucinTemporal,3.3d Matr├¡cula EC Nivel secundario.twb,DATOS_ADMIN_SM,federated.0qiz8oi1sb3cd813zi06q01yhyh5,TABLERO_NOMBRE,,string,,,,,,,,
3_3dMatrculaECNivelSecundario,DHBEvolucinTemporal,3.3d Matr├¡cula EC Nivel secundario.twb,DATOS_ADMIN_SM,federated.0qiz8oi1sb3cd813zi06q01yhyh5,SECCION_ID,,string,,,,,,,,
3_3dMatrculaECNivelSecundario,DHBEvolucinTemporal,3.3d Matr├¡cula EC Nivel secundario.twb,DATOS_ADMIN_SM,federated.0qiz8oi1sb3cd813zi06q01yhyh5,SECCION_NOMBRE,,string,,,,,,,,
3_3dMatrculaECNivelSecundario,DHBEvolucinTemporal,3.3d Matr├¡cula EC Nivel secundario.twb,DATOS_ADMIN_SM,federated.0qiz8oi1sb3cd813zi06q01yhyh5,GRUPO_INDICADOR_ID,,string,,,,,,,,
3_3dMatrculaECNivelSecundario,DHBEvolucinTemporal,3.3d Matr├¡cula EC Nivel secundario.twb,DATOS_ADMIN_SM,federated.0qiz8oi1sb3cd813zi06q01yhyh5,GRUPO_INDICADOR_NOMBRE,,string,,,,,,,,
3_3dMatrculaECNivelSecundario,DHBEvolucinTemporal,3.3d Matr├¡cula EC Nivel secundario.twb,DATOS_ADMIN_SM,federated.0qiz8oi1sb3cd813zi06q01yhyh5,INDICADOR_ID,,string,,,,,,,,
3_3dMatrculaECNivelSecundario,DHBEvolucinTemporal,3.3d Matr├¡cula EC Nivel secundario.twb,DATOS_ADMIN_SM,federated.0qiz8oi1sb3cd813zi06q01yhyh5,INDICADOR_NOMBRE,,string,,,,,,,,
3_3dMatrculaECNivelSecundario,DHBEvolucinTemporal,3.3d Matr├¡cula EC Nivel secundario.twb,DATOS_ADMIN_SM,federated.0qiz8oi1sb3cd813zi06q01yhyh5,TIPO_DE_DATO,,string,,,,,,,,
3_3dMatrculaECNivelSecundario,DHBEvolucinTemporal,3.3d Matr├¡cula EC Nivel secundario.twb,DATOS_ADMIN_SM,federated.0qiz8oi1sb3cd813zi06q01yhyh5,ID_DATO_SM,,string,,,,,,,,
3_3dMatrculaECNivelSecundario,DHBEvolucinTemporal,3.3d Matr├¡cula EC Nivel secundario.twb,DATOS_ADMIN_SM,federated.0qiz8oi1sb3cd813zi06q01yhyh5,DATO_DE_SISTEMA,,string,,,,,,,,
3_3dMatrculaECNivelSecundario,DHBEvolucinTemporal,3.3d Matr├¡cula EC Nivel secundario.twb,DATOS_ADMIN_SM,federated.0qiz8oi1sb3cd813zi06q01yhyh5,ANIO,,string,,,,,,,,
3_3dMatrculaECNivelSecundario,DHBEvolucinTemporal,3.3d Matr├¡cula EC Nivel secundario.twb,DATOS_ADMIN_SM,federated.0qiz8oi1sb3cd813zi06q01yhyh5,MES,,string,,,,,,,,
3_3dMatrculaECNivelSecundario,DHBEvolucinTemporal,3.3d Matr├¡cula EC Nivel secundario.twb,DATOS_ADMIN_SM,federated.0qiz8oi1sb3cd813zi06q01yhyh5,UNIDAD_GEOGRAFICA_CODIGO,,string,,,,,,,,
3_3dMatrculaECNivelSecundario,DHBEvolucinTemporal,3.3d Matr├¡cula EC Nivel secundario.twb,DATOS_ADMIN_SM,federated.0qiz8oi1sb3cd813zi06q01yhyh5,UNIDAD_GEOGRAFICA_NOMBRE,,string,,,,,,,,
3_3dMatrculaECNivelSecundario,DHBEvolucinTemporal,3.3d Matr├¡cula EC Nivel secundario.twb,DATOS_ADMIN_SM,federated.0qiz8oi1sb3cd813zi06q01yhyh5,SUB_UNIDAD_GEOGRAFICA,,string,,,,,,,,
3_3dMatrculaECNivelSecundario,DHBEvolucinTemporal,3.3d Matr├¡cula EC Nivel secundario.twb,DATOS_ADMIN_SM,federated.0qiz8oi1sb3cd813zi06q01yhyh5,APERTURA_DESCRIPCION,,string,,,,,,,,
3_3dMatrculaECNivelSecundario,DHBEvolucinTemporal,3.3d Matr├¡cula EC Nivel secundario.twb,DATOS_ADMIN_SM,federated.0qiz8oi1sb3cd813zi06q01yhyh5,APERTURA_NIVEL_1,,string,,,,,,,,
3_3dMatrculaECNivelSecundario,DHBEvolucinTemporal,3.3d Matr├¡cula EC Nivel secundario.twb,DATOS_ADMIN_SM,federated.0qiz8oi1sb3cd813zi06q01yhyh5,MODALIDAD_APERTURA_NIVEL_1,,string,,,,,,,,
3_3dMatrculaECNivelSecundario,DHBEvolucinTemporal,3.3d Matr├¡cula EC Nivel secundario.twb,DATOS_ADMIN_SM,federated.0qiz8oi1sb3cd813zi06q01yhyh5,APERTURA_NIVEL_2,,string,,,,,,,,
3_3dMatrculaECNivelSecundario,DHBEvolucinTemporal,3.3d Matr├¡cula EC Nivel secundario.twb,DATOS_ADMIN_SM,federated.0qiz8oi1sb3cd813zi06q01yhyh5,MODALIDAD_APERTURA_NIVEL_2,,string,,,,,,,,
3_3dMatrculaECNivelSecundario,DHBEvolucinTemporal,3.3d Matr├¡cula EC Nivel secundario.twb,DATOS_ADMIN_SM,federated.0qiz8oi1sb3cd813zi06q01yhyh5,VALOR,,string,,,,,,,,
3_3dMatrculaECNivelSecundario,DHBEvolucinTemporal,3.3d Matr├¡cula EC Nivel secundario.twb,DATOS_ADMIN_SM,federated.0qiz8oi1sb3cd813zi06q01yhyh5,VALOR_AUXILIAR,,string,,,,,,,,
3_3dMatrculaECNivelSecundario,DHBEvolucinTemporal,3.3d Matr├¡cula EC Nivel secundario.twb,DATOS_ADMIN_SM,federated.0qiz8oi1sb3cd813zi06q01yhyh5,GRUPO_INDICADOR_ID,,string,,,,,,,,
3_3dMatrculaECNivelSecundario,DHBEvolucinTemporal,3.3d Matr├¡cula EC Nivel secundario.twb,DATOS_ADMIN_SM,federated.0qiz8oi1sb3cd813zi06q01yhyh5,GRUPO_INDICADOR_CODIGO,,string,,,,,,,,
3_3dMatrculaECNivelSecundario,DHBEvolucinTemporal,3.3d Matr├¡cula EC Nivel secundario.twb,DATOS_ADMIN_SM,federated.0qiz8oi1sb3cd813zi06q01yhyh5,GRUPO_INDICADOR_NOMBRE,,string,,,,,,,,
3_3dMatrculaECNivelSecundario,DHBEvolucinTemporal,3.3d Matr├¡cula EC Nivel secundario.twb,DATOS_ADMIN_SM,federated.0qiz8oi1sb3cd813zi06q01yhyh5,GRUPO_INDICADOR_ORDEN,,string,,,,,,,,
3_3dMatrculaECNivelSecundario,DHBEvolucinTemporal,3.3d Matr├¡cula EC Nivel secundario.twb,DATOS_ADMIN_SM,federated.0qiz8oi1sb3cd813zi06q01yhyh5,GRUPO_INDICADOR_FUENTES,,string,,,,,,,,
3_3dMatrculaECNivelSecundario,DHBEvolucinTemporal,3.3d Matr├¡cula EC Nivel secundario.twb,DATOS_ADMIN_SM,federated.0qiz8oi1sb3cd813zi06q01yhyh5,GRUPO_INDICADOR_DEFINICION,,string,,,,,,,,
3_3dMatrculaECNivelSecundario,DHBEvolucinTemporal,3.3d Matr├¡cula EC Nivel secundario.twb,DATOS_ADMIN_SM,federated.0qiz8oi1sb3cd813zi06q01yhyh5,GRUPO_INDICADOR_DESC_METODOLOGICA,,string,,,,,,,,
3_3dMatrculaECNivelSecundario,DHBEvolucinTemporal,3.3d Matr├¡cula EC Nivel secundario.twb,DATOS_ADMIN_SM,federated.0qiz8oi1sb3cd813zi06q01yhyh5,INDICADOR_ID,,string,,,,,,,,
3_3dMatrculaECNivelSecundario,DHBEvolucinTemporal,3.3d Matr├¡cula EC Nivel secundario.twb,DATOS_ADMIN_SM,federated.0qiz8oi1sb3cd813zi06q01yhyh5,INDICADOR_CODIGO,,string,,,,,,,,
3_3dMatrculaECNivelSecundario,DHBEvolucinTemporal,3.3d Matr├¡cula EC Nivel secundario.twb,DATOS_ADMIN_SM,federated.0qiz8oi1sb3cd813zi06q01yhyh5,INDICADOR_NOMBRE,,string,,,,,,,,
3_3dMatrculaECNivelSecundario,DHBEvolucinTemporal,3.3d Matr├¡cula EC Nivel secundario.twb,DATOS_ADMIN_SM,federated.0qiz8oi1sb3cd813zi06q01yhyh5,INDICADOR_ORDEN,,string,,,,,,,,
3_3dMatrculaECNivelSecundario,DHBEvolucinTemporal,3.3d Matr├¡cula EC Nivel secundario.twb,DATOS_ADMIN_SM,federated.0qiz8oi1sb3cd813zi06q01yhyh5,INDICADOR_UNIDAD_MEDIDA_NOMBRE,,string,,,,,,,,
3_3dMatrculaECNivelSecundario,DHBEvolucinTemporal,3.3d Matr├¡cula EC Nivel secundario.twb,DATOS_ADMIN_SM,federated.0qiz8oi1sb3cd813zi06q01yhyh5,INDICADOR_UNIDAD_MEDIDA_CODIGO,,string,,,,,,,,
3_3dMatrculaECNivelSecundario,DHBEvolucinTemporal,3.3d Matr├¡cula EC Nivel secundario.twb,DATOS_ADMIN_SM,federated.0qiz8oi1sb3cd813zi06q01yhyh5,INDICADOR_UNIDAD_MEDIDA_DESCRIPCION,,string,,,,,,,,
3_3dMatrculaECNivelSecundario,DHBEvolucinTemporal,3.3d Matr├¡cula EC Nivel secundario.twb,DATOS_ADMIN_SM,federated.0qiz8oi1sb3cd813zi06q01yhyh5,INDICADOR_FORMULA,,string,,,,,,,,
3_3dMatrculaECNivelSecundario,DHBEvolucinTemporal,3.3d Matr├¡cula EC Nivel secundario.twb,DATOS_ADMIN_SM,federated.0qiz8oi1sb3cd813zi06q01yhyh5,INDICADOR_DEFINICION,,string,,,,,,,,
3_3dMatrculaECNivelSecundario,DHBEvolucinTemporal,3.3d Matr├¡cula EC Nivel secundario.twb,DATOS_ADMIN_SM,federated.0qiz8oi1sb3cd813zi06q01yhyh5,INDICADOR_DESC_METODOLOGICA,,string,,,,,,,,
3_3dMatrculaECNivelSecundario,DHBEvolucinTemporal,3.3d Matr├¡cula EC Nivel secundario.twb,DATOS_ADMIN_SM,federated.0qiz8oi1sb3cd813zi06q01yhyh5,INDICADOR_DE_SISTEMA,,string,,,,,,,,
3_3dMatrculaECNivelSecundario,DHBEvolucinTemporal,3.3d Matr├¡cula EC Nivel secundario.twb,DATOS_ADMIN_SM,federated.0qiz8oi1sb3cd813zi06q01yhyh5,TABLERO_ID,,string,,,,,,,,
3_3dMatrculaECNivelSecundario,DHBEvolucinTemporal,3.3d Matr├¡cula EC Nivel secundario.twb,DATOS_ADMIN_SM,federated.0qiz8oi1sb3cd813zi06q01yhyh5,TABLERO_NOMBRE,,string,,,,,,,,
3_3dMatrculaECNivelSecundario,DHBEvolucinTemporal,3.3d Matr├¡cula EC Nivel secundario.twb,DATOS_ADMIN_SM,federated.0qiz8oi1sb3cd813zi06q01yhyh5,TABLERO_DESCRIPCION,,string,,,,,,,,
3_3dMatrculaECNivelSecundario,DHBEvolucinTemporal,3.3d Matr├¡cula EC Nivel secundario.twb,DATOS_ADMIN_SM,federated.0qiz8oi1sb3cd813zi06q01yhyh5,TABLERO_DERECHOS_ASOCIADOS,,string,,,,,,,,
3_3dMatrculaECNivelSecundario,DHBEvolucinTemporal,3.3d Matr├¡cula EC Nivel secundario.twb,DATOS_ADMIN_SM,federated.0qiz8oi1sb3cd813zi06q01yhyh5,TABLERO_FECHA_ULT_CARGA_DATOS,,datetime,,,,,,,,
3_3dMatrculaECNivelSecundario,DHBEvolucinTemporal,3.3d Matr├¡cula EC Nivel secundario.twb,DATOS_ADMIN_SM,federated.0qiz8oi1sb3cd813zi06q01yhyh5,TABLERO_CONFIGURACION_ID,,string,,,,,,,,
3_3dMatrculaECNivelSecundario,DHBEvolucinTemporal,3.3d Matr├¡cula EC Nivel secundario.twb,DATOS_ADMIN_SM,federated.0qiz8oi1sb3cd813zi06q01yhyh5,TABLERO_DE_SISTEMA,,string,,,,,,,,
3_3dMatrculaECNivelSecundario,DHBEvolucinTemporal,3.3d Matr├¡cula EC Nivel secundario.twb,DATOS_ADMIN_SM,federated.0qiz8oi1sb3cd813zi06q01yhyh5,TEMA_ID,,string,,,,,,,,
3_3dMatrculaECNivelSecundario,DHBEvolucinTemporal,3.3d Matr├¡cula EC Nivel secundario.twb,DATOS_ADMIN_SM,federated.0qiz8oi1sb3cd813zi06q01yhyh5,TEMA_NOMBRE,,string,,,,,,,,
3_3dMatrculaECNivelSecundario,DHBEvolucinTemporal,3.3d Matr├¡cula EC Nivel secundario.twb,DATOS_ADMIN_SM,federated.0qiz8oi1sb3cd813zi06q01yhyh5,TEMA_DESCRIPCION,,string,,,,,,,,
3_3dMatrculaECNivelSecundario,DHBEvolucinTemporal,3.3d Matr├¡cula EC Nivel secundario.twb,DATOS_ADMIN_SM,federated.0qiz8oi1sb3cd813zi06q01yhyh5,TEMA_DE_SISTEMA,,string,,,,,,,,
3_3dMatrculaECNivelSecundario,DHBEvolucinTemporal,3.3d Matr├¡cula EC Nivel secundario.twb,DATOS_ADMIN_SM,federated.0qiz8oi1sb3cd813zi06q01yhyh5,gid,,integer,,,,,,,,
3_3dMatrculaECNivelSecundario,DHBEvolucinTemporal,3.3d Matr├¡cula EC Nivel secundario.twb,DATOS_ADMIN_SM,federated.0qiz8oi1sb3cd813zi06q01yhyh5,entidad,,integer,,,,,,,,
3_3dMatrculaECNivelSecundario,DHBEvolucinTemporal,3.3d Matr├¡cula EC Nivel secundario.twb,DATOS_ADMIN_SM,federated.0qiz8oi1sb3cd813zi06q01yhyh5,objeto,,string,,,,,,,,
3_3dMatrculaECNivelSecundario,DHBEvolucinTemporal,3.3d Matr├¡cula EC Nivel secundario.twb,DATOS_ADMIN_SM,federated.0qiz8oi1sb3cd813zi06q01yhyh5,fna,,string,,,,,,,,
3_3dMatrculaECNivelSecundario,DHBEvolucinTemporal,3.3d Matr├¡cula EC Nivel secundario.twb,DATOS_ADMIN_SM,federated.0qiz8oi1sb3cd813zi06q01yhyh5,gna,,string,,,,,,,,
3_3dMatrculaECNivelSecundario,DHBEvolucinTemporal,3.3d Matr├¡cula EC Nivel secundario.twb,DATOS_ADMIN_SM,federated.0qiz8oi1sb3cd813zi06q01yhyh5,nam,,string,,,,,,,,
3_3dMatrculaECNivelSecundario,DHBEvolucinTemporal,3.3d Matr├¡cula EC Nivel secundario.twb,DATOS_ADMIN_SM,federated.0qiz8oi1sb3cd813zi06q01yhyh5,in1,,string,,,,,,,,
3_3dMatrculaECNivelSecundario,DHBEvolucinTemporal,3.3d Matr├¡cula EC Nivel secundario.twb,DATOS_ADMIN_SM,federated.0qiz8oi1sb3cd813zi06q01yhyh5,fdc,,string,,,,,,,,
3_3dMatrculaECNivelSecundario,DHBEvolucinTemporal,3.3d Matr├¡cula EC Nivel secundario.twb,DATOS_ADMIN_SM,federated.0qiz8oi1sb3cd813zi06q01yhyh5,sag,,string,,,,,,,,
3_3dMatrculaECNivelSecundario,DHBEvolucinTemporal,3.3d Matr├¡cula EC Nivel secundario.twb,DATOS_ADMIN_SM,federated.0qiz8oi1sb3cd813zi06q01yhyh5,Geometry,,spatial,,,,,,,,
4_2aNatalidad,DHBEvolucinTemporal,4.2a Natalidad.twb,Parameters,Parameters,[Gráfico seleccionado (copia)_541839333440561152],p_grafico_cruces_relevantes,string,measure,nominal,,,,list,tableau,"""Barras y tabla"""
4_2aNatalidad,DHBEvolucinTemporal,4.2a Natalidad.twb,Parameters,Parameters,[Parametro gráfico (copia)_541839334149496838],p_seccion,string,measure,nominal,,,,list,tableau,"""Situación General"""
4_2aNatalidad,DHBEvolucinTemporal,4.2a Natalidad.twb,Parameters,Parameters,[Parámetro 1],p_grafico,string,measure,nominal,,,,list,tableau,"""Evolución temporal"""
4_2aNatalidad,DHBEvolucinTemporal,4.2a Natalidad.twb,Parameters,Parameters,[Parámetro 2],p_tablero,string,measure,nominal,,,,list,tableau,"""4.2a. Natalidad y salud en el primer año de vida. Natalidad"""
4_2aNatalidad,DHBEvolucinTemporal,4.2a Natalidad.twb,Parameters,Parameters,[Parámetro 3],p_codigo_indicador,string,measure,nominal,,,,any,tableau,""""""
4_2aNatalidad,DHBEvolucinTemporal,4.2a Natalidad.twb,Parameters,Parameters,[p_grafico (copia)],p_mostrar_indicadores,boolean,measure,nominal,,,,list,tableau,false
4_2aNatalidad,DHBEvolucinTemporal,4.2a Natalidad.twb,Parameters,Parameters,[p_grafico_apertura_grupo (copia)_1886797147614048275],p_grafico_caracteristicas,string,measure,nominal,,,,list,tableau,"""Todos"""
4_2aNatalidad,DHBEvolucinTemporal,4.2a Natalidad.twb,Parameters,Parameters,[p_mostrar_indicadores (copy)_4723009404655562774],p_ver_graficos_caracteristicas,boolean,measure,nominal,,,,list,tableau,false
4_2aNatalidad,DHBEvolucinTemporal,4.2a Natalidad.twb,Parameters,Parameters,[p_ver_graficos_caracteristicas (copy)_54254335857623040],p_ver_graficos_cruces_relevantes,boolean,measure,nominal,,,,list,tableau,false
4_2aNatalidad,DHBEvolucinTemporal,4.2a Natalidad.twb,Parameters,Parameters,[p_ver_graficos_cruces_relevantes (copy)_54254335887020034],p_ver_graficos_dist_territorial,boolean,measure,nominal,,,,list,tableau,false
4_2aNatalidad,DHBEvolucinTemporal,4.2a Natalidad.twb,Parameters,Parameters,[p_ver_graficos_dist_territorial (copy)_54254335887122435],p_ver_graficos_evol_temporal,boolean,measure,nominal,,,,list,tableau,false
4_2aNatalidad,DHBEvolucinTemporal,4.2a Natalidad.twb,DATOS_ADMIN_SM,federated.0qiz8oi1sb3cd813zi06q01yhyh5,TEMA_ID,,string,,,,,,,,
4_2aNatalidad,DHBEvolucinTemporal,4.2a Natalidad.twb,DATOS_ADMIN_SM,federated.0qiz8oi1sb3cd813zi06q01yhyh5,TEMA_NOMBRE,,string,,,,,,,,
4_2aNatalidad,DHBEvolucinTemporal,4.2a Natalidad.twb,DATOS_ADMIN_SM,federated.0qiz8oi1sb3cd813zi06q01yhyh5,TABLERO_ID,,string,,,,,,,,
4_2aNatalidad,DHBEvolucinTemporal,4.2a Natalidad.twb,DATOS_ADMIN_SM,federated.0qiz8oi1sb3cd813zi06q01yhyh5,TABLERO_NOMBRE,,string,,,,,,,,
4_2aNatalidad,DHBEvolucinTemporal,4.2a Natalidad.twb,DATOS_ADMIN_SM,federated.0qiz8oi1sb3cd813zi06q01yhyh5,SECCION_ID,,string,,,,,,,,
4_2aNatalidad,DHBEvolucinTemporal,4.2a Natalidad.twb,DATOS_ADMIN_SM,federated.0qiz8oi1sb3cd813zi06q01yhyh5,SECCION_NOMBRE,,string,,,,,,,,
4_2aNatalidad,DHBEvolucinTemporal,4.2a Natalidad.twb,DATOS_ADMIN_SM,federated.0qiz8oi1sb3cd813zi06q01yhyh5,GRUPO_INDICADOR_ID,,string,,,,,,,,
4_2aNatalidad,DHBEvolucinTemporal,4.2a Natalidad.twb,DATOS_ADMIN_SM,federated.0qiz8oi1sb3cd813zi06q01yhyh5,GRUPO_INDICADOR_NOMBRE,,string,,,,,,,,
4_2aNatalidad,DHBEvolucinTemporal,4.2a Natalidad.twb,DATOS_ADMIN_SM,federated.0qiz8oi1sb3cd813zi06q01yhyh5,INDICADOR_ID,,string,,,,,,,,
4_2aNatalidad,DHBEvolucinTemporal,4.2a Natalidad.twb,DATOS_ADMIN_SM,federated.0qiz8oi1sb3cd813zi06q01yhyh5,INDICADOR_NOMBRE,,string,,,,,,,,
4_2aNatalidad,DHBEvolucinTemporal,4.2a Natalidad.twb,DATOS_ADMIN_SM,federated.0qiz8oi1sb3cd813zi06q01yhyh5,TIPO_DE_DATO,,string,,,,,,,,
4_2aNatalidad,DHBEvolucinTemporal,4.2a Natalidad.twb,DATOS_ADMIN_SM,federated.0qiz8oi1sb3cd813zi06q01yhyh5,ID_DATO_SM,,string,,,,,,,,
4_2aNatalidad,DHBEvolucinTemporal,4.2a Natalidad.twb,DATOS_ADMIN_SM,federated.0qiz8oi1sb3cd813zi06q01yhyh5,DATO_DE_SISTEMA,,string,,,,,,,,
4_2aNatalidad,DHBEvolucinTemporal,4.2a Natalidad.twb,DATOS_ADMIN_SM,federated.0qiz8oi1sb3cd813zi06q01yhyh5,ANIO,,string,,,,,,,,
4_2aNatalidad,DHBEvolucinTemporal,4.2a Natalidad.twb,DATOS_ADMIN_SM,federated.0qiz8oi1sb3cd813zi06q01yhyh5,MES,,string,,,,,,,,
4_2aNatalidad,DHBEvolucinTemporal,4.2a Natalidad.twb,DATOS_ADMIN_SM,federated.0qiz8oi1sb3cd813zi06q01yhyh5,UNIDAD_GEOGRAFICA_CODIGO,,string,,,,,,,,
4_2aNatalidad,DHBEvolucinTemporal,4.2a Natalidad.twb,DATOS_ADMIN_SM,federated.0qiz8oi1sb3cd813zi06q01yhyh5,UNIDAD_GEOGRAFICA_NOMBRE,,string,,,,,,,,
4_2aNatalidad,DHBEvolucinTemporal,4.2a Natalidad.twb,DATOS_ADMIN_SM,federated.0qiz8oi1sb3cd813zi06q01yhyh5,SUB_UNIDAD_GEOGRAFICA,,string,,,,,,,,
4_2aNatalidad,DHBEvolucinTemporal,4.2a Natalidad.twb,DATOS_ADMIN_SM,federated.0qiz8oi1sb3cd813zi06q01yhyh5,APERTURA_DESCRIPCION,,string,,,,,,,,
4_2aNatalidad,DHBEvolucinTemporal,4.2a Natalidad.twb,DATOS_ADMIN_SM,federated.0qiz8oi1sb3cd813zi06q01yhyh5,APERTURA_NIVEL_1,,string,,,,,,,,
4_2aNatalidad,DHBEvolucinTemporal,4.2a Natalidad.twb,DATOS_ADMIN_SM,federated.0qiz8oi1sb3cd813zi06q01yhyh5,MODALIDAD_APERTURA_NIVEL_1,,string,,,,,,,,
4_2aNatalidad,DHBEvolucinTemporal,4.2a Natalidad.twb,DATOS_ADMIN_SM,federated.0qiz8oi1sb3cd813zi06q01yhyh5,APERTURA_NIVEL_2,,string,,,,,,,,
4_2aNatalidad,DHBEvolucinTemporal,4.2a Natalidad.twb,DATOS_ADMIN_SM,federated.0qiz8oi1sb3cd813zi06q01yhyh5,MODALIDAD_APERTURA_NIVEL_2,,string,,,,,,,,
4_2aNatalidad,DHBEvolucinTemporal,4.2a Natalidad.twb,DATOS_ADMIN_SM,federated.0qiz8oi1sb3cd813zi06q01yhyh5,VALOR,,string,,,,,,,,
4_2aNatalidad,DHBEvolucinTemporal,4.2a Natalidad.twb,DATOS_ADMIN_SM,federated.0qiz8oi1sb3cd813zi06q01yhyh5,VALOR_AUXILIAR,,string,,,,,,,,
4_2aNatalidad,DHBEvolucinTemporal,4.2a Natalidad.twb,DATOS_ADMIN_SM,federated.0qiz8oi1sb3cd813zi06q01yhyh5,GRUPO_INDICADOR_ID,,string,,,,,,,,
4_2aNatalidad,DHBEvolucinTemporal,4.2a Natalidad.twb,DATOS_ADMIN_SM,federated.0qiz8oi1sb3cd813zi06q01yhyh5,GRUPO_INDICADOR_CODIGO,,string,,,,,,,,
4_2aNatalidad,DHBEvolucinTemporal,4.2a Natalidad.twb,DATOS_ADMIN_SM,federated.0qiz8oi1sb3cd813zi06q01yhyh5,GRUPO_INDICADOR_NOMBRE,,string,,,,,,,,
4_2aNatalidad,DHBEvolucinTemporal,4.2a Natalidad.twb,DATOS_ADMIN_SM,federated.0qiz8oi1sb3cd813zi06q01yhyh5,GRUPO_INDICADOR_ORDEN,,string,,,,,,,,
4_2aNatalidad,DHBEvolucinTemporal,4.2a Natalidad.twb,DATOS_ADMIN_SM,federated.0qiz8oi1sb3cd813zi06q01yhyh5,GRUPO_INDICADOR_FUENTES,,string,,,,,,,,
4_2aNatalidad,DHBEvolucinTemporal,4.2a Natalidad.twb,DATOS_ADMIN_SM,federated.0qiz8oi1sb3cd813zi06q01yhyh5,GRUPO_INDICADOR_DEFINICION,,string,,,,,,,,
4_2aNatalidad,DHBEvolucinTemporal,4.2a Natalidad.twb,DATOS_ADMIN_SM,federated.0qiz8oi1sb3cd813zi06q01yhyh5,GRUPO_INDICADOR_DESC_METODOLOGICA,,string,,,,,,,,
4_2aNatalidad,DHBEvolucinTemporal,4.2a Natalidad.twb,DATOS_ADMIN_SM,federated.0qiz8oi1sb3cd813zi06q01yhyh5,INDICADOR_ID,,string,,,,,,,,
4_2aNatalidad,DHBEvolucinTemporal,4.2a Natalidad.twb,DATOS_ADMIN_SM,federated.0qiz8oi1sb3cd813zi06q01yhyh5,INDICADOR_CODIGO,,string,,,,,,,,
4_2aNatalidad,DHBEvolucinTemporal,4.2a Natalidad.twb,DATOS_ADMIN_SM,federated.0qiz8oi1sb3cd813zi06q01yhyh5,INDICADOR_NOMBRE,,string,,,,,,,,
4_2aNatalidad,DHBEvolucinTemporal,4.2a Natalidad.twb,DATOS_ADMIN_SM,federated.0qiz8oi1sb3cd813zi06q01yhyh5,INDICADOR_ORDEN,,string,,,,,,,,
4_2aNatalidad,DHBEvolucinTemporal,4.2a Natalidad.twb,DATOS_ADMIN_SM,federated.0qiz8oi1sb3cd813zi06q01yhyh5,INDICADOR_UNIDAD_MEDIDA_NOMBRE,,string,,,,,,,,
4_2aNatalidad,DHBEvolucinTemporal,4.2a Natalidad.twb,DATOS_ADMIN_SM,federated.0qiz8oi1sb3cd813zi06q01yhyh5,INDICADOR_UNIDAD_MEDIDA_CODIGO,,string,,,,,,,,
4_2aNatalidad,DHBEvolucinTemporal,4.2a Natalidad.twb,DATOS_ADMIN_SM,federated.0qiz8oi1sb3cd813zi06q01yhyh5,INDICADOR_UNIDAD_MEDIDA_DESCRIPCION,,string,,,,,,,,
4_2aNatalidad,DHBEvolucinTemporal,4.2a Natalidad.twb,DATOS_ADMIN_SM,federated.0qiz8oi1sb3cd813zi06q01yhyh5,INDICADOR_FORMULA,,string,,,,,,,,
4_2aNatalidad,DHBEvolucinTemporal,4.2a Natalidad.twb,DATOS_ADMIN_SM,federated.0qiz8oi1sb3cd813zi06q01yhyh5,INDICADOR_DEFINICION,,string,,,,,,,,
4_2aNatalidad,DHBEvolucinTemporal,4.2a Natalidad.twb,DATOS_ADMIN_SM,federated.0qiz8oi1sb3cd813zi06q01yhyh5,INDICADOR_DESC_METODOLOGICA,,string,,,,,,,,
4_2aNatalidad,DHBEvolucinTemporal,4.2a Natalidad.twb,DATOS_ADMIN_SM,federated.0qiz8oi1sb3cd813zi06q01yhyh5,INDICADOR_DE_SISTEMA,,string,,,,,,,,
4_2aNatalidad,DHBEvolucinTemporal,4.2a Natalidad.twb,DATOS_ADMIN_SM,federated.0qiz8oi1sb3cd813zi06q01yhyh5,TABLERO_ID,,string,,,,,,,,
4_2aNatalidad,DHBEvolucinTemporal,4.2a Natalidad.twb,DATOS_ADMIN_SM,federated.0qiz8oi1sb3cd813zi06q01yhyh5,TABLERO_NOMBRE,,string,,,,,,,,
4_2aNatalidad,DHBEvolucinTemporal,4.2a Natalidad.twb,DATOS_ADMIN_SM,federated.0qiz8oi1sb3cd813zi06q01yhyh5,TABLERO_DESCRIPCION,,string,,,,,,,,
4_2aNatalidad,DHBEvolucinTemporal,4.2a Natalidad.twb,DATOS_ADMIN_SM,federated.0qiz8oi1sb3cd813zi06q01yhyh5,TABLERO_DERECHOS_ASOCIADOS,,string,,,,,,,,
4_2aNatalidad,DHBEvolucinTemporal,4.2a Natalidad.twb,DATOS_ADMIN_SM,federated.0qiz8oi1sb3cd813zi06q01yhyh5,TABLERO_FECHA_ULT_CARGA_DATOS,,datetime,,,,,,,,
4_2aNatalidad,DHBEvolucinTemporal,4.2a Natalidad.twb,DATOS_ADMIN_SM,federated.0qiz8oi1sb3cd813zi06q01yhyh5,TABLERO_CONFIGURACION_ID,,string,,,,,,,,
4_2aNatalidad,DHBEvolucinTemporal,4.2a Natalidad.twb,DATOS_ADMIN_SM,federated.0qiz8oi1sb3cd813zi06q01yhyh5,TABLERO_DE_SISTEMA,,string,,,,,,,,
4_2aNatalidad,DHBEvolucinTemporal,4.2a Natalidad.twb,DATOS_ADMIN_SM,federated.0qiz8oi1sb3cd813zi06q01yhyh5,CONFIGURACION_ID,,integer,,,,,,,,
4_2aNatalidad,DHBEvolucinTemporal,4.2a Natalidad.twb,DATOS_ADMIN_SM,federated.0qiz8oi1sb3cd813zi06q01yhyh5,CONFIGURACION_URL_SM,,string,,,,,,,,
4_2aNatalidad,DHBEvolucinTemporal,4.2a Natalidad.twb,DATOS_ADMIN_SM,federated.0qiz8oi1sb3cd813zi06q01yhyh5,CONFIG_URL_ADMIN_SM,,string,,,,,,,,
4_2aNatalidad,DHBEvolucinTemporal,4.2a Natalidad.twb,DATOS_ADMIN_SM,federated.0qiz8oi1sb3cd813zi06q01yhyh5,CONFIGURACION_URL_DEFENSORIA,,string,,,,,,,,
4_2aNatalidad,DHBEvolucinTemporal,4.2a Natalidad.twb,DATOS_ADMIN_SM,federated.0qiz8oi1sb3cd813zi06q01yhyh5,CONFIGURACION_DESCRIPCION,,string,,,,,,,,
4_2aNatalidad,DHBEvolucinTemporal,4.2a Natalidad.twb,DATOS_ADMIN_SM,federated.0qiz8oi1sb3cd813zi06q01yhyh5,CONFIGURACION_URL_FICHA_INDICADOR,,string,,,,,,,,
4_2aNatalidad,DHBEvolucinTemporal,4.2a Natalidad.twb,DATOS_ADMIN_SM,federated.0qiz8oi1sb3cd813zi06q01yhyh5,CONFIGURACION_URL_FICHA_TABLERO,,string,,,,,,,,
4_2aNatalidad,DHBEvolucinTemporal,4.2a Natalidad.twb,DATOS_ADMIN_SM,federated.0qiz8oi1sb3cd813zi06q01yhyh5,CONFIGURACION_URL_DOC_TECNICO_TABLERO,,string,,,,,,,,
4_2aNatalidad,DHBEvolucinTemporal,4.2a Natalidad.twb,DATOS_ADMIN_SM,federated.0qiz8oi1sb3cd813zi06q01yhyh5,CONFIGURACION_URL_REPORTE_TABLERO,,string,,,,,,,,
4_2aNatalidad,DHBEvolucinTemporal,4.2a Natalidad.twb,DATOS_ADMIN_SM,federated.0qiz8oi1sb3cd813zi06q01yhyh5,CONFIGURACION_EMAIL_CONTACTO,,string,,,,,,,,
4_2aNatalidad,DHBEvolucinTemporal,4.2a Natalidad.twb,DATOS_ADMIN_SM,federated.0qiz8oi1sb3cd813zi06q01yhyh5,CONFIGURACION_URL_DOC_METODOLOGICO,,string,,,,,,,,
4_2aNatalidad,DHBEvolucinTemporal,4.2a Natalidad.twb,DATOS_ADMIN_SM,federated.0qiz8oi1sb3cd813zi06q01yhyh5,CONFIGURACION_URL_INSTRUCTIVO_NAV,,string,,,,,,,,
4_2aNatalidad,DHBEvolucinTemporal,4.2a Natalidad.twb,DATOS_ADMIN_SM,federated.0qiz8oi1sb3cd813zi06q01yhyh5,TEMA_ID,,string,,,,,,,,
4_2aNatalidad,DHBEvolucinTemporal,4.2a Natalidad.twb,DATOS_ADMIN_SM,federated.0qiz8oi1sb3cd813zi06q01yhyh5,TEMA_NOMBRE,,string,,,,,,,,
4_2aNatalidad,DHBEvolucinTemporal,4.2a Natalidad.twb,DATOS_ADMIN_SM,federated.0qiz8oi1sb3cd813zi06q01yhyh5,TEMA_DESCRIPCION,,string,,,,,,,,
4_2aNatalidad,DHBEvolucinTemporal,4.2a Natalidad.twb,DATOS_ADMIN_SM,federated.0qiz8oi1sb3cd813zi06q01yhyh5,TEMA_DE_SISTEMA,,string,,,,,,,,
4_2aNatalidad,DHBEvolucinTemporal,4.2a Natalidad.twb,DATOS_ADMIN_SM,federated.0qiz8oi1sb3cd813zi06q01yhyh5,gid,,integer,,,,,,,,
4_2aNatalidad,DHBEvolucinTemporal,4.2a Natalidad.twb,DATOS_ADMIN_SM,federated.0qiz8oi1sb3cd813zi06q01yhyh5,entidad,,integer,,,,,,,,
4_2aNatalidad,DHBEvolucinTemporal,4.2a Natalidad.twb,DATOS_ADMIN_SM,federated.0qiz8oi1sb3cd813zi06q01yhyh5,objeto,,string,,,,,,,,
4_2aNatalidad,DHBEvolucinTemporal,4.2a Natalidad.twb,DATOS_ADMIN_SM,federated.0qiz8oi1sb3cd813zi06q01yhyh5,fna,,string,,,,,,,,
4_2aNatalidad,DHBEvolucinTemporal,4.2a Natalidad.twb,DATOS_ADMIN_SM,federated.0qiz8oi1sb3cd813zi06q01yhyh5,gna,,string,,,,,,,,
4_2aNatalidad,DHBEvolucinTemporal,4.2a Natalidad.twb,DATOS_ADMIN_SM,federated.0qiz8oi1sb3cd813zi06q01yhyh5,nam,,string,,,,,,,,
4_2aNatalidad,DHBEvolucinTemporal,4.2a Natalidad.twb,DATOS_ADMIN_SM,federated.0qiz8oi1sb3cd813zi06q01yhyh5,in1,,string,,,,,,,,
4_2aNatalidad,DHBEvolucinTemporal,4.2a Natalidad.twb,DATOS_ADMIN_SM,federated.0qiz8oi1sb3cd813zi06q01yhyh5,fdc,,string,,,,,,,,
4_2aNatalidad,DHBEvolucinTemporal,4.2a Natalidad.twb,DATOS_ADMIN_SM,federated.0qiz8oi1sb3cd813zi06q01yhyh5,sag,,string,,,,,,,,
4_2aNatalidad,DHBEvolucinTemporal,4.2a Natalidad.twb,DATOS_ADMIN_SM,federated.0qiz8oi1sb3cd813zi06q01yhyh5,Geometry,,spatial,,,,,,,,
4_2aNatalidad,DHBEvolucinTemporal,4.2a Natalidad.twb,DATOS_ADMIN_SM,federated.0qiz8oi1sb3cd813zi06q01yhyh5,[ANIO],DATO_ANIO,integer,dimension,ordinal,,,,,,
4_2aNatalidad,DHBEvolucinTemporal,4.2a Natalidad.twb,DATOS_ADMIN_SM,federated.0qiz8oi1sb3cd813zi06q01yhyh5,[APERTURA_DESCRIPCION],DATO_APERTURA_DESCRIPCION,string,dimension,nominal,,,,,,
4_2aNatalidad,DHBEvolucinTemporal,4.2a Natalidad.twb,DATOS_ADMIN_SM,federated.0qiz8oi1sb3cd813zi06q01yhyh5,[APERTURA_NIVEL_1],DATO_APERTURA_NIVEL_1,string,dimension,nominal,,,,,,
4_2aNatalidad,DHBEvolucinTemporal,4.2a Natalidad.twb,DATOS_ADMIN_SM,federated.0qiz8oi1sb3cd813zi06q01yhyh5,[APERTURA_NIVEL_2],DATO_APERTURA_NIVEL_2,string,dimension,nominal,,,,,,
4_2aNatalidad,DHBEvolucinTemporal,4.2a Natalidad.twb,DATOS_ADMIN_SM,federated.0qiz8oi1sb3cd813zi06q01yhyh5,[BTN Desagregaciones (copia)_4382283918220808192],BTN Aperturas y Grupos,string,dimension,nominal,,,,,tableau,"""Cruces relevantes"""
4_2aNatalidad,DHBEvolucinTemporal,4.2a Natalidad.twb,DATOS_ADMIN_SM,federated.0qiz8oi1sb3cd813zi06q01yhyh5,[BTN Desagregaciones (copia)_6996412392490516487],BTN Mapa,string,dimension,nominal,,,,,tableau,"""Distribución territorial"""
4_2aNatalidad,DHBEvolucinTemporal,4.2a Natalidad.twb,DATOS_ADMIN_SM,federated.0qiz8oi1sb3cd813zi06q01yhyh5,[BTN Desagregaciones Seleccionado (copia)_4382283918220914689],BTN Aperturas y Grupos Seleccionado,string,dimension,nominal,,,,,tableau,"if ([Parameters].[Parámetro 1] = [BTN Desagregaciones (copia)_4382283918220808192] and [Parameters].[Parametro gráfico (copia)_541839334149496838] = [BTN Serie Temporal (copia)_541839334174613511]) then ""Gráfico Seleccionado SG"" 
elseif ([Parameters].[Parámetro 1] = [BTN Desagregaciones (copia)_4382283918220808192] and [Parameters].[Parametro gráfico (copia)_541839334149496838] = [BTN Sección General (copia)_541839334174765064]) then ""Gráfico Seleccionado SPP"" 
elseif ([Parameters].[Parámetro 1] <> [BTN Desagregaciones (copia)_4382283918220808192] and [Parameters].[Parametro gráfico (copia)_541839334149496838] = [BTN Serie Temporal (copia)_541839334174613511]) then ""Gráfico NO Seleccionado SG"" 
elseif ([Parameters].[Parámetro 1] <> [BTN Desagregaciones (copia)_4382283918220808192] and [Parameters].[Parametro gráfico (copia)_541839334149496838] = [BTN Sección General (copia)_541839334174765064]) then ""Gráfico NO Seleccionado SPP"" end"
4_2aNatalidad,DHBEvolucinTemporal,4.2a Natalidad.twb,DATOS_ADMIN_SM,federated.0qiz8oi1sb3cd813zi06q01yhyh5,[BTN Desagregaciones Seleccionado (copia)_541839333608861701],BTN Mapa Seleccionado,string,dimension,nominal,,,,,tableau,"if ([Parameters].[Parámetro 1] = [BTN Desagregaciones (copia)_6996412392490516487] and [Parameters].[Parametro gráfico (copia)_541839334149496838] = [BTN Serie Temporal (copia)_541839334174613511]) then ""Gráfico Seleccionado SG"" 
elseif ([Parameters].[Parámetro 1] = [BTN Desagregaciones (copia)_6996412392490516487] and [Parameters].[Parametro gráfico (copia)_541839334149496838] = [BTN Sección General (copia)_541839334174765064]) then ""Gráfico Seleccionado SPP"" 
elseif ([Parameters].[Parámetro 1] <> [BTN Desagregaciones (copia)_6996412392490516487] and [Parameters].[Parametro gráfico (copia)_541839334149496838] = [BTN Serie Temporal (copia)_541839334174613511]) then ""Gráfico NO Seleccionado SG"" 
elseif ([Parameters].[Parámetro 1] <> [BTN Desagregaciones (copia)_6996412392490516487] and [Parameters].[Parametro gráfico (copia)_541839334149496838] = [BTN Sección General (copia)_541839334174765064]) then ""Gráfico NO Seleccionado SPP"" end"
4_2aNatalidad,DHBEvolucinTemporal,4.2a Natalidad.twb,DATOS_ADMIN_SM,federated.0qiz8oi1sb3cd813zi06q01yhyh5,[BTN Distribuciones (copia)_5425289489660149780],BTN Indicadores,string,dimension,nominal,,,,,tableau,"""Mapa de Indicadores"""
4_2aNatalidad,DHBEvolucinTemporal,4.2a Natalidad.twb,DATOS_ADMIN_SM,federated.0qiz8oi1sb3cd813zi06q01yhyh5,[BTN Distribuciones (copy)_4723009404404842516],BTN Limpiar filtros,string,dimension,nominal,,,,,tableau,"""Limpiar filtros"""
4_2aNatalidad,DHBEvolucinTemporal,4.2a Natalidad.twb,DATOS_ADMIN_SM,federated.0qiz8oi1sb3cd813zi06q01yhyh5,[BTN Limpiar filtros (copy)_4723009404657545239],BTN Mostrar Graficos,string,dimension,nominal,,,,,tableau,"""Mostrar gráficos"""
4_2aNatalidad,DHBEvolucinTemporal,4.2a Natalidad.twb,DATOS_ADMIN_SM,federated.0qiz8oi1sb3cd813zi06q01yhyh5,[BTN Mapa (copia)_1886797147608317969],BTN Distribuciones,string,dimension,nominal,,,,,tableau,"""Características"""
4_2aNatalidad,DHBEvolucinTemporal,4.2a Natalidad.twb,DATOS_ADMIN_SM,federated.0qiz8oi1sb3cd813zi06q01yhyh5,[BTN Mapa Seleccionado (copia)_1886797147608416274],BTN Distribuciones Seleccionado,string,dimension,nominal,,,,,tableau,"if ([Parameters].[Parámetro 1] = [BTN Mapa (copia)_1886797147608317969] and [Parameters].[Parametro gráfico (copia)_541839334149496838] = [BTN Serie Temporal (copia)_541839334174613511]) then ""Gráfico Seleccionado SG"" 
elseif ([Parameters].[Parámetro 1] = [BTN Mapa (copia)_1886797147608317969] and [Parameters].[Parametro gráfico (copia)_541839334149496838] = [BTN Sección General (copia)_541839334174765064]) then ""Gráfico Seleccionado SPP"" 
elseif ([Parameters].[Parámetro 1] <> [BTN Mapa (copia)_1886797147608317969] and [Parameters].[Parametro gráfico (copia)_541839334149496838] = [BTN Serie Temporal (copia)_541839334174613511]) then ""Gráfico NO Seleccionado SG"" 
elseif ([Parameters].[Parámetro 1] <> [BTN Mapa (copia)_1886797147608317969] and [Parameters].[Parametro gráfico (copia)_541839334149496838] = [BTN Sección General (copia)_541839334174765064]) then ""Gráfico NO Seleccionado SPP"" end"
4_2aNatalidad,DHBEvolucinTemporal,4.2a Natalidad.twb,DATOS_ADMIN_SM,federated.0qiz8oi1sb3cd813zi06q01yhyh5,[BTN Mostrar Gráficos Caracteristicas (copy)_54254335857942529],BTN Mostrar Gráficos Cruces Relevantes,boolean,dimension,nominal,,,,,tableau,[Parameters].[p_ver_graficos_caracteristicas (copy)_54254335857623040]
4_2aNatalidad,DHBEvolucinTemporal,4.2a Natalidad.twb,DATOS_ADMIN_SM,federated.0qiz8oi1sb3cd813zi06q01yhyh5,[BTN Mostrar Gráficos Cruces Relevantes (copy) (copy)_54254335887220741],BTN Mostrar Gráficos Distribución Territorial,boolean,dimension,nominal,,,,,tableau,[Parameters].[p_ver_graficos_cruces_relevantes (copy)_54254335887020034]
4_2aNatalidad,DHBEvolucinTemporal,4.2a Natalidad.twb,DATOS_ADMIN_SM,federated.0qiz8oi1sb3cd813zi06q01yhyh5,[BTN Mostrar Gráficos Cruces Relevantes (copy)_54254335887208452],BTN Mostrar Gráficos Evolución Temporal,boolean,dimension,nominal,,,,,tableau,[Parameters].[p_ver_graficos_dist_territorial (copy)_54254335887122435]
4_2aNatalidad,DHBEvolucinTemporal,4.2a Natalidad.twb,DATOS_ADMIN_SM,federated.0qiz8oi1sb3cd813zi06q01yhyh5,[BTN Sección General (copia)_541839334174765064],BTN Seguimiento Políticas Públicas,string,dimension,nominal,,,,,tableau,"""Seguimiento Políticas Públicas"""
4_2aNatalidad,DHBEvolucinTemporal,4.2a Natalidad.twb,DATOS_ADMIN_SM,federated.0qiz8oi1sb3cd813zi06q01yhyh5,[BTN Serie Temporal (copia)_541839334174613511],BTN Situacion General,string,dimension,nominal,,,,,tableau,"""Situación General"""
4_2aNatalidad,DHBEvolucinTemporal,4.2a Natalidad.twb,DATOS_ADMIN_SM,federated.0qiz8oi1sb3cd813zi06q01yhyh5,[CONFIG_URL_ADMIN_SM],CONFIGURACION_URL_ADMIN_SM,string,dimension,nominal,,,,,,
4_2aNatalidad,DHBEvolucinTemporal,4.2a Natalidad.twb,DATOS_ADMIN_SM,federated.0qiz8oi1sb3cd813zi06q01yhyh5,[Calculation_1238982533747298314],TEMA_NOMBRE_Y_DESCRIPCION,string,dimension,nominal,,,,,tableau,"[TEMA_NOMBRE (Temas)] + ""

"" + [TEMA_DESCRIPCION]"
4_2aNatalidad,DHBEvolucinTemporal,4.2a Natalidad.twb,DATOS_ADMIN_SM,federated.0qiz8oi1sb3cd813zi06q01yhyh5,[Calculation_2193182697378516996],INDICADOR_DESC_METODOLOGICA_TEXTO,string,dimension,nominal,,,,,tableau,"IF (ISNULL([INDICADOR_DESC_METODOLOGICA]) OR [INDICADOR_DESC_METODOLOGICA] = """") 
THEN ""Sin información""
ELSE [INDICADOR_DESC_METODOLOGICA]
END"
4_2aNatalidad,DHBEvolucinTemporal,4.2a Natalidad.twb,DATOS_ADMIN_SM,federated.0qiz8oi1sb3cd813zi06q01yhyh5,[Calculation_2193182698903973920],ZERO,integer,measure,quantitative,,,,,tableau,0
4_2aNatalidad,DHBEvolucinTemporal,4.2a Natalidad.twb,DATOS_ADMIN_SM,federated.0qiz8oi1sb3cd813zi06q01yhyh5,[Calculation_222646740993855490],FALSE,boolean,dimension,nominal,,,,,tableau,FALSE
4_2aNatalidad,DHBEvolucinTemporal,4.2a Natalidad.twb,DATOS_ADMIN_SM,federated.0qiz8oi1sb3cd813zi06q01yhyh5,[Calculation_27725337092042752],GRUPO_INDICADOR_URL_FICHA,string,dimension,nominal,,,,,tableau,[CONFIG_URL_ADMIN_SM] + [CONFIGURACION_URL_FICHA_INDICADOR] + [GRUPO_INDICADOR_CODIGO]
4_2aNatalidad,DHBEvolucinTemporal,4.2a Natalidad.twb,DATOS_ADMIN_SM,federated.0qiz8oi1sb3cd813zi06q01yhyh5,[Calculation_27725337465761794],TABLERO_URL_FICHA ,string,dimension,nominal,,,,,tableau,[CONFIG_URL_ADMIN_SM] + [CONFIGURACION_URL_FICHA_TABLERO] + STR([TABLERO_ID (Tableros)])
4_2aNatalidad,DHBEvolucinTemporal,4.2a Natalidad.twb,DATOS_ADMIN_SM,federated.0qiz8oi1sb3cd813zi06q01yhyh5,[Calculation_334673809460510727],URL_DOC_METODOLOGICO,string,dimension,nominal,,,,,tableau,[CONFIG_URL_ADMIN_SM] + [CONFIGURACION_URL_DOC_METODOLOGICO]
4_2aNatalidad,DHBEvolucinTemporal,4.2a Natalidad.twb,DATOS_ADMIN_SM,federated.0qiz8oi1sb3cd813zi06q01yhyh5,[Calculation_334673811823804420],DATOS_TABLERO,boolean,dimension,nominal,,,,,tableau,[TABLERO_NOMBRE (Tableros)] = [Parameters].[Parámetro 2] OR LOWER([TABLERO_DE_SISTEMA]) = 'true'
4_2aNatalidad,DHBEvolucinTemporal,4.2a Natalidad.twb,DATOS_ADMIN_SM,federated.0qiz8oi1sb3cd813zi06q01yhyh5,[Calculation_334673811825987589],Visualizar Gráfico,boolean,dimension,nominal,,,,,tableau,LOWER([INDICADOR_DE_SISTEMA]) = 'false'
4_2aNatalidad,DHBEvolucinTemporal,4.2a Natalidad.twb,DATOS_ADMIN_SM,federated.0qiz8oi1sb3cd813zi06q01yhyh5,[Calculation_4723009391632846848],DATO_SUBUNIDAD_GEOGRAFICA_NOMBRE,string,dimension,nominal,,,,,tableau,if (ISNULL([SUB_UNIDAD_GEOGRAFICA])) THEN '' ELSE [SUB_UNIDAD_GEOGRAFICA] END
4_2aNatalidad,DHBEvolucinTemporal,4.2a Natalidad.twb,DATOS_ADMIN_SM,federated.0qiz8oi1sb3cd813zi06q01yhyh5,[Calculation_4723009401879752705],DATO_FECHA,date,dimension,ordinal,,,,,tableau,"DATE(
STR([ANIO]) + '-' +  
IF     ([MES] == 'T1') THEN '01'
ELSEIF ([MES] == 'T2') THEN '04'
ELSEIF ([MES] == 'T3') THEN '07'
ELSEIF ([MES] == 'T4') THEN '10'
ELSEIF ([MES] == 'S1') THEN '01'
ELSEIF ([MES] == 'S2') THEN '07'
ELSEIF (ISNULL([MES])) THEN '01'
ELSE   [MES]
END
+ '-01')"
4_2aNatalidad,DHBEvolucinTemporal,4.2a Natalidad.twb,DATOS_ADMIN_SM,federated.0qiz8oi1sb3cd813zi06q01yhyh5,[Calculation_4723009401891954690],DATO_FECHA_NOMBRE,string,dimension,nominal,,,,,tableau,[MES]
4_2aNatalidad,DHBEvolucinTemporal,4.2a Natalidad.twb,DATOS_ADMIN_SM,federated.0qiz8oi1sb3cd813zi06q01yhyh5,[Calculation_4723009401903345667],DATO_ANIO_MES,string,dimension,nominal,,,,,tableau,STR([ANIO]) + (IF (ISNULL([MES])) THEN '' ELSE [MES] END)
4_2aNatalidad,DHBEvolucinTemporal,4.2a Natalidad.twb,DATOS_ADMIN_SM,federated.0qiz8oi1sb3cd813zi06q01yhyh5,[Calculation_4723009402220560388],DATO_PERIODO_STR,string,dimension,nominal,,,,,tableau,"STR([ANIO]) + 
IF   ([DATO_PERIODO_STR (copy)_4723009402227015685] == '') THEN ''
ELSE ' - ' + [DATO_PERIODO_STR (copy)_4723009402227015685]
END"
4_2aNatalidad,DHBEvolucinTemporal,4.2a Natalidad.twb,DATOS_ADMIN_SM,federated.0qiz8oi1sb3cd813zi06q01yhyh5,[Calculation_4723009402249244679],DATO_APERTURA_DESCRIPCION_COUNTD,integer,measure,quantitative,,,,,tableau,COUNTD([APERTURA_DESCRIPCION])
4_2aNatalidad,DHBEvolucinTemporal,4.2a Natalidad.twb,DATOS_ADMIN_SM,federated.0qiz8oi1sb3cd813zi06q01yhyh5,[Calculation_4723009402249773064],DATO_APERTURA_NIVEL_1_C,integer,measure,quantitative,,,,,tableau,WINDOW_COUNT(COUNTD([APERTURA_NIVEL_1]))
4_2aNatalidad,DHBEvolucinTemporal,4.2a Natalidad.twb,DATOS_ADMIN_SM,federated.0qiz8oi1sb3cd813zi06q01yhyh5,[Calculation_4723009402545549324],SELECCIONE,string,dimension,nominal,,,,,tableau,'Seleccione'
4_2aNatalidad,DHBEvolucinTemporal,4.2a Natalidad.twb,DATOS_ADMIN_SM,federated.0qiz8oi1sb3cd813zi06q01yhyh5,[Calculation_4723009404707536931],NULL,string,dimension,nominal,,,,,tableau,STR(NULL)
4_2aNatalidad,DHBEvolucinTemporal,4.2a Natalidad.twb,DATOS_ADMIN_SM,federated.0qiz8oi1sb3cd813zi06q01yhyh5,[Calculation_541839333604462595],BTN Serie Temporal Seleccionado,string,dimension,nominal,,,,,tableau,"if ([Parameters].[Parámetro 1] = [Calculation_6996412392490344453] and [Parameters].[Parametro gráfico (copia)_541839334149496838] = [BTN Serie Temporal (copia)_541839334174613511]) then ""Gráfico Seleccionado SG"" 
elseif ([Parameters].[Parámetro 1] = [Calculation_6996412392490344453] and [Parameters].[Parametro gráfico (copia)_541839334149496838] = [BTN Sección General (copia)_541839334174765064]) then ""Gráfico Seleccionado SPP"" 
elseif ([Parameters].[Parámetro 1] <> [Calculation_6996412392490344453] and [Parameters].[Parametro gráfico (copia)_541839334149496838] = [BTN Serie Temporal (copia)_541839334174613511]) then ""Gráfico NO Seleccionado SG"" 
elseif ([Parameters].[Parámetro 1] <> [Calculation_6996412392490344453] and [Parameters].[Parametro gráfico (copia)_541839334149496838] = [BTN Sección General (copia)_541839334174765064]) then ""Gráfico NO Seleccionado SPP"" end"
4_2aNatalidad,DHBEvolucinTemporal,4.2a Natalidad.twb,DATOS_ADMIN_SM,federated.0qiz8oi1sb3cd813zi06q01yhyh5,[Calculation_5425289489097109517],DATO_TIPO_STR,string,dimension,nominal,,,,,tableau,"IF ([TIPO_DE_DATO] == 'SERIE_TEMPORAL') THEN 'Evolución temporal'
ELSEIF ([TIPO_DE_DATO] == 'DISTRIBUCION') THEN 'Características'
ELSEIF ([TIPO_DE_DATO] == 'MAPA') THEN 'Distribución territorial'
ELSEIF ([TIPO_DE_DATO] == 'APERTURA') THEN 'Cruces relevantes'
END"
4_2aNatalidad,DHBEvolucinTemporal,4.2a Natalidad.twb,DATOS_ADMIN_SM,federated.0qiz8oi1sb3cd813zi06q01yhyh5,[Calculation_5425289489148153872],DATOS_APERTURAS_Y_GRUPOS,boolean,dimension,nominal,,,,,tableau,"IF ([TIPO_DE_DATO] = 'APERTURA') THEN
    IF (NOT(ISNULL([APERTURA_NIVEL_1])) AND [APERTURA_NIVEL_1] <> ''
        AND NOT(ISNULL([MODALIDAD_APERTURA_NIVEL_1])) AND [MODALIDAD_APERTURA_NIVEL_1] <> ''
        AND NOT(ISNULL([APERTURA_NIVEL_2])) AND [APERTURA_NIVEL_2] <> '') THEN TRUE
    ELSE FALSE
    END
ELSE FALSE
END"
4_2aNatalidad,DHBEvolucinTemporal,4.2a Natalidad.twb,DATOS_ADMIN_SM,federated.0qiz8oi1sb3cd813zi06q01yhyh5,[Calculation_6236992910663057412],UNIDAD_GEOGRAFICA_REGION_STR,string,dimension,nominal,,,,,tableau,"""Región "" + [Region]"
4_2aNatalidad,DHBEvolucinTemporal,4.2a Natalidad.twb,DATOS_ADMIN_SM,federated.0qiz8oi1sb3cd813zi06q01yhyh5,[Calculation_6236992911662702608],DATO_VALOR_CALCULADO (MAPA),real,measure,quantitative,,,,,tableau,"IF MAX([INDICADOR_UNIDAD_MEDIDA_CODIGO]) = ""CANTIDAD"" THEN SUM([VALOR])

ELSEIF MAX([INDICADOR_UNIDAD_MEDIDA_CODIGO]) = ""PORCENTAJE"" THEN SUM([VALOR]) * 100 / SUM([VALOR_AUXILIAR])

ELSEIF MAX([INDICADOR_UNIDAD_MEDIDA_CODIGO]) = ""TASA_X_CIEN"" THEN SUM([VALOR]) / SUM([VALOR_AUXILIAR]) * 100

ELSEIF MAX([INDICADOR_UNIDAD_MEDIDA_CODIGO]) = ""TASA_X_MIL"" THEN SUM([VALOR]) / SUM([VALOR_AUXILIAR]) * 1000

ELSEIF MAX([INDICADOR_UNIDAD_MEDIDA_CODIGO]) = ""TASA_X_CIENMIL"" THEN SUM([VALOR]) / SUM([VALOR_AUXILIAR]) * 100000

ELSEIF MAX([INDICADOR_UNIDAD_MEDIDA_CODIGO]) = ""TASA_X_MILLON"" THEN SUM([VALOR]) / SUM([VALOR_AUXILIAR]) * 1000000

ELSEIF MAX([INDICADOR_UNIDAD_MEDIDA_CODIGO]) = ""RAZON_X_DIEZMIL"" THEN SUM([VALOR]) / SUM([VALOR_AUXILIAR]) * 10000

END"
4_2aNatalidad,DHBEvolucinTemporal,4.2a Natalidad.twb,DATOS_ADMIN_SM,federated.0qiz8oi1sb3cd813zi06q01yhyh5,[Calculation_6996412392490344453],BTN Serie Temporal,string,dimension,nominal,,,,,tableau,"""Evolución temporal"""
4_2aNatalidad,DHBEvolucinTemporal,4.2a Natalidad.twb,DATOS_ADMIN_SM,federated.0qiz8oi1sb3cd813zi06q01yhyh5,[Calculation_90705353144123399],DATO_APERTURA_MODALIDAD,string,dimension,nominal,,,,,tableau,"IF (NOT(ISNULL([MODALIDAD_APERTURA_NIVEL_2])) AND [MODALIDAD_APERTURA_NIVEL_2] <> """") 
THEN [MODALIDAD_APERTURA_NIVEL_2]
ELSE [MODALIDAD_APERTURA_NIVEL_1]
END"
4_2aNatalidad,DHBEvolucinTemporal,4.2a Natalidad.twb,DATOS_ADMIN_SM,federated.0qiz8oi1sb3cd813zi06q01yhyh5,[Calculation_955748346980958208],NOT p_mostrar_indicadores,boolean,dimension,nominal,,,,,tableau,NOT([Parameters].[p_grafico (copia)])
4_2aNatalidad,DHBEvolucinTemporal,4.2a Natalidad.twb,DATOS_ADMIN_SM,federated.0qiz8oi1sb3cd813zi06q01yhyh5,[Calculation_955748346981711873],Texto mostrar indicadores,string,dimension,nominal,,,,,tableau,"IF ([Parameters].[p_grafico (copia)]) 
THEN 'Cerrar el mapa de indicadores'
ELSE 'Abrir el mapa de indicadores'
END"
4_2aNatalidad,DHBEvolucinTemporal,4.2a Natalidad.twb,DATOS_ADMIN_SM,federated.0qiz8oi1sb3cd813zi06q01yhyh5,[Calculation_955748347035680770],blank,string,dimension,nominal,,,,,tableau,""""""
4_2aNatalidad,DHBEvolucinTemporal,4.2a Natalidad.twb,DATOS_ADMIN_SM,federated.0qiz8oi1sb3cd813zi06q01yhyh5,[DATO_DE_SISTEMA],,integer,dimension,ordinal,,,,,,
4_2aNatalidad,DHBEvolucinTemporal,4.2a Natalidad.twb,DATOS_ADMIN_SM,federated.0qiz8oi1sb3cd813zi06q01yhyh5,[DATO_PERIODO_STR (copy)_4723009402227015685],DATO_PERIODO,string,dimension,nominal,,,,,tableau,"IF     (ISNULL([MES])) THEN ''
ELSEIF ([MES] == 'T1') THEN 'Primer Trimestre' 
ELSEIF ([MES] == 'T2') THEN 'Segundo Trimestre' 
ELSEIF ([MES] == 'T3') THEN 'Tercer Trimestre'
ELSEIF ([MES] == 'T4') THEN 'Cuarto Trimestre'
ELSEIF ([MES] == 'S1') THEN 'Primer Semestre'
ELSEIF ([MES] == 'S2') THEN 'Segundo Semestre'
ELSEIF ([MES] == '1') THEN 'Enero'
ELSEIF ([MES] == '2') THEN 'Febrero'
ELSEIF ([MES] == '3') THEN 'Marzo'
ELSEIF ([MES] == '4') THEN 'Abril'
ELSEIF ([MES] == '5') THEN 'Mayo'
ELSEIF ([MES] == '6') THEN 'Junio'
ELSEIF ([MES] == '7') THEN 'Julio'
ELSEIF ([MES] == '8') THEN 'Agosto'
ELSEIF ([MES] == '9') THEN 'Septiembre'
ELSEIF ([MES] == '10') THEN 'Octubre'
ELSEIF ([MES] == '11') THEN 'Noviembre'
ELSEIF ([MES] == '12') THEN 'Diciembre'
END"
4_2aNatalidad,DHBEvolucinTemporal,4.2a Natalidad.twb,DATOS_ADMIN_SM,federated.0qiz8oi1sb3cd813zi06q01yhyh5,[Distribuciones - Visualizar Gráfico Torta (copy)_159666739711741954],Distribuciones - Visualizar Gráfico Barras,integer,dimension,quantitative,,,,,tableau,"IF ([Parameters].[p_grafico_apertura_grupo (copia)_1886797147614048275] = ""Barras"") THEN 1 
ELSEIF ([Parameters].[p_grafico_apertura_grupo (copia)_1886797147614048275] = ""Todos"") THEN 1 
ELSE 0 END"
4_2aNatalidad,DHBEvolucinTemporal,4.2a Natalidad.twb,DATOS_ADMIN_SM,federated.0qiz8oi1sb3cd813zi06q01yhyh5,[GRUPO_INDICADOR_ID (Grupos Indicadores)],GRUPO_INDICADOR_ID,integer,dimension,ordinal,,,,,,
4_2aNatalidad,DHBEvolucinTemporal,4.2a Natalidad.twb,DATOS_ADMIN_SM,federated.0qiz8oi1sb3cd813zi06q01yhyh5,[GRUPO_INDICADOR_ID],DATO_GRUPO_INDICADOR_ID,integer,dimension,ordinal,,,,,,
4_2aNatalidad,DHBEvolucinTemporal,4.2a Natalidad.twb,DATOS_ADMIN_SM,federated.0qiz8oi1sb3cd813zi06q01yhyh5,[GRUPO_INDICADOR_NOMBRE (Grupos Indicadores)],GRUPO_INDICADOR_NOMBRE,string,dimension,nominal,,,,,,
4_2aNatalidad,DHBEvolucinTemporal,4.2a Natalidad.twb,DATOS_ADMIN_SM,federated.0qiz8oi1sb3cd813zi06q01yhyh5,[GRUPO_INDICADOR_NOMBRE],DATO_GRUPO_INDICADOR_NOMBRE,string,dimension,nominal,,,true,,,
4_2aNatalidad,DHBEvolucinTemporal,4.2a Natalidad.twb,DATOS_ADMIN_SM,federated.0qiz8oi1sb3cd813zi06q01yhyh5,[GRUPO_INDICADOR_ORDEN],,integer,dimension,ordinal,,,,,,
4_2aNatalidad,DHBEvolucinTemporal,4.2a Natalidad.twb,DATOS_ADMIN_SM,federated.0qiz8oi1sb3cd813zi06q01yhyh5,[Geometry],GEOMETRIA (T_MAPA),spatial,measure,nominal,,,,,,
4_2aNatalidad,DHBEvolucinTemporal,4.2a Natalidad.twb,DATOS_ADMIN_SM,federated.0qiz8oi1sb3cd813zi06q01yhyh5,[ID_DATO_SM],DATO_ID,integer,dimension,ordinal,,,,,,
4_2aNatalidad,DHBEvolucinTemporal,4.2a Natalidad.twb,DATOS_ADMIN_SM,federated.0qiz8oi1sb3cd813zi06q01yhyh5,[INDICADOR_DE_SISTEMA],,string,dimension,nominal,,,,,,
4_2aNatalidad,DHBEvolucinTemporal,4.2a Natalidad.twb,DATOS_ADMIN_SM,federated.0qiz8oi1sb3cd813zi06q01yhyh5,[INDICADOR_ID (Indicadores)],INDICADOR_ID,integer,dimension,ordinal,,,,,,
4_2aNatalidad,DHBEvolucinTemporal,4.2a Natalidad.twb,DATOS_ADMIN_SM,federated.0qiz8oi1sb3cd813zi06q01yhyh5,[INDICADOR_ID],DATO_INDICADOR_ID,integer,dimension,ordinal,,,,,,
4_2aNatalidad,DHBEvolucinTemporal,4.2a Natalidad.twb,DATOS_ADMIN_SM,federated.0qiz8oi1sb3cd813zi06q01yhyh5,[INDICADOR_NOMBRE (Indicadores)],INDICADOR_NOMBRE,string,dimension,nominal,,,,,,
4_2aNatalidad,DHBEvolucinTemporal,4.2a Natalidad.twb,DATOS_ADMIN_SM,federated.0qiz8oi1sb3cd813zi06q01yhyh5,[INDICADOR_NOMBRE],DATO_INDICADOR_NOMBRE,string,dimension,nominal,,,true,,,
4_2aNatalidad,DHBEvolucinTemporal,4.2a Natalidad.twb,DATOS_ADMIN_SM,federated.0qiz8oi1sb3cd813zi06q01yhyh5,[INDICADOR_ORDEN],,integer,dimension,ordinal,,,,,,
4_2aNatalidad,DHBEvolucinTemporal,4.2a Natalidad.twb,DATOS_ADMIN_SM,federated.0qiz8oi1sb3cd813zi06q01yhyh5,[MES],DATO_MES,string,dimension,nominal,,,,,,
4_2aNatalidad,DHBEvolucinTemporal,4.2a Natalidad.twb,DATOS_ADMIN_SM,federated.0qiz8oi1sb3cd813zi06q01yhyh5,[MODALIDAD_APERTURA_NIVEL_1],DATO_MODALIDAD_APERTURA_NIVEL_1,string,dimension,nominal,,,,,,
4_2aNatalidad,DHBEvolucinTemporal,4.2a Natalidad.twb,DATOS_ADMIN_SM,federated.0qiz8oi1sb3cd813zi06q01yhyh5,[MODALIDAD_APERTURA_NIVEL_2],DATO_MODALIDAD_APERTURA_NIVEL_2,string,dimension,nominal,,,,,,
4_2aNatalidad,DHBEvolucinTemporal,4.2a Natalidad.twb,DATOS_ADMIN_SM,federated.0qiz8oi1sb3cd813zi06q01yhyh5,[Region],UNIDAD_GEOGRAFICA_REGION,string,dimension,nominal,,,,,categorical-bin,
4_2aNatalidad,DHBEvolucinTemporal,4.2a Natalidad.twb,DATOS_ADMIN_SM,federated.0qiz8oi1sb3cd813zi06q01yhyh5,[SECCION_ID],DATO_SECCION_ID,integer,dimension,ordinal,,,,,,
4_2aNatalidad,DHBEvolucinTemporal,4.2a Natalidad.twb,DATOS_ADMIN_SM,federated.0qiz8oi1sb3cd813zi06q01yhyh5,[SECCION_NOMBRE],DATO_SECCION_NOMBRE,string,dimension,nominal,,,,,,
4_2aNatalidad,DHBEvolucinTemporal,4.2a Natalidad.twb,DATOS_ADMIN_SM,federated.0qiz8oi1sb3cd813zi06q01yhyh5,[SUB_UNIDAD_GEOGRAFICA],DATO_SUBUNIDAD_GEOGRAFICA,string,dimension,nominal,,,,,,
4_2aNatalidad,DHBEvolucinTemporal,4.2a Natalidad.twb,DATOS_ADMIN_SM,federated.0qiz8oi1sb3cd813zi06q01yhyh5,[TABLERO_CONFIGURACION_ID],,integer,dimension,ordinal,,,,,,
4_2aNatalidad,DHBEvolucinTemporal,4.2a Natalidad.twb,DATOS_ADMIN_SM,federated.0qiz8oi1sb3cd813zi06q01yhyh5,[TABLERO_FECHA_ULT_CARGA_DATOS],,datetime,dimension,ordinal,,,,,,
4_2aNatalidad,DHBEvolucinTemporal,4.2a Natalidad.twb,DATOS_ADMIN_SM,federated.0qiz8oi1sb3cd813zi06q01yhyh5,[TABLERO_ID (Tableros)],TABLERO_ID,integer,dimension,ordinal,,,,,,
4_2aNatalidad,DHBEvolucinTemporal,4.2a Natalidad.twb,DATOS_ADMIN_SM,federated.0qiz8oi1sb3cd813zi06q01yhyh5,[TABLERO_ID],DATO_TABLERO_ID,integer,dimension,ordinal,,,,,,
4_2aNatalidad,DHBEvolucinTemporal,4.2a Natalidad.twb,DATOS_ADMIN_SM,federated.0qiz8oi1sb3cd813zi06q01yhyh5,[TABLERO_NOMBRE (Tableros)],TABLERO_NOMBRE,string,dimension,nominal,,,,,,
4_2aNatalidad,DHBEvolucinTemporal,4.2a Natalidad.twb,DATOS_ADMIN_SM,federated.0qiz8oi1sb3cd813zi06q01yhyh5,[TABLERO_NOMBRE],DATO_TABLERO_NOMBRE,string,dimension,nominal,,,true,,,
4_2aNatalidad,DHBEvolucinTemporal,4.2a Natalidad.twb,DATOS_ADMIN_SM,federated.0qiz8oi1sb3cd813zi06q01yhyh5,[TEMA_DE_SISTEMA],TEMA_DE_SISTEMA (T_TEMA),string,dimension,nominal,,,,,,
4_2aNatalidad,DHBEvolucinTemporal,4.2a Natalidad.twb,DATOS_ADMIN_SM,federated.0qiz8oi1sb3cd813zi06q01yhyh5,[TEMA_ID (Temas)],TEMA_ID,integer,dimension,ordinal,,,,,,
4_2aNatalidad,DHBEvolucinTemporal,4.2a Natalidad.twb,DATOS_ADMIN_SM,federated.0qiz8oi1sb3cd813zi06q01yhyh5,[TEMA_ID],DATO_TEMA_ID,integer,dimension,ordinal,,,,,,
4_2aNatalidad,DHBEvolucinTemporal,4.2a Natalidad.twb,DATOS_ADMIN_SM,federated.0qiz8oi1sb3cd813zi06q01yhyh5,[TEMA_NOMBRE (Temas)],TEMA_NOMBRE,string,dimension,nominal,,,,,,
4_2aNatalidad,DHBEvolucinTemporal,4.2a Natalidad.twb,DATOS_ADMIN_SM,federated.0qiz8oi1sb3cd813zi06q01yhyh5,[TEMA_NOMBRE],DATO_TEMA_NOMBRE,string,dimension,nominal,,,,,,
4_2aNatalidad,DHBEvolucinTemporal,4.2a Natalidad.twb,DATOS_ADMIN_SM,federated.0qiz8oi1sb3cd813zi06q01yhyh5,[TIPO_DATO_SM_STR (copia)_5425289489129852943],DATO_TIPO_ORDEN,integer,dimension,ordinal,,,,,tableau,"IF ([TIPO_DE_DATO] == 'SERIE_TEMPORAL') THEN 1
ELSEIF ([TIPO_DE_DATO] == 'DISTRIBUCION') THEN 2
ELSEIF ([TIPO_DE_DATO] == 'APERTURA') THEN 3
ELSEIF ([TIPO_DE_DATO] == 'MAPA') THEN 4
END"
4_2aNatalidad,DHBEvolucinTemporal,4.2a Natalidad.twb,DATOS_ADMIN_SM,federated.0qiz8oi1sb3cd813zi06q01yhyh5,[TIPO_DE_DATO],DATO_TIPO,string,dimension,nominal,,,,,,
4_2aNatalidad,DHBEvolucinTemporal,4.2a Natalidad.twb,DATOS_ADMIN_SM,federated.0qiz8oi1sb3cd813zi06q01yhyh5,[UNIDAD_GEOGRAFICA_CODIGO],DATO_UNIDAD_GEOGRAFICA_CODIGO,string,dimension,nominal,,,,,,
4_2aNatalidad,DHBEvolucinTemporal,4.2a Natalidad.twb,DATOS_ADMIN_SM,federated.0qiz8oi1sb3cd813zi06q01yhyh5,[UNIDAD_GEOGRAFICA_NOMBRE],DATO_UNIDAD_GEOGRAFICA_NOMBRE,string,dimension,nominal,,,,,,
4_2aNatalidad,DHBEvolucinTemporal,4.2a Natalidad.twb,DATOS_ADMIN_SM,federated.0qiz8oi1sb3cd813zi06q01yhyh5,[URL_DOC_METODOLOGICO (copy)_334673809461317641],URL_INSTRUCTIVO_NAV,string,dimension,nominal,,,,,tableau,[CONFIG_URL_ADMIN_SM] + [CONFIGURACION_URL_INSTRUCTIVO_NAV]
4_2aNatalidad,DHBEvolucinTemporal,4.2a Natalidad.twb,DATOS_ADMIN_SM,federated.0qiz8oi1sb3cd813zi06q01yhyh5,[URL_DOC_TECNICO_TABLERO (copy)_334673809529749519],TABLERO_URL_REPORTE,string,dimension,nominal,,,,,tableau,[CONFIG_URL_ADMIN_SM] + [CONFIGURACION_URL_REPORTE_TABLERO] + STR([TABLERO_ID (Tableros)])
4_2aNatalidad,DHBEvolucinTemporal,4.2a Natalidad.twb,DATOS_ADMIN_SM,federated.0qiz8oi1sb3cd813zi06q01yhyh5,[URL_FICHA _TABLERO (copy)_334673809529606158],TABLERO_URL_DOC_TECNICO,string,dimension,nominal,,,,,tableau,[CONFIG_URL_ADMIN_SM] + [CONFIGURACION_URL_DOC_TECNICO_TABLERO] + STR([TABLERO_ID (Tableros)])
4_2aNatalidad,DHBEvolucinTemporal,4.2a Natalidad.twb,DATOS_ADMIN_SM,federated.0qiz8oi1sb3cd813zi06q01yhyh5,[VALOR],DATO_VALOR,real,dimension,ordinal,,,,,,
4_2aNatalidad,DHBEvolucinTemporal,4.2a Natalidad.twb,DATOS_ADMIN_SM,federated.0qiz8oi1sb3cd813zi06q01yhyh5,[VALOR_AUXILIAR],DATO_VALOR_AUXILIAR,real,dimension,ordinal,,,,,,
4_2aNatalidad,DHBEvolucinTemporal,4.2a Natalidad.twb,DATOS_ADMIN_SM,federated.0qiz8oi1sb3cd813zi06q01yhyh5,[Valor cantidad (Mapa) (copia)_6236992911694086162],DATO_SUM_VALOR_AUXILIAR (MAPA),real,measure,quantitative,,,,,tableau,SUM([VALOR_AUXILIAR])
4_2aNatalidad,DHBEvolucinTemporal,4.2a Natalidad.twb,DATOS_ADMIN_SM,federated.0qiz8oi1sb3cd813zi06q01yhyh5,[Valor mapa calculado (copia)_6236992911641026571],VALOR_PORCENTUAL (T_MAPA),real,measure,quantitative,,,,,tableau,[Valor porcentual (copia)_6236992911648841741] * 100 / [Valor cantidad (Mapa) (copia)_6236992911694086162]
4_2aNatalidad,DHBEvolucinTemporal,4.2a Natalidad.twb,DATOS_ADMIN_SM,federated.0qiz8oi1sb3cd813zi06q01yhyh5,[Valor porcentual (copia)_6236992911646519308],DATO_TOTAL_SUM_VALOR (MAPA),real,measure,quantitative,,,,,tableau,TOTAL([Valor porcentual (copia)_6236992911648841741])
4_2aNatalidad,DHBEvolucinTemporal,4.2a Natalidad.twb,DATOS_ADMIN_SM,federated.0qiz8oi1sb3cd813zi06q01yhyh5,[Valor porcentual (copia)_6236992911648841741],DATO_SUM_VALOR (MAPA),real,measure,quantitative,,,,,tableau,SUM([VALOR])
4_2aNatalidad,DHBEvolucinTemporal,4.2a Natalidad.twb,DATOS_ADMIN_SM,federated.0qiz8oi1sb3cd813zi06q01yhyh5,[Valor porcentual (copia)_6236992911649583118],VALOR_TASA (T_MAPA),real,measure,quantitative,,,,,tableau,[Valor porcentual (copia)_6236992911648841741] / [Valor cantidad (Mapa) (copia)_6236992911694086162]
4_2aNatalidad,DHBEvolucinTemporal,4.2a Natalidad.twb,DATOS_ADMIN_SM,federated.0qiz8oi1sb3cd813zi06q01yhyh5,[Valor total (Mapa) (copia)_6236992911689347089],DATO_TOTAL_SUM_VALOR_AUXILIAR (MAPA),real,measure,quantitative,,,,,tableau,TOTAL([Valor cantidad (Mapa) (copia)_6236992911694086162])
4_2aNatalidad,DHBEvolucinTemporal,4.2a Natalidad.twb,DATOS_ADMIN_SM,federated.0qiz8oi1sb3cd813zi06q01yhyh5,[Visualizar Desagregaciones (copia)_541839333440749569],Aperturas - Visualizar Gráfico Barras,integer,dimension,quantitative,,,,,tableau,"IF ([Parameters].[Gráfico seleccionado (copia)_541839333440561152] = ""Barras"") THEN 1 
ELSEIF ([Parameters].[Gráfico seleccionado (copia)_541839333440561152] = ""Barras y tabla"") THEN 1 
ELSE 0 END"
4_2aNatalidad,DHBEvolucinTemporal,4.2a Natalidad.twb,DATOS_ADMIN_SM,federated.0qiz8oi1sb3cd813zi06q01yhyh5,[Visualizar Desagregaciones Barra (copia)_541839333440913410],Aperturas - Visualizar Gráfico Tabla,integer,dimension,quantitative,,,,,tableau,"IF ([Parameters].[Gráfico seleccionado (copia)_541839333440561152] = ""Tabla"") THEN 1 
ELSEIF ([Parameters].[Gráfico seleccionado (copia)_541839333440561152] = ""Barras y tabla"") THEN 1 
ELSE 0 END"
4_2aNatalidad,DHBEvolucinTemporal,4.2a Natalidad.twb,DATOS_ADMIN_SM,federated.0qiz8oi1sb3cd813zi06q01yhyh5,[Visualizar Gráfico Jerarquía (copia)_1886797147614466070],Distribuciones - Visualizar Gráfico Torta,integer,dimension,quantitative,,,,,tableau,"IF ([Parameters].[p_grafico_apertura_grupo (copia)_1886797147614048275] = ""Torta"") THEN 1 
ELSEIF ([Parameters].[p_grafico_apertura_grupo (copia)_1886797147614048275] = ""Todos"") THEN 1 
ELSE 0 END"
4_2aNatalidad,DHBEvolucinTemporal,4.2a Natalidad.twb,DATOS_ADMIN_SM,federated.0qiz8oi1sb3cd813zi06q01yhyh5,[Visualizar Gráfico Tabla (copia)_1886797147614306325],Distribuciones - Visualizar Gráfico Jerarquía,integer,dimension,quantitative,,,,,tableau,"IF ([Parameters].[p_grafico_apertura_grupo (copia)_1886797147614048275] = ""Jerarquía"") THEN 1 
ELSEIF ([Parameters].[p_grafico_apertura_grupo (copia)_1886797147614048275] = ""Todos"") THEN 1 
ELSE 0 END"
4_2aNatalidad,DHBEvolucinTemporal,4.2a Natalidad.twb,DATOS_ADMIN_SM,federated.0qiz8oi1sb3cd813zi06q01yhyh5,[Visualizar Gráfico Tabla (copia)_2772247096855269376],Visualizar Indicadores,boolean,dimension,nominal,,,,,tableau,"IF ([Parameters].[p_grafico (copia)] = TRUE) THEN TRUE 
ELSE FALSE END"
4_2aNatalidad,DHBEvolucinTemporal,4.2a Natalidad.twb,DATOS_ADMIN_SM,federated.0qiz8oi1sb3cd813zi06q01yhyh5,[Visualizar Indicadores (copy)_4723009404655362069],BTN Mostrar Gráficos Caracteristicas,boolean,dimension,nominal,,,,,tableau,[Parameters].[p_mostrar_indicadores (copy)_4723009404655562774]
4_2aNatalidad,DHBEvolucinTemporal,4.2a Natalidad.twb,DATOS_ADMIN_SM,federated.0qiz8oi1sb3cd813zi06q01yhyh5,[Visualizar Indicadores (copy)_4723009404679073821],Ver gráficos caracteristicas,boolean,dimension,nominal,,,,,tableau,[Parameters].[p_mostrar_indicadores (copy)_4723009404655562774]
4_2aNatalidad,DHBEvolucinTemporal,4.2a Natalidad.twb,DATOS_ADMIN_SM,federated.0qiz8oi1sb3cd813zi06q01yhyh5,[__tableau_internal_object_id__].[Configuracion_70F75B593A84437096A6459916C3B121],Configuracion,table,measure,quantitative,,,,,,
4_2aNatalidad,DHBEvolucinTemporal,4.2a Natalidad.twb,DATOS_ADMIN_SM,federated.0qiz8oi1sb3cd813zi06q01yhyh5,[__tableau_internal_object_id__].[Datos_E76A2789C0C0403C8522440D998704F2],Datos,table,measure,quantitative,,,,,,
4_2aNatalidad,DHBEvolucinTemporal,4.2a Natalidad.twb,DATOS_ADMIN_SM,federated.0qiz8oi1sb3cd813zi06q01yhyh5,[__tableau_internal_object_id__].[Grupos Indicadores_80F403D81C66448DB95D3484EA9601FB],Grupos Indicadores,table,measure,quantitative,,,,,,
4_2aNatalidad,DHBEvolucinTemporal,4.2a Natalidad.twb,DATOS_ADMIN_SM,federated.0qiz8oi1sb3cd813zi06q01yhyh5,[__tableau_internal_object_id__].[Indicadores_F269C9F3A1A74D299CBC3D2526527AB4],Indicadores,table,measure,quantitative,,,,,,
4_2aNatalidad,DHBEvolucinTemporal,4.2a Natalidad.twb,DATOS_ADMIN_SM,federated.0qiz8oi1sb3cd813zi06q01yhyh5,[__tableau_internal_object_id__].[Tableros_4B7E936B713A46E09A688BE3B557C7FB],Tableros,table,measure,quantitative,,,,,,
4_2aNatalidad,DHBEvolucinTemporal,4.2a Natalidad.twb,DATOS_ADMIN_SM,federated.0qiz8oi1sb3cd813zi06q01yhyh5,[__tableau_internal_object_id__].[Temas_1EB48C7DA90F40468E6E2140C9DFBF4E],Temas,table,measure,quantitative,,,,,,
4_2aNatalidad,DHBEvolucinTemporal,4.2a Natalidad.twb,DATOS_ADMIN_SM,federated.0qiz8oi1sb3cd813zi06q01yhyh5,[__tableau_internal_object_id__].[provincia.shp_62D62B83F60E430CB2E4544483D1F16A],Provincias,table,measure,quantitative,,,,,,
4_2aNatalidad,DHBEvolucinTemporal,4.2a Natalidad.twb,DATOS_ADMIN_SM,federated.0qiz8oi1sb3cd813zi06q01yhyh5,[entidad],Entidad,integer,measure,quantitative,,,,,,
4_2aNatalidad,DHBEvolucinTemporal,4.2a Natalidad.twb,DATOS_ADMIN_SM,federated.0qiz8oi1sb3cd813zi06q01yhyh5,[fdc],Fdc,string,dimension,nominal,,,,,,
4_2aNatalidad,DHBEvolucinTemporal,4.2a Natalidad.twb,DATOS_ADMIN_SM,federated.0qiz8oi1sb3cd813zi06q01yhyh5,[fna],Fna,string,dimension,nominal,,,,,,
4_2aNatalidad,DHBEvolucinTemporal,4.2a Natalidad.twb,DATOS_ADMIN_SM,federated.0qiz8oi1sb3cd813zi06q01yhyh5,[gid],Gid,integer,measure,quantitative,,,,,,
4_2aNatalidad,DHBEvolucinTemporal,4.2a Natalidad.twb,DATOS_ADMIN_SM,federated.0qiz8oi1sb3cd813zi06q01yhyh5,[gna],Gna,string,dimension,nominal,,,,,,
4_2aNatalidad,DHBEvolucinTemporal,4.2a Natalidad.twb,DATOS_ADMIN_SM,federated.0qiz8oi1sb3cd813zi06q01yhyh5,[in1],In1,string,dimension,nominal,,,,,,
4_2aNatalidad,DHBEvolucinTemporal,4.2a Natalidad.twb,DATOS_ADMIN_SM,federated.0qiz8oi1sb3cd813zi06q01yhyh5,[nam],Nombre provincia,string,dimension,nominal,,,true,,,
4_2aNatalidad,DHBEvolucinTemporal,4.2a Natalidad.twb,DATOS_ADMIN_SM,federated.0qiz8oi1sb3cd813zi06q01yhyh5,[objeto],Objeto,string,dimension,nominal,,,,,,
4_2aNatalidad,DHBEvolucinTemporal,4.2a Natalidad.twb,DATOS_ADMIN_SM,federated.0qiz8oi1sb3cd813zi06q01yhyh5,[sag],Sag,string,dimension,nominal,,,,,,
4_2aNatalidad,DHBEvolucinTemporal,4.2a Natalidad.twb,DATOS_ADMIN_SM,federated.0qiz8oi1sb3cd813zi06q01yhyh5,[Gráfico seleccionado (copia)_541839333440561152],p_grafico_cruces_relevantes,string,measure,nominal,,,,list,tableau,"""Barras y tabla"""
4_2aNatalidad,DHBEvolucinTemporal,4.2a Natalidad.twb,DATOS_ADMIN_SM,federated.0qiz8oi1sb3cd813zi06q01yhyh5,[Parametro gráfico (copia)_541839334149496838],p_seccion,string,measure,nominal,,,,list,tableau,"""Situación General"""
4_2aNatalidad,DHBEvolucinTemporal,4.2a Natalidad.twb,DATOS_ADMIN_SM,federated.0qiz8oi1sb3cd813zi06q01yhyh5,[Parámetro 1],p_grafico,string,measure,nominal,,,,list,tableau,"""Evolución temporal"""
4_2aNatalidad,DHBEvolucinTemporal,4.2a Natalidad.twb,DATOS_ADMIN_SM,federated.0qiz8oi1sb3cd813zi06q01yhyh5,[Parámetro 2],p_tablero,string,measure,nominal,,,,list,tableau,"""4.2a. Natalidad y salud en el primer año de vida. Natalidad"""
4_2aNatalidad,DHBEvolucinTemporal,4.2a Natalidad.twb,DATOS_ADMIN_SM,federated.0qiz8oi1sb3cd813zi06q01yhyh5,[p_grafico (copia)],p_mostrar_indicadores,boolean,measure,nominal,,,,list,tableau,false
4_2aNatalidad,DHBEvolucinTemporal,4.2a Natalidad.twb,DATOS_ADMIN_SM,federated.0qiz8oi1sb3cd813zi06q01yhyh5,[p_grafico_apertura_grupo (copia)_1886797147614048275],p_grafico_caracteristicas,string,measure,nominal,,,,list,tableau,"""Todos"""
4_2aNatalidad,DHBEvolucinTemporal,4.2a Natalidad.twb,DATOS_ADMIN_SM,federated.0qiz8oi1sb3cd813zi06q01yhyh5,[p_mostrar_indicadores (copy)_4723009404655562774],p_ver_graficos_caracteristicas,boolean,measure,nominal,,,,list,tableau,false
4_2aNatalidad,DHBEvolucinTemporal,4.2a Natalidad.twb,DATOS_ADMIN_SM,federated.0qiz8oi1sb3cd813zi06q01yhyh5,[p_ver_graficos_caracteristicas (copy)_54254335857623040],p_ver_graficos_cruces_relevantes,boolean,measure,nominal,,,,list,tableau,false
4_2aNatalidad,DHBEvolucinTemporal,4.2a Natalidad.twb,DATOS_ADMIN_SM,federated.0qiz8oi1sb3cd813zi06q01yhyh5,[p_ver_graficos_cruces_relevantes (copy)_54254335887020034],p_ver_graficos_dist_territorial,boolean,measure,nominal,,,,list,tableau,false
4_2aNatalidad,DHBEvolucinTemporal,4.2a Natalidad.twb,DATOS_ADMIN_SM,federated.0qiz8oi1sb3cd813zi06q01yhyh5,[p_ver_graficos_dist_territorial (copy)_54254335887122435],p_ver_graficos_evol_temporal,boolean,measure,nominal,,,,list,tableau,false
4_2aNatalidad,DHBEvolucinTemporal,4.2a Natalidad.twb,DATOS_ADMIN_SM,federated.0qiz8oi1sb3cd813zi06q01yhyh5,CONFIGURACION_ID,,integer,,,,,,,,
4_2aNatalidad,DHBEvolucinTemporal,4.2a Natalidad.twb,DATOS_ADMIN_SM,federated.0qiz8oi1sb3cd813zi06q01yhyh5,CONFIGURACION_URL_SM,,string,,,,,,,,
4_2aNatalidad,DHBEvolucinTemporal,4.2a Natalidad.twb,DATOS_ADMIN_SM,federated.0qiz8oi1sb3cd813zi06q01yhyh5,CONFIG_URL_ADMIN_SM,,string,,,,,,,,
4_2aNatalidad,DHBEvolucinTemporal,4.2a Natalidad.twb,DATOS_ADMIN_SM,federated.0qiz8oi1sb3cd813zi06q01yhyh5,CONFIGURACION_URL_DEFENSORIA,,string,,,,,,,,
4_2aNatalidad,DHBEvolucinTemporal,4.2a Natalidad.twb,DATOS_ADMIN_SM,federated.0qiz8oi1sb3cd813zi06q01yhyh5,CONFIGURACION_DESCRIPCION,,string,,,,,,,,
4_2aNatalidad,DHBEvolucinTemporal,4.2a Natalidad.twb,DATOS_ADMIN_SM,federated.0qiz8oi1sb3cd813zi06q01yhyh5,CONFIGURACION_URL_FICHA_INDICADOR,,string,,,,,,,,
4_2aNatalidad,DHBEvolucinTemporal,4.2a Natalidad.twb,DATOS_ADMIN_SM,federated.0qiz8oi1sb3cd813zi06q01yhyh5,CONFIGURACION_URL_FICHA_TABLERO,,string,,,,,,,,
4_2aNatalidad,DHBEvolucinTemporal,4.2a Natalidad.twb,DATOS_ADMIN_SM,federated.0qiz8oi1sb3cd813zi06q01yhyh5,CONFIGURACION_URL_DOC_TECNICO_TABLERO,,string,,,,,,,,
4_2aNatalidad,DHBEvolucinTemporal,4.2a Natalidad.twb,DATOS_ADMIN_SM,federated.0qiz8oi1sb3cd813zi06q01yhyh5,CONFIGURACION_URL_REPORTE_TABLERO,,string,,,,,,,,
4_2aNatalidad,DHBEvolucinTemporal,4.2a Natalidad.twb,DATOS_ADMIN_SM,federated.0qiz8oi1sb3cd813zi06q01yhyh5,CONFIGURACION_EMAIL_CONTACTO,,string,,,,,,,,
4_2aNatalidad,DHBEvolucinTemporal,4.2a Natalidad.twb,DATOS_ADMIN_SM,federated.0qiz8oi1sb3cd813zi06q01yhyh5,CONFIGURACION_URL_DOC_METODOLOGICO,,string,,,,,,,,
4_2aNatalidad,DHBEvolucinTemporal,4.2a Natalidad.twb,DATOS_ADMIN_SM,federated.0qiz8oi1sb3cd813zi06q01yhyh5,CONFIGURACION_URL_INSTRUCTIVO_NAV,,string,,,,,,,,
4_2aNatalidad,DHBEvolucinTemporal,4.2a Natalidad.twb,DATOS_ADMIN_SM,federated.0qiz8oi1sb3cd813zi06q01yhyh5,TEMA_ID,,string,,,,,,,,
4_2aNatalidad,DHBEvolucinTemporal,4.2a Natalidad.twb,DATOS_ADMIN_SM,federated.0qiz8oi1sb3cd813zi06q01yhyh5,TEMA_NOMBRE,,string,,,,,,,,
4_2aNatalidad,DHBEvolucinTemporal,4.2a Natalidad.twb,DATOS_ADMIN_SM,federated.0qiz8oi1sb3cd813zi06q01yhyh5,TABLERO_ID,,string,,,,,,,,
4_2aNatalidad,DHBEvolucinTemporal,4.2a Natalidad.twb,DATOS_ADMIN_SM,federated.0qiz8oi1sb3cd813zi06q01yhyh5,TABLERO_NOMBRE,,string,,,,,,,,
4_2aNatalidad,DHBEvolucinTemporal,4.2a Natalidad.twb,DATOS_ADMIN_SM,federated.0qiz8oi1sb3cd813zi06q01yhyh5,SECCION_ID,,string,,,,,,,,
4_2aNatalidad,DHBEvolucinTemporal,4.2a Natalidad.twb,DATOS_ADMIN_SM,federated.0qiz8oi1sb3cd813zi06q01yhyh5,SECCION_NOMBRE,,string,,,,,,,,
4_2aNatalidad,DHBEvolucinTemporal,4.2a Natalidad.twb,DATOS_ADMIN_SM,federated.0qiz8oi1sb3cd813zi06q01yhyh5,GRUPO_INDICADOR_ID,,string,,,,,,,,
4_2aNatalidad,DHBEvolucinTemporal,4.2a Natalidad.twb,DATOS_ADMIN_SM,federated.0qiz8oi1sb3cd813zi06q01yhyh5,GRUPO_INDICADOR_NOMBRE,,string,,,,,,,,
4_2aNatalidad,DHBEvolucinTemporal,4.2a Natalidad.twb,DATOS_ADMIN_SM,federated.0qiz8oi1sb3cd813zi06q01yhyh5,INDICADOR_ID,,string,,,,,,,,
4_2aNatalidad,DHBEvolucinTemporal,4.2a Natalidad.twb,DATOS_ADMIN_SM,federated.0qiz8oi1sb3cd813zi06q01yhyh5,INDICADOR_NOMBRE,,string,,,,,,,,
4_2aNatalidad,DHBEvolucinTemporal,4.2a Natalidad.twb,DATOS_ADMIN_SM,federated.0qiz8oi1sb3cd813zi06q01yhyh5,TIPO_DE_DATO,,string,,,,,,,,
4_2aNatalidad,DHBEvolucinTemporal,4.2a Natalidad.twb,DATOS_ADMIN_SM,federated.0qiz8oi1sb3cd813zi06q01yhyh5,ID_DATO_SM,,string,,,,,,,,
4_2aNatalidad,DHBEvolucinTemporal,4.2a Natalidad.twb,DATOS_ADMIN_SM,federated.0qiz8oi1sb3cd813zi06q01yhyh5,DATO_DE_SISTEMA,,string,,,,,,,,
4_2aNatalidad,DHBEvolucinTemporal,4.2a Natalidad.twb,DATOS_ADMIN_SM,federated.0qiz8oi1sb3cd813zi06q01yhyh5,ANIO,,string,,,,,,,,
4_2aNatalidad,DHBEvolucinTemporal,4.2a Natalidad.twb,DATOS_ADMIN_SM,federated.0qiz8oi1sb3cd813zi06q01yhyh5,MES,,string,,,,,,,,
4_2aNatalidad,DHBEvolucinTemporal,4.2a Natalidad.twb,DATOS_ADMIN_SM,federated.0qiz8oi1sb3cd813zi06q01yhyh5,UNIDAD_GEOGRAFICA_CODIGO,,string,,,,,,,,
4_2aNatalidad,DHBEvolucinTemporal,4.2a Natalidad.twb,DATOS_ADMIN_SM,federated.0qiz8oi1sb3cd813zi06q01yhyh5,UNIDAD_GEOGRAFICA_NOMBRE,,string,,,,,,,,
4_2aNatalidad,DHBEvolucinTemporal,4.2a Natalidad.twb,DATOS_ADMIN_SM,federated.0qiz8oi1sb3cd813zi06q01yhyh5,SUB_UNIDAD_GEOGRAFICA,,string,,,,,,,,
4_2aNatalidad,DHBEvolucinTemporal,4.2a Natalidad.twb,DATOS_ADMIN_SM,federated.0qiz8oi1sb3cd813zi06q01yhyh5,APERTURA_DESCRIPCION,,string,,,,,,,,
4_2aNatalidad,DHBEvolucinTemporal,4.2a Natalidad.twb,DATOS_ADMIN_SM,federated.0qiz8oi1sb3cd813zi06q01yhyh5,APERTURA_NIVEL_1,,string,,,,,,,,
4_2aNatalidad,DHBEvolucinTemporal,4.2a Natalidad.twb,DATOS_ADMIN_SM,federated.0qiz8oi1sb3cd813zi06q01yhyh5,MODALIDAD_APERTURA_NIVEL_1,,string,,,,,,,,
4_2aNatalidad,DHBEvolucinTemporal,4.2a Natalidad.twb,DATOS_ADMIN_SM,federated.0qiz8oi1sb3cd813zi06q01yhyh5,APERTURA_NIVEL_2,,string,,,,,,,,
4_2aNatalidad,DHBEvolucinTemporal,4.2a Natalidad.twb,DATOS_ADMIN_SM,federated.0qiz8oi1sb3cd813zi06q01yhyh5,MODALIDAD_APERTURA_NIVEL_2,,string,,,,,,,,
4_2aNatalidad,DHBEvolucinTemporal,4.2a Natalidad.twb,DATOS_ADMIN_SM,federated.0qiz8oi1sb3cd813zi06q01yhyh5,VALOR,,string,,,,,,,,
4_2aNatalidad,DHBEvolucinTemporal,4.2a Natalidad.twb,DATOS_ADMIN_SM,federated.0qiz8oi1sb3cd813zi06q01yhyh5,VALOR_AUXILIAR,,string,,,,,,,,
4_2aNatalidad,DHBEvolucinTemporal,4.2a Natalidad.twb,DATOS_ADMIN_SM,federated.0qiz8oi1sb3cd813zi06q01yhyh5,GRUPO_INDICADOR_ID,,string,,,,,,,,
4_2aNatalidad,DHBEvolucinTemporal,4.2a Natalidad.twb,DATOS_ADMIN_SM,federated.0qiz8oi1sb3cd813zi06q01yhyh5,GRUPO_INDICADOR_CODIGO,,string,,,,,,,,
4_2aNatalidad,DHBEvolucinTemporal,4.2a Natalidad.twb,DATOS_ADMIN_SM,federated.0qiz8oi1sb3cd813zi06q01yhyh5,GRUPO_INDICADOR_NOMBRE,,string,,,,,,,,
4_2aNatalidad,DHBEvolucinTemporal,4.2a Natalidad.twb,DATOS_ADMIN_SM,federated.0qiz8oi1sb3cd813zi06q01yhyh5,GRUPO_INDICADOR_ORDEN,,string,,,,,,,,
4_2aNatalidad,DHBEvolucinTemporal,4.2a Natalidad.twb,DATOS_ADMIN_SM,federated.0qiz8oi1sb3cd813zi06q01yhyh5,GRUPO_INDICADOR_FUENTES,,string,,,,,,,,
4_2aNatalidad,DHBEvolucinTemporal,4.2a Natalidad.twb,DATOS_ADMIN_SM,federated.0qiz8oi1sb3cd813zi06q01yhyh5,GRUPO_INDICADOR_DEFINICION,,string,,,,,,,,
4_2aNatalidad,DHBEvolucinTemporal,4.2a Natalidad.twb,DATOS_ADMIN_SM,federated.0qiz8oi1sb3cd813zi06q01yhyh5,GRUPO_INDICADOR_DESC_METODOLOGICA,,string,,,,,,,,
4_2aNatalidad,DHBEvolucinTemporal,4.2a Natalidad.twb,DATOS_ADMIN_SM,federated.0qiz8oi1sb3cd813zi06q01yhyh5,INDICADOR_ID,,string,,,,,,,,
4_2aNatalidad,DHBEvolucinTemporal,4.2a Natalidad.twb,DATOS_ADMIN_SM,federated.0qiz8oi1sb3cd813zi06q01yhyh5,INDICADOR_CODIGO,,string,,,,,,,,
4_2aNatalidad,DHBEvolucinTemporal,4.2a Natalidad.twb,DATOS_ADMIN_SM,federated.0qiz8oi1sb3cd813zi06q01yhyh5,INDICADOR_NOMBRE,,string,,,,,,,,
4_2aNatalidad,DHBEvolucinTemporal,4.2a Natalidad.twb,DATOS_ADMIN_SM,federated.0qiz8oi1sb3cd813zi06q01yhyh5,INDICADOR_ORDEN,,string,,,,,,,,
4_2aNatalidad,DHBEvolucinTemporal,4.2a Natalidad.twb,DATOS_ADMIN_SM,federated.0qiz8oi1sb3cd813zi06q01yhyh5,INDICADOR_UNIDAD_MEDIDA_NOMBRE,,string,,,,,,,,
4_2aNatalidad,DHBEvolucinTemporal,4.2a Natalidad.twb,DATOS_ADMIN_SM,federated.0qiz8oi1sb3cd813zi06q01yhyh5,INDICADOR_UNIDAD_MEDIDA_CODIGO,,string,,,,,,,,
4_2aNatalidad,DHBEvolucinTemporal,4.2a Natalidad.twb,DATOS_ADMIN_SM,federated.0qiz8oi1sb3cd813zi06q01yhyh5,INDICADOR_UNIDAD_MEDIDA_DESCRIPCION,,string,,,,,,,,
4_2aNatalidad,DHBEvolucinTemporal,4.2a Natalidad.twb,DATOS_ADMIN_SM,federated.0qiz8oi1sb3cd813zi06q01yhyh5,INDICADOR_FORMULA,,string,,,,,,,,
4_2aNatalidad,DHBEvolucinTemporal,4.2a Natalidad.twb,DATOS_ADMIN_SM,federated.0qiz8oi1sb3cd813zi06q01yhyh5,INDICADOR_DEFINICION,,string,,,,,,,,
4_2aNatalidad,DHBEvolucinTemporal,4.2a Natalidad.twb,DATOS_ADMIN_SM,federated.0qiz8oi1sb3cd813zi06q01yhyh5,INDICADOR_DESC_METODOLOGICA,,string,,,,,,,,
4_2aNatalidad,DHBEvolucinTemporal,4.2a Natalidad.twb,DATOS_ADMIN_SM,federated.0qiz8oi1sb3cd813zi06q01yhyh5,INDICADOR_DE_SISTEMA,,string,,,,,,,,
4_2aNatalidad,DHBEvolucinTemporal,4.2a Natalidad.twb,DATOS_ADMIN_SM,federated.0qiz8oi1sb3cd813zi06q01yhyh5,TABLERO_ID,,string,,,,,,,,
4_2aNatalidad,DHBEvolucinTemporal,4.2a Natalidad.twb,DATOS_ADMIN_SM,federated.0qiz8oi1sb3cd813zi06q01yhyh5,TABLERO_NOMBRE,,string,,,,,,,,
4_2aNatalidad,DHBEvolucinTemporal,4.2a Natalidad.twb,DATOS_ADMIN_SM,federated.0qiz8oi1sb3cd813zi06q01yhyh5,TABLERO_DESCRIPCION,,string,,,,,,,,
4_2aNatalidad,DHBEvolucinTemporal,4.2a Natalidad.twb,DATOS_ADMIN_SM,federated.0qiz8oi1sb3cd813zi06q01yhyh5,TABLERO_DERECHOS_ASOCIADOS,,string,,,,,,,,
4_2aNatalidad,DHBEvolucinTemporal,4.2a Natalidad.twb,DATOS_ADMIN_SM,federated.0qiz8oi1sb3cd813zi06q01yhyh5,TABLERO_FECHA_ULT_CARGA_DATOS,,datetime,,,,,,,,
4_2aNatalidad,DHBEvolucinTemporal,4.2a Natalidad.twb,DATOS_ADMIN_SM,federated.0qiz8oi1sb3cd813zi06q01yhyh5,TABLERO_CONFIGURACION_ID,,string,,,,,,,,
4_2aNatalidad,DHBEvolucinTemporal,4.2a Natalidad.twb,DATOS_ADMIN_SM,federated.0qiz8oi1sb3cd813zi06q01yhyh5,TABLERO_DE_SISTEMA,,string,,,,,,,,
4_2aNatalidad,DHBEvolucinTemporal,4.2a Natalidad.twb,DATOS_ADMIN_SM,federated.0qiz8oi1sb3cd813zi06q01yhyh5,TEMA_ID,,string,,,,,,,,
4_2aNatalidad,DHBEvolucinTemporal,4.2a Natalidad.twb,DATOS_ADMIN_SM,federated.0qiz8oi1sb3cd813zi06q01yhyh5,TEMA_NOMBRE,,string,,,,,,,,
4_2aNatalidad,DHBEvolucinTemporal,4.2a Natalidad.twb,DATOS_ADMIN_SM,federated.0qiz8oi1sb3cd813zi06q01yhyh5,TEMA_DESCRIPCION,,string,,,,,,,,
4_2aNatalidad,DHBEvolucinTemporal,4.2a Natalidad.twb,DATOS_ADMIN_SM,federated.0qiz8oi1sb3cd813zi06q01yhyh5,TEMA_DE_SISTEMA,,string,,,,,,,,
4_2aNatalidad,DHBEvolucinTemporal,4.2a Natalidad.twb,DATOS_ADMIN_SM,federated.0qiz8oi1sb3cd813zi06q01yhyh5,gid,,integer,,,,,,,,
4_2aNatalidad,DHBEvolucinTemporal,4.2a Natalidad.twb,DATOS_ADMIN_SM,federated.0qiz8oi1sb3cd813zi06q01yhyh5,entidad,,integer,,,,,,,,
4_2aNatalidad,DHBEvolucinTemporal,4.2a Natalidad.twb,DATOS_ADMIN_SM,federated.0qiz8oi1sb3cd813zi06q01yhyh5,objeto,,string,,,,,,,,
4_2aNatalidad,DHBEvolucinTemporal,4.2a Natalidad.twb,DATOS_ADMIN_SM,federated.0qiz8oi1sb3cd813zi06q01yhyh5,fna,,string,,,,,,,,
4_2aNatalidad,DHBEvolucinTemporal,4.2a Natalidad.twb,DATOS_ADMIN_SM,federated.0qiz8oi1sb3cd813zi06q01yhyh5,gna,,string,,,,,,,,
4_2aNatalidad,DHBEvolucinTemporal,4.2a Natalidad.twb,DATOS_ADMIN_SM,federated.0qiz8oi1sb3cd813zi06q01yhyh5,nam,,string,,,,,,,,
4_2aNatalidad,DHBEvolucinTemporal,4.2a Natalidad.twb,DATOS_ADMIN_SM,federated.0qiz8oi1sb3cd813zi06q01yhyh5,in1,,string,,,,,,,,
4_2aNatalidad,DHBEvolucinTemporal,4.2a Natalidad.twb,DATOS_ADMIN_SM,federated.0qiz8oi1sb3cd813zi06q01yhyh5,fdc,,string,,,,,,,,
4_2aNatalidad,DHBEvolucinTemporal,4.2a Natalidad.twb,DATOS_ADMIN_SM,federated.0qiz8oi1sb3cd813zi06q01yhyh5,sag,,string,,,,,,,,
4_2aNatalidad,DHBEvolucinTemporal,4.2a Natalidad.twb,DATOS_ADMIN_SM,federated.0qiz8oi1sb3cd813zi06q01yhyh5,Geometry,,spatial,,,,,,,,
5_4aJusticiajuvenilAdolescentesyjvenes,DHBEvolucinTemporal,5.4a Justicia juvenil Adolescentes y j├│venes.twb,Parameters,Parameters,[Gráfico seleccionado (copia)_541839333440561152],p_grafico_cruces_relevantes,string,measure,nominal,,,,list,tableau,"""Barras y tabla"""
5_4aJusticiajuvenilAdolescentesyjvenes,DHBEvolucinTemporal,5.4a Justicia juvenil Adolescentes y j├│venes.twb,Parameters,Parameters,[Parametro gráfico (copia)_541839334149496838],p_seccion,string,measure,nominal,,,,list,tableau,"""Situación General"""
5_4aJusticiajuvenilAdolescentesyjvenes,DHBEvolucinTemporal,5.4a Justicia juvenil Adolescentes y j├│venes.twb,Parameters,Parameters,[Parámetro 1],p_grafico,string,measure,nominal,,,,list,tableau,"""Evolución temporal"""
5_4aJusticiajuvenilAdolescentesyjvenes,DHBEvolucinTemporal,5.4a Justicia juvenil Adolescentes y j├│venes.twb,Parameters,Parameters,[Parámetro 2],p_tablero,string,measure,nominal,,,,list,tableau,"""5.4a. Justicia juvenil. Adolescentes y jóvenes en dispositivos penales."""
5_4aJusticiajuvenilAdolescentesyjvenes,DHBEvolucinTemporal,5.4a Justicia juvenil Adolescentes y j├│venes.twb,Parameters,Parameters,[Parámetro 3],p_codigo_indicador,string,measure,nominal,,,,any,tableau,""""""
5_4aJusticiajuvenilAdolescentesyjvenes,DHBEvolucinTemporal,5.4a Justicia juvenil Adolescentes y j├│venes.twb,Parameters,Parameters,[p_grafico (copia)],p_mostrar_indicadores,boolean,measure,nominal,,,,list,tableau,false
5_4aJusticiajuvenilAdolescentesyjvenes,DHBEvolucinTemporal,5.4a Justicia juvenil Adolescentes y j├│venes.twb,Parameters,Parameters,[p_grafico_apertura_grupo (copia)_1886797147614048275],p_grafico_caracteristicas,string,measure,nominal,,,,list,tableau,"""Todos"""
5_4aJusticiajuvenilAdolescentesyjvenes,DHBEvolucinTemporal,5.4a Justicia juvenil Adolescentes y j├│venes.twb,Parameters,Parameters,[p_mostrar_indicadores (copy)_4723009404655562774],p_ver_graficos_caracteristicas,boolean,measure,nominal,,,,list,tableau,false
5_4aJusticiajuvenilAdolescentesyjvenes,DHBEvolucinTemporal,5.4a Justicia juvenil Adolescentes y j├│venes.twb,Parameters,Parameters,[p_ver_graficos_caracteristicas (copy)_54254335857623040],p_ver_graficos_cruces_relevantes,boolean,measure,nominal,,,,list,tableau,false
5_4aJusticiajuvenilAdolescentesyjvenes,DHBEvolucinTemporal,5.4a Justicia juvenil Adolescentes y j├│venes.twb,Parameters,Parameters,[p_ver_graficos_cruces_relevantes (copy)_54254335887020034],p_ver_graficos_dist_territorial,boolean,measure,nominal,,,,list,tableau,false
5_4aJusticiajuvenilAdolescentesyjvenes,DHBEvolucinTemporal,5.4a Justicia juvenil Adolescentes y j├│venes.twb,Parameters,Parameters,[p_ver_graficos_dist_territorial (copy)_54254335887122435],p_ver_graficos_evol_temporal,boolean,measure,nominal,,,,list,tableau,false
5_4aJusticiajuvenilAdolescentesyjvenes,DHBEvolucinTemporal,5.4a Justicia juvenil Adolescentes y j├│venes.twb,DATOS_ADMIN_SM,federated.0qiz8oi1sb3cd813zi06q01yhyh5,TEMA_ID,,string,,,,,,,,
5_4aJusticiajuvenilAdolescentesyjvenes,DHBEvolucinTemporal,5.4a Justicia juvenil Adolescentes y j├│venes.twb,DATOS_ADMIN_SM,federated.0qiz8oi1sb3cd813zi06q01yhyh5,TEMA_NOMBRE,,string,,,,,,,,
5_4aJusticiajuvenilAdolescentesyjvenes,DHBEvolucinTemporal,5.4a Justicia juvenil Adolescentes y j├│venes.twb,DATOS_ADMIN_SM,federated.0qiz8oi1sb3cd813zi06q01yhyh5,TABLERO_ID,,string,,,,,,,,
5_4aJusticiajuvenilAdolescentesyjvenes,DHBEvolucinTemporal,5.4a Justicia juvenil Adolescentes y j├│venes.twb,DATOS_ADMIN_SM,federated.0qiz8oi1sb3cd813zi06q01yhyh5,TABLERO_NOMBRE,,string,,,,,,,,
5_4aJusticiajuvenilAdolescentesyjvenes,DHBEvolucinTemporal,5.4a Justicia juvenil Adolescentes y j├│venes.twb,DATOS_ADMIN_SM,federated.0qiz8oi1sb3cd813zi06q01yhyh5,SECCION_ID,,string,,,,,,,,
5_4aJusticiajuvenilAdolescentesyjvenes,DHBEvolucinTemporal,5.4a Justicia juvenil Adolescentes y j├│venes.twb,DATOS_ADMIN_SM,federated.0qiz8oi1sb3cd813zi06q01yhyh5,SECCION_NOMBRE,,string,,,,,,,,
5_4aJusticiajuvenilAdolescentesyjvenes,DHBEvolucinTemporal,5.4a Justicia juvenil Adolescentes y j├│venes.twb,DATOS_ADMIN_SM,federated.0qiz8oi1sb3cd813zi06q01yhyh5,GRUPO_INDICADOR_ID,,string,,,,,,,,
5_4aJusticiajuvenilAdolescentesyjvenes,DHBEvolucinTemporal,5.4a Justicia juvenil Adolescentes y j├│venes.twb,DATOS_ADMIN_SM,federated.0qiz8oi1sb3cd813zi06q01yhyh5,GRUPO_INDICADOR_NOMBRE,,string,,,,,,,,
5_4aJusticiajuvenilAdolescentesyjvenes,DHBEvolucinTemporal,5.4a Justicia juvenil Adolescentes y j├│venes.twb,DATOS_ADMIN_SM,federated.0qiz8oi1sb3cd813zi06q01yhyh5,INDICADOR_ID,,string,,,,,,,,
5_4aJusticiajuvenilAdolescentesyjvenes,DHBEvolucinTemporal,5.4a Justicia juvenil Adolescentes y j├│venes.twb,DATOS_ADMIN_SM,federated.0qiz8oi1sb3cd813zi06q01yhyh5,INDICADOR_NOMBRE,,string,,,,,,,,
5_4aJusticiajuvenilAdolescentesyjvenes,DHBEvolucinTemporal,5.4a Justicia juvenil Adolescentes y j├│venes.twb,DATOS_ADMIN_SM,federated.0qiz8oi1sb3cd813zi06q01yhyh5,TIPO_DE_DATO,,string,,,,,,,,
5_4aJusticiajuvenilAdolescentesyjvenes,DHBEvolucinTemporal,5.4a Justicia juvenil Adolescentes y j├│venes.twb,DATOS_ADMIN_SM,federated.0qiz8oi1sb3cd813zi06q01yhyh5,ID_DATO_SM,,string,,,,,,,,
5_4aJusticiajuvenilAdolescentesyjvenes,DHBEvolucinTemporal,5.4a Justicia juvenil Adolescentes y j├│venes.twb,DATOS_ADMIN_SM,federated.0qiz8oi1sb3cd813zi06q01yhyh5,DATO_DE_SISTEMA,,string,,,,,,,,
5_4aJusticiajuvenilAdolescentesyjvenes,DHBEvolucinTemporal,5.4a Justicia juvenil Adolescentes y j├│venes.twb,DATOS_ADMIN_SM,federated.0qiz8oi1sb3cd813zi06q01yhyh5,ANIO,,string,,,,,,,,
5_4aJusticiajuvenilAdolescentesyjvenes,DHBEvolucinTemporal,5.4a Justicia juvenil Adolescentes y j├│venes.twb,DATOS_ADMIN_SM,federated.0qiz8oi1sb3cd813zi06q01yhyh5,MES,,string,,,,,,,,
5_4aJusticiajuvenilAdolescentesyjvenes,DHBEvolucinTemporal,5.4a Justicia juvenil Adolescentes y j├│venes.twb,DATOS_ADMIN_SM,federated.0qiz8oi1sb3cd813zi06q01yhyh5,UNIDAD_GEOGRAFICA_CODIGO,,string,,,,,,,,
5_4aJusticiajuvenilAdolescentesyjvenes,DHBEvolucinTemporal,5.4a Justicia juvenil Adolescentes y j├│venes.twb,DATOS_ADMIN_SM,federated.0qiz8oi1sb3cd813zi06q01yhyh5,UNIDAD_GEOGRAFICA_NOMBRE,,string,,,,,,,,
5_4aJusticiajuvenilAdolescentesyjvenes,DHBEvolucinTemporal,5.4a Justicia juvenil Adolescentes y j├│venes.twb,DATOS_ADMIN_SM,federated.0qiz8oi1sb3cd813zi06q01yhyh5,SUB_UNIDAD_GEOGRAFICA,,string,,,,,,,,
5_4aJusticiajuvenilAdolescentesyjvenes,DHBEvolucinTemporal,5.4a Justicia juvenil Adolescentes y j├│venes.twb,DATOS_ADMIN_SM,federated.0qiz8oi1sb3cd813zi06q01yhyh5,APERTURA_DESCRIPCION,,string,,,,,,,,
5_4aJusticiajuvenilAdolescentesyjvenes,DHBEvolucinTemporal,5.4a Justicia juvenil Adolescentes y j├│venes.twb,DATOS_ADMIN_SM,federated.0qiz8oi1sb3cd813zi06q01yhyh5,APERTURA_NIVEL_1,,string,,,,,,,,
5_4aJusticiajuvenilAdolescentesyjvenes,DHBEvolucinTemporal,5.4a Justicia juvenil Adolescentes y j├│venes.twb,DATOS_ADMIN_SM,federated.0qiz8oi1sb3cd813zi06q01yhyh5,MODALIDAD_APERTURA_NIVEL_1,,string,,,,,,,,
5_4aJusticiajuvenilAdolescentesyjvenes,DHBEvolucinTemporal,5.4a Justicia juvenil Adolescentes y j├│venes.twb,DATOS_ADMIN_SM,federated.0qiz8oi1sb3cd813zi06q01yhyh5,APERTURA_NIVEL_2,,string,,,,,,,,
5_4aJusticiajuvenilAdolescentesyjvenes,DHBEvolucinTemporal,5.4a Justicia juvenil Adolescentes y j├│venes.twb,DATOS_ADMIN_SM,federated.0qiz8oi1sb3cd813zi06q01yhyh5,MODALIDAD_APERTURA_NIVEL_2,,string,,,,,,,,
5_4aJusticiajuvenilAdolescentesyjvenes,DHBEvolucinTemporal,5.4a Justicia juvenil Adolescentes y j├│venes.twb,DATOS_ADMIN_SM,federated.0qiz8oi1sb3cd813zi06q01yhyh5,VALOR,,string,,,,,,,,
5_4aJusticiajuvenilAdolescentesyjvenes,DHBEvolucinTemporal,5.4a Justicia juvenil Adolescentes y j├│venes.twb,DATOS_ADMIN_SM,federated.0qiz8oi1sb3cd813zi06q01yhyh5,VALOR_AUXILIAR,,string,,,,,,,,
5_4aJusticiajuvenilAdolescentesyjvenes,DHBEvolucinTemporal,5.4a Justicia juvenil Adolescentes y j├│venes.twb,DATOS_ADMIN_SM,federated.0qiz8oi1sb3cd813zi06q01yhyh5,GRUPO_INDICADOR_ID,,string,,,,,,,,
5_4aJusticiajuvenilAdolescentesyjvenes,DHBEvolucinTemporal,5.4a Justicia juvenil Adolescentes y j├│venes.twb,DATOS_ADMIN_SM,federated.0qiz8oi1sb3cd813zi06q01yhyh5,GRUPO_INDICADOR_CODIGO,,string,,,,,,,,
5_4aJusticiajuvenilAdolescentesyjvenes,DHBEvolucinTemporal,5.4a Justicia juvenil Adolescentes y j├│venes.twb,DATOS_ADMIN_SM,federated.0qiz8oi1sb3cd813zi06q01yhyh5,GRUPO_INDICADOR_NOMBRE,,string,,,,,,,,
5_4aJusticiajuvenilAdolescentesyjvenes,DHBEvolucinTemporal,5.4a Justicia juvenil Adolescentes y j├│venes.twb,DATOS_ADMIN_SM,federated.0qiz8oi1sb3cd813zi06q01yhyh5,GRUPO_INDICADOR_ORDEN,,string,,,,,,,,
5_4aJusticiajuvenilAdolescentesyjvenes,DHBEvolucinTemporal,5.4a Justicia juvenil Adolescentes y j├│venes.twb,DATOS_ADMIN_SM,federated.0qiz8oi1sb3cd813zi06q01yhyh5,GRUPO_INDICADOR_FUENTES,,string,,,,,,,,
5_4aJusticiajuvenilAdolescentesyjvenes,DHBEvolucinTemporal,5.4a Justicia juvenil Adolescentes y j├│venes.twb,DATOS_ADMIN_SM,federated.0qiz8oi1sb3cd813zi06q01yhyh5,GRUPO_INDICADOR_DEFINICION,,string,,,,,,,,
5_4aJusticiajuvenilAdolescentesyjvenes,DHBEvolucinTemporal,5.4a Justicia juvenil Adolescentes y j├│venes.twb,DATOS_ADMIN_SM,federated.0qiz8oi1sb3cd813zi06q01yhyh5,GRUPO_INDICADOR_DESC_METODOLOGICA,,string,,,,,,,,
5_4aJusticiajuvenilAdolescentesyjvenes,DHBEvolucinTemporal,5.4a Justicia juvenil Adolescentes y j├│venes.twb,DATOS_ADMIN_SM,federated.0qiz8oi1sb3cd813zi06q01yhyh5,INDICADOR_ID,,string,,,,,,,,
5_4aJusticiajuvenilAdolescentesyjvenes,DHBEvolucinTemporal,5.4a Justicia juvenil Adolescentes y j├│venes.twb,DATOS_ADMIN_SM,federated.0qiz8oi1sb3cd813zi06q01yhyh5,INDICADOR_CODIGO,,string,,,,,,,,
5_4aJusticiajuvenilAdolescentesyjvenes,DHBEvolucinTemporal,5.4a Justicia juvenil Adolescentes y j├│venes.twb,DATOS_ADMIN_SM,federated.0qiz8oi1sb3cd813zi06q01yhyh5,INDICADOR_NOMBRE,,string,,,,,,,,
5_4aJusticiajuvenilAdolescentesyjvenes,DHBEvolucinTemporal,5.4a Justicia juvenil Adolescentes y j├│venes.twb,DATOS_ADMIN_SM,federated.0qiz8oi1sb3cd813zi06q01yhyh5,INDICADOR_ORDEN,,string,,,,,,,,
5_4aJusticiajuvenilAdolescentesyjvenes,DHBEvolucinTemporal,5.4a Justicia juvenil Adolescentes y j├│venes.twb,DATOS_ADMIN_SM,federated.0qiz8oi1sb3cd813zi06q01yhyh5,INDICADOR_UNIDAD_MEDIDA_NOMBRE,,string,,,,,,,,
5_4aJusticiajuvenilAdolescentesyjvenes,DHBEvolucinTemporal,5.4a Justicia juvenil Adolescentes y j├│venes.twb,DATOS_ADMIN_SM,federated.0qiz8oi1sb3cd813zi06q01yhyh5,INDICADOR_UNIDAD_MEDIDA_CODIGO,,string,,,,,,,,
5_4aJusticiajuvenilAdolescentesyjvenes,DHBEvolucinTemporal,5.4a Justicia juvenil Adolescentes y j├│venes.twb,DATOS_ADMIN_SM,federated.0qiz8oi1sb3cd813zi06q01yhyh5,INDICADOR_UNIDAD_MEDIDA_DESCRIPCION,,string,,,,,,,,
5_4aJusticiajuvenilAdolescentesyjvenes,DHBEvolucinTemporal,5.4a Justicia juvenil Adolescentes y j├│venes.twb,DATOS_ADMIN_SM,federated.0qiz8oi1sb3cd813zi06q01yhyh5,INDICADOR_FORMULA,,string,,,,,,,,
5_4aJusticiajuvenilAdolescentesyjvenes,DHBEvolucinTemporal,5.4a Justicia juvenil Adolescentes y j├│venes.twb,DATOS_ADMIN_SM,federated.0qiz8oi1sb3cd813zi06q01yhyh5,INDICADOR_DEFINICION,,string,,,,,,,,
5_4aJusticiajuvenilAdolescentesyjvenes,DHBEvolucinTemporal,5.4a Justicia juvenil Adolescentes y j├│venes.twb,DATOS_ADMIN_SM,federated.0qiz8oi1sb3cd813zi06q01yhyh5,INDICADOR_DESC_METODOLOGICA,,string,,,,,,,,
5_4aJusticiajuvenilAdolescentesyjvenes,DHBEvolucinTemporal,5.4a Justicia juvenil Adolescentes y j├│venes.twb,DATOS_ADMIN_SM,federated.0qiz8oi1sb3cd813zi06q01yhyh5,INDICADOR_DE_SISTEMA,,string,,,,,,,,
5_4aJusticiajuvenilAdolescentesyjvenes,DHBEvolucinTemporal,5.4a Justicia juvenil Adolescentes y j├│venes.twb,DATOS_ADMIN_SM,federated.0qiz8oi1sb3cd813zi06q01yhyh5,TABLERO_ID,,string,,,,,,,,
5_4aJusticiajuvenilAdolescentesyjvenes,DHBEvolucinTemporal,5.4a Justicia juvenil Adolescentes y j├│venes.twb,DATOS_ADMIN_SM,federated.0qiz8oi1sb3cd813zi06q01yhyh5,TABLERO_NOMBRE,,string,,,,,,,,
5_4aJusticiajuvenilAdolescentesyjvenes,DHBEvolucinTemporal,5.4a Justicia juvenil Adolescentes y j├│venes.twb,DATOS_ADMIN_SM,federated.0qiz8oi1sb3cd813zi06q01yhyh5,TABLERO_DESCRIPCION,,string,,,,,,,,
5_4aJusticiajuvenilAdolescentesyjvenes,DHBEvolucinTemporal,5.4a Justicia juvenil Adolescentes y j├│venes.twb,DATOS_ADMIN_SM,federated.0qiz8oi1sb3cd813zi06q01yhyh5,TABLERO_DERECHOS_ASOCIADOS,,string,,,,,,,,
5_4aJusticiajuvenilAdolescentesyjvenes,DHBEvolucinTemporal,5.4a Justicia juvenil Adolescentes y j├│venes.twb,DATOS_ADMIN_SM,federated.0qiz8oi1sb3cd813zi06q01yhyh5,TABLERO_FECHA_ULT_CARGA_DATOS,,datetime,,,,,,,,
5_4aJusticiajuvenilAdolescentesyjvenes,DHBEvolucinTemporal,5.4a Justicia juvenil Adolescentes y j├│venes.twb,DATOS_ADMIN_SM,federated.0qiz8oi1sb3cd813zi06q01yhyh5,TABLERO_CONFIGURACION_ID,,string,,,,,,,,
5_4aJusticiajuvenilAdolescentesyjvenes,DHBEvolucinTemporal,5.4a Justicia juvenil Adolescentes y j├│venes.twb,DATOS_ADMIN_SM,federated.0qiz8oi1sb3cd813zi06q01yhyh5,TABLERO_DE_SISTEMA,,string,,,,,,,,
5_4aJusticiajuvenilAdolescentesyjvenes,DHBEvolucinTemporal,5.4a Justicia juvenil Adolescentes y j├│venes.twb,DATOS_ADMIN_SM,federated.0qiz8oi1sb3cd813zi06q01yhyh5,CONFIGURACION_ID,,integer,,,,,,,,
5_4aJusticiajuvenilAdolescentesyjvenes,DHBEvolucinTemporal,5.4a Justicia juvenil Adolescentes y j├│venes.twb,DATOS_ADMIN_SM,federated.0qiz8oi1sb3cd813zi06q01yhyh5,CONFIGURACION_URL_SM,,string,,,,,,,,
5_4aJusticiajuvenilAdolescentesyjvenes,DHBEvolucinTemporal,5.4a Justicia juvenil Adolescentes y j├│venes.twb,DATOS_ADMIN_SM,federated.0qiz8oi1sb3cd813zi06q01yhyh5,CONFIG_URL_ADMIN_SM,,string,,,,,,,,
5_4aJusticiajuvenilAdolescentesyjvenes,DHBEvolucinTemporal,5.4a Justicia juvenil Adolescentes y j├│venes.twb,DATOS_ADMIN_SM,federated.0qiz8oi1sb3cd813zi06q01yhyh5,CONFIGURACION_URL_DEFENSORIA,,string,,,,,,,,
5_4aJusticiajuvenilAdolescentesyjvenes,DHBEvolucinTemporal,5.4a Justicia juvenil Adolescentes y j├│venes.twb,DATOS_ADMIN_SM,federated.0qiz8oi1sb3cd813zi06q01yhyh5,CONFIGURACION_DESCRIPCION,,string,,,,,,,,
5_4aJusticiajuvenilAdolescentesyjvenes,DHBEvolucinTemporal,5.4a Justicia juvenil Adolescentes y j├│venes.twb,DATOS_ADMIN_SM,federated.0qiz8oi1sb3cd813zi06q01yhyh5,CONFIGURACION_URL_FICHA_INDICADOR,,string,,,,,,,,
5_4aJusticiajuvenilAdolescentesyjvenes,DHBEvolucinTemporal,5.4a Justicia juvenil Adolescentes y j├│venes.twb,DATOS_ADMIN_SM,federated.0qiz8oi1sb3cd813zi06q01yhyh5,CONFIGURACION_URL_FICHA_TABLERO,,string,,,,,,,,
5_4aJusticiajuvenilAdolescentesyjvenes,DHBEvolucinTemporal,5.4a Justicia juvenil Adolescentes y j├│venes.twb,DATOS_ADMIN_SM,federated.0qiz8oi1sb3cd813zi06q01yhyh5,CONFIGURACION_URL_DOC_TECNICO_TABLERO,,string,,,,,,,,
5_4aJusticiajuvenilAdolescentesyjvenes,DHBEvolucinTemporal,5.4a Justicia juvenil Adolescentes y j├│venes.twb,DATOS_ADMIN_SM,federated.0qiz8oi1sb3cd813zi06q01yhyh5,CONFIGURACION_URL_REPORTE_TABLERO,,string,,,,,,,,
5_4aJusticiajuvenilAdolescentesyjvenes,DHBEvolucinTemporal,5.4a Justicia juvenil Adolescentes y j├│venes.twb,DATOS_ADMIN_SM,federated.0qiz8oi1sb3cd813zi06q01yhyh5,CONFIGURACION_EMAIL_CONTACTO,,string,,,,,,,,
5_4aJusticiajuvenilAdolescentesyjvenes,DHBEvolucinTemporal,5.4a Justicia juvenil Adolescentes y j├│venes.twb,DATOS_ADMIN_SM,federated.0qiz8oi1sb3cd813zi06q01yhyh5,CONFIGURACION_URL_DOC_METODOLOGICO,,string,,,,,,,,
5_4aJusticiajuvenilAdolescentesyjvenes,DHBEvolucinTemporal,5.4a Justicia juvenil Adolescentes y j├│venes.twb,DATOS_ADMIN_SM,federated.0qiz8oi1sb3cd813zi06q01yhyh5,CONFIGURACION_URL_INSTRUCTIVO_NAV,,string,,,,,,,,
5_4aJusticiajuvenilAdolescentesyjvenes,DHBEvolucinTemporal,5.4a Justicia juvenil Adolescentes y j├│venes.twb,DATOS_ADMIN_SM,federated.0qiz8oi1sb3cd813zi06q01yhyh5,TEMA_ID,,string,,,,,,,,
5_4aJusticiajuvenilAdolescentesyjvenes,DHBEvolucinTemporal,5.4a Justicia juvenil Adolescentes y j├│venes.twb,DATOS_ADMIN_SM,federated.0qiz8oi1sb3cd813zi06q01yhyh5,TEMA_NOMBRE,,string,,,,,,,,
5_4aJusticiajuvenilAdolescentesyjvenes,DHBEvolucinTemporal,5.4a Justicia juvenil Adolescentes y j├│venes.twb,DATOS_ADMIN_SM,federated.0qiz8oi1sb3cd813zi06q01yhyh5,TEMA_DESCRIPCION,,string,,,,,,,,
5_4aJusticiajuvenilAdolescentesyjvenes,DHBEvolucinTemporal,5.4a Justicia juvenil Adolescentes y j├│venes.twb,DATOS_ADMIN_SM,federated.0qiz8oi1sb3cd813zi06q01yhyh5,TEMA_DE_SISTEMA,,string,,,,,,,,
5_4aJusticiajuvenilAdolescentesyjvenes,DHBEvolucinTemporal,5.4a Justicia juvenil Adolescentes y j├│venes.twb,DATOS_ADMIN_SM,federated.0qiz8oi1sb3cd813zi06q01yhyh5,gid,,integer,,,,,,,,
5_4aJusticiajuvenilAdolescentesyjvenes,DHBEvolucinTemporal,5.4a Justicia juvenil Adolescentes y j├│venes.twb,DATOS_ADMIN_SM,federated.0qiz8oi1sb3cd813zi06q01yhyh5,entidad,,integer,,,,,,,,
5_4aJusticiajuvenilAdolescentesyjvenes,DHBEvolucinTemporal,5.4a Justicia juvenil Adolescentes y j├│venes.twb,DATOS_ADMIN_SM,federated.0qiz8oi1sb3cd813zi06q01yhyh5,objeto,,string,,,,,,,,
5_4aJusticiajuvenilAdolescentesyjvenes,DHBEvolucinTemporal,5.4a Justicia juvenil Adolescentes y j├│venes.twb,DATOS_ADMIN_SM,federated.0qiz8oi1sb3cd813zi06q01yhyh5,fna,,string,,,,,,,,
5_4aJusticiajuvenilAdolescentesyjvenes,DHBEvolucinTemporal,5.4a Justicia juvenil Adolescentes y j├│venes.twb,DATOS_ADMIN_SM,federated.0qiz8oi1sb3cd813zi06q01yhyh5,gna,,string,,,,,,,,
5_4aJusticiajuvenilAdolescentesyjvenes,DHBEvolucinTemporal,5.4a Justicia juvenil Adolescentes y j├│venes.twb,DATOS_ADMIN_SM,federated.0qiz8oi1sb3cd813zi06q01yhyh5,nam,,string,,,,,,,,
5_4aJusticiajuvenilAdolescentesyjvenes,DHBEvolucinTemporal,5.4a Justicia juvenil Adolescentes y j├│venes.twb,DATOS_ADMIN_SM,federated.0qiz8oi1sb3cd813zi06q01yhyh5,in1,,string,,,,,,,,
5_4aJusticiajuvenilAdolescentesyjvenes,DHBEvolucinTemporal,5.4a Justicia juvenil Adolescentes y j├│venes.twb,DATOS_ADMIN_SM,federated.0qiz8oi1sb3cd813zi06q01yhyh5,fdc,,string,,,,,,,,
5_4aJusticiajuvenilAdolescentesyjvenes,DHBEvolucinTemporal,5.4a Justicia juvenil Adolescentes y j├│venes.twb,DATOS_ADMIN_SM,federated.0qiz8oi1sb3cd813zi06q01yhyh5,sag,,string,,,,,,,,
5_4aJusticiajuvenilAdolescentesyjvenes,DHBEvolucinTemporal,5.4a Justicia juvenil Adolescentes y j├│venes.twb,DATOS_ADMIN_SM,federated.0qiz8oi1sb3cd813zi06q01yhyh5,Geometry,,spatial,,,,,,,,
5_4aJusticiajuvenilAdolescentesyjvenes,DHBEvolucinTemporal,5.4a Justicia juvenil Adolescentes y j├│venes.twb,DATOS_ADMIN_SM,federated.0qiz8oi1sb3cd813zi06q01yhyh5,[ANIO],DATO_ANIO,integer,dimension,ordinal,,,,,,
5_4aJusticiajuvenilAdolescentesyjvenes,DHBEvolucinTemporal,5.4a Justicia juvenil Adolescentes y j├│venes.twb,DATOS_ADMIN_SM,federated.0qiz8oi1sb3cd813zi06q01yhyh5,[APERTURA_DESCRIPCION],DATO_APERTURA_DESCRIPCION,string,dimension,nominal,,,,,,
5_4aJusticiajuvenilAdolescentesyjvenes,DHBEvolucinTemporal,5.4a Justicia juvenil Adolescentes y j├│venes.twb,DATOS_ADMIN_SM,federated.0qiz8oi1sb3cd813zi06q01yhyh5,[APERTURA_NIVEL_1],DATO_APERTURA_NIVEL_1,string,dimension,nominal,,,,,,
5_4aJusticiajuvenilAdolescentesyjvenes,DHBEvolucinTemporal,5.4a Justicia juvenil Adolescentes y j├│venes.twb,DATOS_ADMIN_SM,federated.0qiz8oi1sb3cd813zi06q01yhyh5,[APERTURA_NIVEL_2],DATO_APERTURA_NIVEL_2,string,dimension,nominal,,,,,,
5_4aJusticiajuvenilAdolescentesyjvenes,DHBEvolucinTemporal,5.4a Justicia juvenil Adolescentes y j├│venes.twb,DATOS_ADMIN_SM,federated.0qiz8oi1sb3cd813zi06q01yhyh5,[BTN Desagregaciones (copia)_4382283918220808192],BTN Aperturas y Grupos,string,dimension,nominal,,,,,tableau,"""Cruces relevantes"""
5_4aJusticiajuvenilAdolescentesyjvenes,DHBEvolucinTemporal,5.4a Justicia juvenil Adolescentes y j├│venes.twb,DATOS_ADMIN_SM,federated.0qiz8oi1sb3cd813zi06q01yhyh5,[BTN Desagregaciones (copia)_6996412392490516487],BTN Mapa,string,dimension,nominal,,,,,tableau,"""Distribución territorial"""
5_4aJusticiajuvenilAdolescentesyjvenes,DHBEvolucinTemporal,5.4a Justicia juvenil Adolescentes y j├│venes.twb,DATOS_ADMIN_SM,federated.0qiz8oi1sb3cd813zi06q01yhyh5,[BTN Desagregaciones Seleccionado (copia)_4382283918220914689],BTN Aperturas y Grupos Seleccionado,string,dimension,nominal,,,,,tableau,"if ([Parameters].[Parámetro 1] = [BTN Desagregaciones (copia)_4382283918220808192] and [Parameters].[Parametro gráfico (copia)_541839334149496838] = [BTN Serie Temporal (copia)_541839334174613511]) then ""Gráfico Seleccionado SG"" 
elseif ([Parameters].[Parámetro 1] = [BTN Desagregaciones (copia)_4382283918220808192] and [Parameters].[Parametro gráfico (copia)_541839334149496838] = [BTN Sección General (copia)_541839334174765064]) then ""Gráfico Seleccionado SPP"" 
elseif ([Parameters].[Parámetro 1] <> [BTN Desagregaciones (copia)_4382283918220808192] and [Parameters].[Parametro gráfico (copia)_541839334149496838] = [BTN Serie Temporal (copia)_541839334174613511]) then ""Gráfico NO Seleccionado SG"" 
elseif ([Parameters].[Parámetro 1] <> [BTN Desagregaciones (copia)_4382283918220808192] and [Parameters].[Parametro gráfico (copia)_541839334149496838] = [BTN Sección General (copia)_541839334174765064]) then ""Gráfico NO Seleccionado SPP"" end"
5_4aJusticiajuvenilAdolescentesyjvenes,DHBEvolucinTemporal,5.4a Justicia juvenil Adolescentes y j├│venes.twb,DATOS_ADMIN_SM,federated.0qiz8oi1sb3cd813zi06q01yhyh5,[BTN Desagregaciones Seleccionado (copia)_541839333608861701],BTN Mapa Seleccionado,string,dimension,nominal,,,,,tableau,"if ([Parameters].[Parámetro 1] = [BTN Desagregaciones (copia)_6996412392490516487] and [Parameters].[Parametro gráfico (copia)_541839334149496838] = [BTN Serie Temporal (copia)_541839334174613511]) then ""Gráfico Seleccionado SG"" 
elseif ([Parameters].[Parámetro 1] = [BTN Desagregaciones (copia)_6996412392490516487] and [Parameters].[Parametro gráfico (copia)_541839334149496838] = [BTN Sección General (copia)_541839334174765064]) then ""Gráfico Seleccionado SPP"" 
elseif ([Parameters].[Parámetro 1] <> [BTN Desagregaciones (copia)_6996412392490516487] and [Parameters].[Parametro gráfico (copia)_541839334149496838] = [BTN Serie Temporal (copia)_541839334174613511]) then ""Gráfico NO Seleccionado SG"" 
elseif ([Parameters].[Parámetro 1] <> [BTN Desagregaciones (copia)_6996412392490516487] and [Parameters].[Parametro gráfico (copia)_541839334149496838] = [BTN Sección General (copia)_541839334174765064]) then ""Gráfico NO Seleccionado SPP"" end"
5_4aJusticiajuvenilAdolescentesyjvenes,DHBEvolucinTemporal,5.4a Justicia juvenil Adolescentes y j├│venes.twb,DATOS_ADMIN_SM,federated.0qiz8oi1sb3cd813zi06q01yhyh5,[BTN Distribuciones (copia)_5425289489660149780],BTN Indicadores,string,dimension,nominal,,,,,tableau,"""Mapa de Indicadores"""
5_4aJusticiajuvenilAdolescentesyjvenes,DHBEvolucinTemporal,5.4a Justicia juvenil Adolescentes y j├│venes.twb,DATOS_ADMIN_SM,federated.0qiz8oi1sb3cd813zi06q01yhyh5,[BTN Distribuciones (copy)_4723009404404842516],BTN Limpiar filtros,string,dimension,nominal,,,,,tableau,"""Limpiar filtros"""
5_4aJusticiajuvenilAdolescentesyjvenes,DHBEvolucinTemporal,5.4a Justicia juvenil Adolescentes y j├│venes.twb,DATOS_ADMIN_SM,federated.0qiz8oi1sb3cd813zi06q01yhyh5,[BTN Limpiar filtros (copy)_4723009404657545239],BTN Mostrar Graficos,string,dimension,nominal,,,,,tableau,"""Mostrar gráficos"""
5_4aJusticiajuvenilAdolescentesyjvenes,DHBEvolucinTemporal,5.4a Justicia juvenil Adolescentes y j├│venes.twb,DATOS_ADMIN_SM,federated.0qiz8oi1sb3cd813zi06q01yhyh5,[BTN Mapa (copia)_1886797147608317969],BTN Distribuciones,string,dimension,nominal,,,,,tableau,"""Características"""
5_4aJusticiajuvenilAdolescentesyjvenes,DHBEvolucinTemporal,5.4a Justicia juvenil Adolescentes y j├│venes.twb,DATOS_ADMIN_SM,federated.0qiz8oi1sb3cd813zi06q01yhyh5,[BTN Mapa Seleccionado (copia)_1886797147608416274],BTN Distribuciones Seleccionado,string,dimension,nominal,,,,,tableau,"if ([Parameters].[Parámetro 1] = [BTN Mapa (copia)_1886797147608317969] and [Parameters].[Parametro gráfico (copia)_541839334149496838] = [BTN Serie Temporal (copia)_541839334174613511]) then ""Gráfico Seleccionado SG"" 
elseif ([Parameters].[Parámetro 1] = [BTN Mapa (copia)_1886797147608317969] and [Parameters].[Parametro gráfico (copia)_541839334149496838] = [BTN Sección General (copia)_541839334174765064]) then ""Gráfico Seleccionado SPP"" 
elseif ([Parameters].[Parámetro 1] <> [BTN Mapa (copia)_1886797147608317969] and [Parameters].[Parametro gráfico (copia)_541839334149496838] = [BTN Serie Temporal (copia)_541839334174613511]) then ""Gráfico NO Seleccionado SG"" 
elseif ([Parameters].[Parámetro 1] <> [BTN Mapa (copia)_1886797147608317969] and [Parameters].[Parametro gráfico (copia)_541839334149496838] = [BTN Sección General (copia)_541839334174765064]) then ""Gráfico NO Seleccionado SPP"" end"
5_4aJusticiajuvenilAdolescentesyjvenes,DHBEvolucinTemporal,5.4a Justicia juvenil Adolescentes y j├│venes.twb,DATOS_ADMIN_SM,federated.0qiz8oi1sb3cd813zi06q01yhyh5,[BTN Mostrar Gráficos Caracteristicas (copy)_54254335857942529],BTN Mostrar Gráficos Cruces Relevantes,boolean,dimension,nominal,,,,,tableau,[Parameters].[p_ver_graficos_caracteristicas (copy)_54254335857623040]
5_4aJusticiajuvenilAdolescentesyjvenes,DHBEvolucinTemporal,5.4a Justicia juvenil Adolescentes y j├│venes.twb,DATOS_ADMIN_SM,federated.0qiz8oi1sb3cd813zi06q01yhyh5,[BTN Mostrar Gráficos Cruces Relevantes (copy) (copy)_54254335887220741],BTN Mostrar Gráficos Distribución Territorial,boolean,dimension,nominal,,,,,tableau,[Parameters].[p_ver_graficos_cruces_relevantes (copy)_54254335887020034]
5_4aJusticiajuvenilAdolescentesyjvenes,DHBEvolucinTemporal,5.4a Justicia juvenil Adolescentes y j├│venes.twb,DATOS_ADMIN_SM,federated.0qiz8oi1sb3cd813zi06q01yhyh5,[BTN Mostrar Gráficos Cruces Relevantes (copy)_54254335887208452],BTN Mostrar Gráficos Evolución Temporal,boolean,dimension,nominal,,,,,tableau,[Parameters].[p_ver_graficos_dist_territorial (copy)_54254335887122435]
5_4aJusticiajuvenilAdolescentesyjvenes,DHBEvolucinTemporal,5.4a Justicia juvenil Adolescentes y j├│venes.twb,DATOS_ADMIN_SM,federated.0qiz8oi1sb3cd813zi06q01yhyh5,[BTN Sección General (copia)_541839334174765064],BTN Seguimiento Políticas Públicas,string,dimension,nominal,,,,,tableau,"""Seguimiento Políticas Públicas"""
5_4aJusticiajuvenilAdolescentesyjvenes,DHBEvolucinTemporal,5.4a Justicia juvenil Adolescentes y j├│venes.twb,DATOS_ADMIN_SM,federated.0qiz8oi1sb3cd813zi06q01yhyh5,[BTN Serie Temporal (copia)_541839334174613511],BTN Situacion General,string,dimension,nominal,,,,,tableau,"""Situación General"""
5_4aJusticiajuvenilAdolescentesyjvenes,DHBEvolucinTemporal,5.4a Justicia juvenil Adolescentes y j├│venes.twb,DATOS_ADMIN_SM,federated.0qiz8oi1sb3cd813zi06q01yhyh5,[CONFIG_URL_ADMIN_SM],CONFIGURACION_URL_ADMIN_SM,string,dimension,nominal,,,,,,
5_4aJusticiajuvenilAdolescentesyjvenes,DHBEvolucinTemporal,5.4a Justicia juvenil Adolescentes y j├│venes.twb,DATOS_ADMIN_SM,federated.0qiz8oi1sb3cd813zi06q01yhyh5,[Calculation_1238982533747298314],TEMA_NOMBRE_Y_DESCRIPCION,string,dimension,nominal,,,,,tableau,"[TEMA_NOMBRE (Temas)] + ""

"" + [TEMA_DESCRIPCION]"
5_4aJusticiajuvenilAdolescentesyjvenes,DHBEvolucinTemporal,5.4a Justicia juvenil Adolescentes y j├│venes.twb,DATOS_ADMIN_SM,federated.0qiz8oi1sb3cd813zi06q01yhyh5,[Calculation_2193182697378516996],INDICADOR_DESC_METODOLOGICA_TEXTO,string,dimension,nominal,,,,,tableau,"IF (ISNULL([INDICADOR_DESC_METODOLOGICA]) OR [INDICADOR_DESC_METODOLOGICA] = """") 
THEN ""Sin información""
ELSE [INDICADOR_DESC_METODOLOGICA]
END"
5_4aJusticiajuvenilAdolescentesyjvenes,DHBEvolucinTemporal,5.4a Justicia juvenil Adolescentes y j├│venes.twb,DATOS_ADMIN_SM,federated.0qiz8oi1sb3cd813zi06q01yhyh5,[Calculation_2193182698903973920],ZERO,integer,measure,quantitative,,,,,tableau,0
5_4aJusticiajuvenilAdolescentesyjvenes,DHBEvolucinTemporal,5.4a Justicia juvenil Adolescentes y j├│venes.twb,DATOS_ADMIN_SM,federated.0qiz8oi1sb3cd813zi06q01yhyh5,[Calculation_222646740993855490],FALSE,boolean,dimension,nominal,,,,,tableau,FALSE
5_4aJusticiajuvenilAdolescentesyjvenes,DHBEvolucinTemporal,5.4a Justicia juvenil Adolescentes y j├│venes.twb,DATOS_ADMIN_SM,federated.0qiz8oi1sb3cd813zi06q01yhyh5,[Calculation_27725337092042752],GRUPO_INDICADOR_URL_FICHA,string,dimension,nominal,,,,,tableau,[CONFIG_URL_ADMIN_SM] + [CONFIGURACION_URL_FICHA_INDICADOR] + [GRUPO_INDICADOR_CODIGO]
5_4aJusticiajuvenilAdolescentesyjvenes,DHBEvolucinTemporal,5.4a Justicia juvenil Adolescentes y j├│venes.twb,DATOS_ADMIN_SM,federated.0qiz8oi1sb3cd813zi06q01yhyh5,[Calculation_27725337465761794],TABLERO_URL_FICHA ,string,dimension,nominal,,,,,tableau,[CONFIG_URL_ADMIN_SM] + [CONFIGURACION_URL_FICHA_TABLERO] + STR([TABLERO_ID (Tableros)])
5_4aJusticiajuvenilAdolescentesyjvenes,DHBEvolucinTemporal,5.4a Justicia juvenil Adolescentes y j├│venes.twb,DATOS_ADMIN_SM,federated.0qiz8oi1sb3cd813zi06q01yhyh5,[Calculation_334673809460510727],URL_DOC_METODOLOGICO,string,dimension,nominal,,,,,tableau,[CONFIG_URL_ADMIN_SM] + [CONFIGURACION_URL_DOC_METODOLOGICO]
5_4aJusticiajuvenilAdolescentesyjvenes,DHBEvolucinTemporal,5.4a Justicia juvenil Adolescentes y j├│venes.twb,DATOS_ADMIN_SM,federated.0qiz8oi1sb3cd813zi06q01yhyh5,[Calculation_334673811823804420],DATOS_TABLERO,boolean,dimension,nominal,,,,,tableau,[TABLERO_NOMBRE (Tableros)] = [Parameters].[Parámetro 2] OR LOWER([TABLERO_DE_SISTEMA]) = 'true'
5_4aJusticiajuvenilAdolescentesyjvenes,DHBEvolucinTemporal,5.4a Justicia juvenil Adolescentes y j├│venes.twb,DATOS_ADMIN_SM,federated.0qiz8oi1sb3cd813zi06q01yhyh5,[Calculation_334673811825987589],Visualizar Gráfico,boolean,dimension,nominal,,,,,tableau,LOWER([INDICADOR_DE_SISTEMA]) = 'false'
5_4aJusticiajuvenilAdolescentesyjvenes,DHBEvolucinTemporal,5.4a Justicia juvenil Adolescentes y j├│venes.twb,DATOS_ADMIN_SM,federated.0qiz8oi1sb3cd813zi06q01yhyh5,[Calculation_4723009391632846848],DATO_SUBUNIDAD_GEOGRAFICA_NOMBRE,string,dimension,nominal,,,,,tableau,if (ISNULL([SUB_UNIDAD_GEOGRAFICA])) THEN '' ELSE [SUB_UNIDAD_GEOGRAFICA] END
5_4aJusticiajuvenilAdolescentesyjvenes,DHBEvolucinTemporal,5.4a Justicia juvenil Adolescentes y j├│venes.twb,DATOS_ADMIN_SM,federated.0qiz8oi1sb3cd813zi06q01yhyh5,[Calculation_4723009401879752705],DATO_FECHA,date,dimension,ordinal,,,,,tableau,"DATE(
STR([ANIO]) + '-' +  
IF     ([MES] == 'T1') THEN '01'
ELSEIF ([MES] == 'T2') THEN '04'
ELSEIF ([MES] == 'T3') THEN '07'
ELSEIF ([MES] == 'T4') THEN '10'
ELSEIF ([MES] == 'S1') THEN '01'
ELSEIF ([MES] == 'S2') THEN '07'
ELSEIF (ISNULL([MES])) THEN '01'
ELSE   [MES]
END
+ '-01')"
5_4aJusticiajuvenilAdolescentesyjvenes,DHBEvolucinTemporal,5.4a Justicia juvenil Adolescentes y j├│venes.twb,DATOS_ADMIN_SM,federated.0qiz8oi1sb3cd813zi06q01yhyh5,[Calculation_4723009401891954690],DATO_FECHA_NOMBRE,string,dimension,nominal,,,,,tableau,[MES]
5_4aJusticiajuvenilAdolescentesyjvenes,DHBEvolucinTemporal,5.4a Justicia juvenil Adolescentes y j├│venes.twb,DATOS_ADMIN_SM,federated.0qiz8oi1sb3cd813zi06q01yhyh5,[Calculation_4723009401903345667],DATO_ANIO_MES,string,dimension,nominal,,,,,tableau,STR([ANIO]) + (IF (ISNULL([MES])) THEN '' ELSE [MES] END)
5_4aJusticiajuvenilAdolescentesyjvenes,DHBEvolucinTemporal,5.4a Justicia juvenil Adolescentes y j├│venes.twb,DATOS_ADMIN_SM,federated.0qiz8oi1sb3cd813zi06q01yhyh5,[Calculation_4723009402220560388],DATO_PERIODO_STR,string,dimension,nominal,,,,,tableau,"STR([ANIO]) + 
IF   ([DATO_PERIODO_STR (copy)_4723009402227015685] == '') THEN ''
ELSE ' - ' + [DATO_PERIODO_STR (copy)_4723009402227015685]
END"
5_4aJusticiajuvenilAdolescentesyjvenes,DHBEvolucinTemporal,5.4a Justicia juvenil Adolescentes y j├│venes.twb,DATOS_ADMIN_SM,federated.0qiz8oi1sb3cd813zi06q01yhyh5,[Calculation_4723009402249244679],DATO_APERTURA_DESCRIPCION_COUNTD,integer,measure,quantitative,,,,,tableau,COUNTD([APERTURA_DESCRIPCION])
5_4aJusticiajuvenilAdolescentesyjvenes,DHBEvolucinTemporal,5.4a Justicia juvenil Adolescentes y j├│venes.twb,DATOS_ADMIN_SM,federated.0qiz8oi1sb3cd813zi06q01yhyh5,[Calculation_4723009402249773064],DATO_APERTURA_NIVEL_1_C,integer,measure,quantitative,,,,,tableau,WINDOW_COUNT(COUNTD([APERTURA_NIVEL_1]))
5_4aJusticiajuvenilAdolescentesyjvenes,DHBEvolucinTemporal,5.4a Justicia juvenil Adolescentes y j├│venes.twb,DATOS_ADMIN_SM,federated.0qiz8oi1sb3cd813zi06q01yhyh5,[Calculation_4723009402545549324],SELECCIONE,string,dimension,nominal,,,,,tableau,'Seleccione'
5_4aJusticiajuvenilAdolescentesyjvenes,DHBEvolucinTemporal,5.4a Justicia juvenil Adolescentes y j├│venes.twb,DATOS_ADMIN_SM,federated.0qiz8oi1sb3cd813zi06q01yhyh5,[Calculation_4723009404707536931],NULL,string,dimension,nominal,,,,,tableau,STR(NULL)
5_4aJusticiajuvenilAdolescentesyjvenes,DHBEvolucinTemporal,5.4a Justicia juvenil Adolescentes y j├│venes.twb,DATOS_ADMIN_SM,federated.0qiz8oi1sb3cd813zi06q01yhyh5,[Calculation_541839333604462595],BTN Serie Temporal Seleccionado,string,dimension,nominal,,,,,tableau,"if ([Parameters].[Parámetro 1] = [Calculation_6996412392490344453] and [Parameters].[Parametro gráfico (copia)_541839334149496838] = [BTN Serie Temporal (copia)_541839334174613511]) then ""Gráfico Seleccionado SG"" 
elseif ([Parameters].[Parámetro 1] = [Calculation_6996412392490344453] and [Parameters].[Parametro gráfico (copia)_541839334149496838] = [BTN Sección General (copia)_541839334174765064]) then ""Gráfico Seleccionado SPP"" 
elseif ([Parameters].[Parámetro 1] <> [Calculation_6996412392490344453] and [Parameters].[Parametro gráfico (copia)_541839334149496838] = [BTN Serie Temporal (copia)_541839334174613511]) then ""Gráfico NO Seleccionado SG"" 
elseif ([Parameters].[Parámetro 1] <> [Calculation_6996412392490344453] and [Parameters].[Parametro gráfico (copia)_541839334149496838] = [BTN Sección General (copia)_541839334174765064]) then ""Gráfico NO Seleccionado SPP"" end"
5_4aJusticiajuvenilAdolescentesyjvenes,DHBEvolucinTemporal,5.4a Justicia juvenil Adolescentes y j├│venes.twb,DATOS_ADMIN_SM,federated.0qiz8oi1sb3cd813zi06q01yhyh5,[Calculation_5425289489097109517],DATO_TIPO_STR,string,dimension,nominal,,,,,tableau,"IF ([TIPO_DE_DATO] == 'SERIE_TEMPORAL') THEN 'Evolución temporal'
ELSEIF ([TIPO_DE_DATO] == 'DISTRIBUCION') THEN 'Características'
ELSEIF ([TIPO_DE_DATO] == 'MAPA') THEN 'Distribución territorial'
ELSEIF ([TIPO_DE_DATO] == 'APERTURA') THEN 'Cruces relevantes'
END"
5_4aJusticiajuvenilAdolescentesyjvenes,DHBEvolucinTemporal,5.4a Justicia juvenil Adolescentes y j├│venes.twb,DATOS_ADMIN_SM,federated.0qiz8oi1sb3cd813zi06q01yhyh5,[Calculation_5425289489148153872],DATOS_APERTURAS_Y_GRUPOS,boolean,dimension,nominal,,,,,tableau,"IF ([TIPO_DE_DATO] = 'APERTURA') THEN
    IF (NOT(ISNULL([APERTURA_NIVEL_1])) AND [APERTURA_NIVEL_1] <> ''
        AND NOT(ISNULL([MODALIDAD_APERTURA_NIVEL_1])) AND [MODALIDAD_APERTURA_NIVEL_1] <> ''
        AND NOT(ISNULL([APERTURA_NIVEL_2])) AND [APERTURA_NIVEL_2] <> '') THEN TRUE
    ELSE FALSE
    END
ELSE FALSE
END"
5_4aJusticiajuvenilAdolescentesyjvenes,DHBEvolucinTemporal,5.4a Justicia juvenil Adolescentes y j├│venes.twb,DATOS_ADMIN_SM,federated.0qiz8oi1sb3cd813zi06q01yhyh5,[Calculation_6236992910663057412],UNIDAD_GEOGRAFICA_REGION_STR,string,dimension,nominal,,,,,tableau,"""Región "" + [Region]"
5_4aJusticiajuvenilAdolescentesyjvenes,DHBEvolucinTemporal,5.4a Justicia juvenil Adolescentes y j├│venes.twb,DATOS_ADMIN_SM,federated.0qiz8oi1sb3cd813zi06q01yhyh5,[Calculation_6236992911662702608],DATO_VALOR_CALCULADO (MAPA),real,measure,quantitative,,,,,tableau,"IF MAX([INDICADOR_UNIDAD_MEDIDA_CODIGO]) = ""CANTIDAD"" THEN SUM([VALOR])

ELSEIF MAX([INDICADOR_UNIDAD_MEDIDA_CODIGO]) = ""PORCENTAJE"" THEN SUM([VALOR]) * 100 / SUM([VALOR_AUXILIAR])

ELSEIF MAX([INDICADOR_UNIDAD_MEDIDA_CODIGO]) = ""TASA_X_CIEN"" THEN SUM([VALOR]) / SUM([VALOR_AUXILIAR]) * 100

ELSEIF MAX([INDICADOR_UNIDAD_MEDIDA_CODIGO]) = ""TASA_X_MIL"" THEN SUM([VALOR]) / SUM([VALOR_AUXILIAR]) * 1000

ELSEIF MAX([INDICADOR_UNIDAD_MEDIDA_CODIGO]) = ""TASA_X_CIENMIL"" THEN SUM([VALOR]) / SUM([VALOR_AUXILIAR]) * 100000

ELSEIF MAX([INDICADOR_UNIDAD_MEDIDA_CODIGO]) = ""TASA_X_MILLON"" THEN SUM([VALOR]) / SUM([VALOR_AUXILIAR]) * 1000000

ELSEIF MAX([INDICADOR_UNIDAD_MEDIDA_CODIGO]) = ""RAZON_X_DIEZMIL"" THEN SUM([VALOR]) / SUM([VALOR_AUXILIAR]) * 10000

END"
5_4aJusticiajuvenilAdolescentesyjvenes,DHBEvolucinTemporal,5.4a Justicia juvenil Adolescentes y j├│venes.twb,DATOS_ADMIN_SM,federated.0qiz8oi1sb3cd813zi06q01yhyh5,[Calculation_6996412392490344453],BTN Serie Temporal,string,dimension,nominal,,,,,tableau,"""Evolución temporal"""
5_4aJusticiajuvenilAdolescentesyjvenes,DHBEvolucinTemporal,5.4a Justicia juvenil Adolescentes y j├│venes.twb,DATOS_ADMIN_SM,federated.0qiz8oi1sb3cd813zi06q01yhyh5,[Calculation_90705353144123399],DATO_APERTURA_MODALIDAD,string,dimension,nominal,,,,,tableau,"IF (NOT(ISNULL([MODALIDAD_APERTURA_NIVEL_2])) AND [MODALIDAD_APERTURA_NIVEL_2] <> """") 
THEN [MODALIDAD_APERTURA_NIVEL_2]
ELSE [MODALIDAD_APERTURA_NIVEL_1]
END"
5_4aJusticiajuvenilAdolescentesyjvenes,DHBEvolucinTemporal,5.4a Justicia juvenil Adolescentes y j├│venes.twb,DATOS_ADMIN_SM,federated.0qiz8oi1sb3cd813zi06q01yhyh5,[Calculation_955748346980958208],NOT p_mostrar_indicadores,boolean,dimension,nominal,,,,,tableau,NOT([Parameters].[p_grafico (copia)])
5_4aJusticiajuvenilAdolescentesyjvenes,DHBEvolucinTemporal,5.4a Justicia juvenil Adolescentes y j├│venes.twb,DATOS_ADMIN_SM,federated.0qiz8oi1sb3cd813zi06q01yhyh5,[Calculation_955748346981711873],Texto mostrar indicadores,string,dimension,nominal,,,,,tableau,"IF ([Parameters].[p_grafico (copia)]) 
THEN 'Cerrar el mapa de indicadores'
ELSE 'Abrir el mapa de indicadores'
END"
5_4aJusticiajuvenilAdolescentesyjvenes,DHBEvolucinTemporal,5.4a Justicia juvenil Adolescentes y j├│venes.twb,DATOS_ADMIN_SM,federated.0qiz8oi1sb3cd813zi06q01yhyh5,[Calculation_955748347035680770],blank,string,dimension,nominal,,,,,tableau,""""""
5_4aJusticiajuvenilAdolescentesyjvenes,DHBEvolucinTemporal,5.4a Justicia juvenil Adolescentes y j├│venes.twb,DATOS_ADMIN_SM,federated.0qiz8oi1sb3cd813zi06q01yhyh5,[DATO_DE_SISTEMA],,integer,dimension,ordinal,,,,,,
5_4aJusticiajuvenilAdolescentesyjvenes,DHBEvolucinTemporal,5.4a Justicia juvenil Adolescentes y j├│venes.twb,DATOS_ADMIN_SM,federated.0qiz8oi1sb3cd813zi06q01yhyh5,[DATO_PERIODO_STR (copy)_4723009402227015685],DATO_PERIODO,string,dimension,nominal,,,,,tableau,"IF     (ISNULL([MES])) THEN ''
ELSEIF ([MES] == 'T1') THEN 'Primer Trimestre' 
ELSEIF ([MES] == 'T2') THEN 'Segundo Trimestre' 
ELSEIF ([MES] == 'T3') THEN 'Tercer Trimestre'
ELSEIF ([MES] == 'T4') THEN 'Cuarto Trimestre'
ELSEIF ([MES] == 'S1') THEN 'Primer Semestre'
ELSEIF ([MES] == 'S2') THEN 'Segundo Semestre'
ELSEIF ([MES] == '1') THEN 'Enero'
ELSEIF ([MES] == '2') THEN 'Febrero'
ELSEIF ([MES] == '3') THEN 'Marzo'
ELSEIF ([MES] == '4') THEN 'Abril'
ELSEIF ([MES] == '5') THEN 'Mayo'
ELSEIF ([MES] == '6') THEN 'Junio'
ELSEIF ([MES] == '7') THEN 'Julio'
ELSEIF ([MES] == '8') THEN 'Agosto'
ELSEIF ([MES] == '9') THEN 'Septiembre'
ELSEIF ([MES] == '10') THEN 'Octubre'
ELSEIF ([MES] == '11') THEN 'Noviembre'
ELSEIF ([MES] == '12') THEN 'Diciembre'
END"
5_4aJusticiajuvenilAdolescentesyjvenes,DHBEvolucinTemporal,5.4a Justicia juvenil Adolescentes y j├│venes.twb,DATOS_ADMIN_SM,federated.0qiz8oi1sb3cd813zi06q01yhyh5,[Distribuciones - Visualizar Gráfico Torta (copy)_159666739711741954],Distribuciones - Visualizar Gráfico Barras,integer,dimension,quantitative,,,,,tableau,"IF ([Parameters].[p_grafico_apertura_grupo (copia)_1886797147614048275] = ""Barras"") THEN 1 
ELSEIF ([Parameters].[p_grafico_apertura_grupo (copia)_1886797147614048275] = ""Todos"") THEN 1 
ELSE 0 END"
5_4aJusticiajuvenilAdolescentesyjvenes,DHBEvolucinTemporal,5.4a Justicia juvenil Adolescentes y j├│venes.twb,DATOS_ADMIN_SM,federated.0qiz8oi1sb3cd813zi06q01yhyh5,[GRUPO_INDICADOR_ID (Grupos Indicadores)],GRUPO_INDICADOR_ID,integer,dimension,ordinal,,,,,,
5_4aJusticiajuvenilAdolescentesyjvenes,DHBEvolucinTemporal,5.4a Justicia juvenil Adolescentes y j├│venes.twb,DATOS_ADMIN_SM,federated.0qiz8oi1sb3cd813zi06q01yhyh5,[GRUPO_INDICADOR_ID],DATO_GRUPO_INDICADOR_ID,integer,dimension,ordinal,,,,,,
5_4aJusticiajuvenilAdolescentesyjvenes,DHBEvolucinTemporal,5.4a Justicia juvenil Adolescentes y j├│venes.twb,DATOS_ADMIN_SM,federated.0qiz8oi1sb3cd813zi06q01yhyh5,[GRUPO_INDICADOR_NOMBRE (Grupos Indicadores)],GRUPO_INDICADOR_NOMBRE,string,dimension,nominal,,,,,,
5_4aJusticiajuvenilAdolescentesyjvenes,DHBEvolucinTemporal,5.4a Justicia juvenil Adolescentes y j├│venes.twb,DATOS_ADMIN_SM,federated.0qiz8oi1sb3cd813zi06q01yhyh5,[GRUPO_INDICADOR_NOMBRE],DATO_GRUPO_INDICADOR_NOMBRE,string,dimension,nominal,,,true,,,
5_4aJusticiajuvenilAdolescentesyjvenes,DHBEvolucinTemporal,5.4a Justicia juvenil Adolescentes y j├│venes.twb,DATOS_ADMIN_SM,federated.0qiz8oi1sb3cd813zi06q01yhyh5,[GRUPO_INDICADOR_ORDEN],,integer,dimension,ordinal,,,,,,
5_4aJusticiajuvenilAdolescentesyjvenes,DHBEvolucinTemporal,5.4a Justicia juvenil Adolescentes y j├│venes.twb,DATOS_ADMIN_SM,federated.0qiz8oi1sb3cd813zi06q01yhyh5,[Geometry],GEOMETRIA (T_MAPA),spatial,measure,nominal,,,,,,
5_4aJusticiajuvenilAdolescentesyjvenes,DHBEvolucinTemporal,5.4a Justicia juvenil Adolescentes y j├│venes.twb,DATOS_ADMIN_SM,federated.0qiz8oi1sb3cd813zi06q01yhyh5,[ID_DATO_SM],DATO_ID,integer,dimension,ordinal,,,,,,
5_4aJusticiajuvenilAdolescentesyjvenes,DHBEvolucinTemporal,5.4a Justicia juvenil Adolescentes y j├│venes.twb,DATOS_ADMIN_SM,federated.0qiz8oi1sb3cd813zi06q01yhyh5,[INDICADOR_DE_SISTEMA],,string,dimension,nominal,,,,,,
5_4aJusticiajuvenilAdolescentesyjvenes,DHBEvolucinTemporal,5.4a Justicia juvenil Adolescentes y j├│venes.twb,DATOS_ADMIN_SM,federated.0qiz8oi1sb3cd813zi06q01yhyh5,[INDICADOR_ID (Indicadores)],INDICADOR_ID,integer,dimension,ordinal,,,,,,
5_4aJusticiajuvenilAdolescentesyjvenes,DHBEvolucinTemporal,5.4a Justicia juvenil Adolescentes y j├│venes.twb,DATOS_ADMIN_SM,federated.0qiz8oi1sb3cd813zi06q01yhyh5,[INDICADOR_ID],DATO_INDICADOR_ID,integer,dimension,ordinal,,,,,,
5_4aJusticiajuvenilAdolescentesyjvenes,DHBEvolucinTemporal,5.4a Justicia juvenil Adolescentes y j├│venes.twb,DATOS_ADMIN_SM,federated.0qiz8oi1sb3cd813zi06q01yhyh5,[INDICADOR_NOMBRE (Indicadores)],INDICADOR_NOMBRE,string,dimension,nominal,,,,,,
5_4aJusticiajuvenilAdolescentesyjvenes,DHBEvolucinTemporal,5.4a Justicia juvenil Adolescentes y j├│venes.twb,DATOS_ADMIN_SM,federated.0qiz8oi1sb3cd813zi06q01yhyh5,[INDICADOR_NOMBRE],DATO_INDICADOR_NOMBRE,string,dimension,nominal,,,true,,,
5_4aJusticiajuvenilAdolescentesyjvenes,DHBEvolucinTemporal,5.4a Justicia juvenil Adolescentes y j├│venes.twb,DATOS_ADMIN_SM,federated.0qiz8oi1sb3cd813zi06q01yhyh5,[INDICADOR_ORDEN],,integer,dimension,ordinal,,,,,,
5_4aJusticiajuvenilAdolescentesyjvenes,DHBEvolucinTemporal,5.4a Justicia juvenil Adolescentes y j├│venes.twb,DATOS_ADMIN_SM,federated.0qiz8oi1sb3cd813zi06q01yhyh5,[MES],DATO_MES,string,dimension,nominal,,,,,,
5_4aJusticiajuvenilAdolescentesyjvenes,DHBEvolucinTemporal,5.4a Justicia juvenil Adolescentes y j├│venes.twb,DATOS_ADMIN_SM,federated.0qiz8oi1sb3cd813zi06q01yhyh5,[MODALIDAD_APERTURA_NIVEL_1],DATO_MODALIDAD_APERTURA_NIVEL_1,string,dimension,nominal,,,,,,
5_4aJusticiajuvenilAdolescentesyjvenes,DHBEvolucinTemporal,5.4a Justicia juvenil Adolescentes y j├│venes.twb,DATOS_ADMIN_SM,federated.0qiz8oi1sb3cd813zi06q01yhyh5,[MODALIDAD_APERTURA_NIVEL_2],DATO_MODALIDAD_APERTURA_NIVEL_2,string,dimension,nominal,,,,,,
5_4aJusticiajuvenilAdolescentesyjvenes,DHBEvolucinTemporal,5.4a Justicia juvenil Adolescentes y j├│venes.twb,DATOS_ADMIN_SM,federated.0qiz8oi1sb3cd813zi06q01yhyh5,[Region],UNIDAD_GEOGRAFICA_REGION,string,dimension,nominal,,,,,categorical-bin,
5_4aJusticiajuvenilAdolescentesyjvenes,DHBEvolucinTemporal,5.4a Justicia juvenil Adolescentes y j├│venes.twb,DATOS_ADMIN_SM,federated.0qiz8oi1sb3cd813zi06q01yhyh5,[SECCION_ID],DATO_SECCION_ID,integer,dimension,ordinal,,,,,,
5_4aJusticiajuvenilAdolescentesyjvenes,DHBEvolucinTemporal,5.4a Justicia juvenil Adolescentes y j├│venes.twb,DATOS_ADMIN_SM,federated.0qiz8oi1sb3cd813zi06q01yhyh5,[SECCION_NOMBRE],DATO_SECCION_NOMBRE,string,dimension,nominal,,,,,,
5_4aJusticiajuvenilAdolescentesyjvenes,DHBEvolucinTemporal,5.4a Justicia juvenil Adolescentes y j├│venes.twb,DATOS_ADMIN_SM,federated.0qiz8oi1sb3cd813zi06q01yhyh5,[SUB_UNIDAD_GEOGRAFICA],DATO_SUBUNIDAD_GEOGRAFICA,string,dimension,nominal,,,,,,
5_4aJusticiajuvenilAdolescentesyjvenes,DHBEvolucinTemporal,5.4a Justicia juvenil Adolescentes y j├│venes.twb,DATOS_ADMIN_SM,federated.0qiz8oi1sb3cd813zi06q01yhyh5,[TABLERO_CONFIGURACION_ID],,integer,dimension,ordinal,,,,,,
5_4aJusticiajuvenilAdolescentesyjvenes,DHBEvolucinTemporal,5.4a Justicia juvenil Adolescentes y j├│venes.twb,DATOS_ADMIN_SM,federated.0qiz8oi1sb3cd813zi06q01yhyh5,[TABLERO_FECHA_ULT_CARGA_DATOS],,datetime,dimension,ordinal,,,,,,
5_4aJusticiajuvenilAdolescentesyjvenes,DHBEvolucinTemporal,5.4a Justicia juvenil Adolescentes y j├│venes.twb,DATOS_ADMIN_SM,federated.0qiz8oi1sb3cd813zi06q01yhyh5,[TABLERO_ID (Tableros)],TABLERO_ID,integer,dimension,ordinal,,,,,,
5_4aJusticiajuvenilAdolescentesyjvenes,DHBEvolucinTemporal,5.4a Justicia juvenil Adolescentes y j├│venes.twb,DATOS_ADMIN_SM,federated.0qiz8oi1sb3cd813zi06q01yhyh5,[TABLERO_ID],DATO_TABLERO_ID,integer,dimension,ordinal,,,,,,
5_4aJusticiajuvenilAdolescentesyjvenes,DHBEvolucinTemporal,5.4a Justicia juvenil Adolescentes y j├│venes.twb,DATOS_ADMIN_SM,federated.0qiz8oi1sb3cd813zi06q01yhyh5,[TABLERO_NOMBRE (Tableros)],TABLERO_NOMBRE,string,dimension,nominal,,,,,,
5_4aJusticiajuvenilAdolescentesyjvenes,DHBEvolucinTemporal,5.4a Justicia juvenil Adolescentes y j├│venes.twb,DATOS_ADMIN_SM,federated.0qiz8oi1sb3cd813zi06q01yhyh5,[TABLERO_NOMBRE],DATO_TABLERO_NOMBRE,string,dimension,nominal,,,true,,,
5_4aJusticiajuvenilAdolescentesyjvenes,DHBEvolucinTemporal,5.4a Justicia juvenil Adolescentes y j├│venes.twb,DATOS_ADMIN_SM,federated.0qiz8oi1sb3cd813zi06q01yhyh5,[TEMA_DE_SISTEMA],TEMA_DE_SISTEMA (T_TEMA),string,dimension,nominal,,,,,,
5_4aJusticiajuvenilAdolescentesyjvenes,DHBEvolucinTemporal,5.4a Justicia juvenil Adolescentes y j├│venes.twb,DATOS_ADMIN_SM,federated.0qiz8oi1sb3cd813zi06q01yhyh5,[TEMA_ID (Temas)],TEMA_ID,integer,dimension,ordinal,,,,,,
5_4aJusticiajuvenilAdolescentesyjvenes,DHBEvolucinTemporal,5.4a Justicia juvenil Adolescentes y j├│venes.twb,DATOS_ADMIN_SM,federated.0qiz8oi1sb3cd813zi06q01yhyh5,[TEMA_ID],DATO_TEMA_ID,integer,dimension,ordinal,,,,,,
5_4aJusticiajuvenilAdolescentesyjvenes,DHBEvolucinTemporal,5.4a Justicia juvenil Adolescentes y j├│venes.twb,DATOS_ADMIN_SM,federated.0qiz8oi1sb3cd813zi06q01yhyh5,[TEMA_NOMBRE (Temas)],TEMA_NOMBRE,string,dimension,nominal,,,,,,
5_4aJusticiajuvenilAdolescentesyjvenes,DHBEvolucinTemporal,5.4a Justicia juvenil Adolescentes y j├│venes.twb,DATOS_ADMIN_SM,federated.0qiz8oi1sb3cd813zi06q01yhyh5,[TEMA_NOMBRE],DATO_TEMA_NOMBRE,string,dimension,nominal,,,,,,
5_4aJusticiajuvenilAdolescentesyjvenes,DHBEvolucinTemporal,5.4a Justicia juvenil Adolescentes y j├│venes.twb,DATOS_ADMIN_SM,federated.0qiz8oi1sb3cd813zi06q01yhyh5,[TIPO_DATO_SM_STR (copia)_5425289489129852943],DATO_TIPO_ORDEN,integer,dimension,ordinal,,,,,tableau,"IF ([TIPO_DE_DATO] == 'SERIE_TEMPORAL') THEN 1
ELSEIF ([TIPO_DE_DATO] == 'DISTRIBUCION') THEN 2
ELSEIF ([TIPO_DE_DATO] == 'APERTURA') THEN 3
ELSEIF ([TIPO_DE_DATO] == 'MAPA') THEN 4
END"
5_4aJusticiajuvenilAdolescentesyjvenes,DHBEvolucinTemporal,5.4a Justicia juvenil Adolescentes y j├│venes.twb,DATOS_ADMIN_SM,federated.0qiz8oi1sb3cd813zi06q01yhyh5,[TIPO_DE_DATO],DATO_TIPO,string,dimension,nominal,,,,,,
5_4aJusticiajuvenilAdolescentesyjvenes,DHBEvolucinTemporal,5.4a Justicia juvenil Adolescentes y j├│venes.twb,DATOS_ADMIN_SM,federated.0qiz8oi1sb3cd813zi06q01yhyh5,[UNIDAD_GEOGRAFICA_CODIGO],DATO_UNIDAD_GEOGRAFICA_CODIGO,string,dimension,nominal,,,,,,
5_4aJusticiajuvenilAdolescentesyjvenes,DHBEvolucinTemporal,5.4a Justicia juvenil Adolescentes y j├│venes.twb,DATOS_ADMIN_SM,federated.0qiz8oi1sb3cd813zi06q01yhyh5,[UNIDAD_GEOGRAFICA_NOMBRE],DATO_UNIDAD_GEOGRAFICA_NOMBRE,string,dimension,nominal,,,,,,
5_4aJusticiajuvenilAdolescentesyjvenes,DHBEvolucinTemporal,5.4a Justicia juvenil Adolescentes y j├│venes.twb,DATOS_ADMIN_SM,federated.0qiz8oi1sb3cd813zi06q01yhyh5,[URL_DOC_METODOLOGICO (copy)_334673809461317641],URL_INSTRUCTIVO_NAV,string,dimension,nominal,,,,,tableau,[CONFIG_URL_ADMIN_SM] + [CONFIGURACION_URL_INSTRUCTIVO_NAV]
5_4aJusticiajuvenilAdolescentesyjvenes,DHBEvolucinTemporal,5.4a Justicia juvenil Adolescentes y j├│venes.twb,DATOS_ADMIN_SM,federated.0qiz8oi1sb3cd813zi06q01yhyh5,[URL_DOC_TECNICO_TABLERO (copy)_334673809529749519],TABLERO_URL_REPORTE,string,dimension,nominal,,,,,tableau,[CONFIG_URL_ADMIN_SM] + [CONFIGURACION_URL_REPORTE_TABLERO] + STR([TABLERO_ID (Tableros)])
5_4aJusticiajuvenilAdolescentesyjvenes,DHBEvolucinTemporal,5.4a Justicia juvenil Adolescentes y j├│venes.twb,DATOS_ADMIN_SM,federated.0qiz8oi1sb3cd813zi06q01yhyh5,[URL_FICHA _TABLERO (copy)_334673809529606158],TABLERO_URL_DOC_TECNICO,string,dimension,nominal,,,,,tableau,[CONFIG_URL_ADMIN_SM] + [CONFIGURACION_URL_DOC_TECNICO_TABLERO] + STR([TABLERO_ID (Tableros)])
5_4aJusticiajuvenilAdolescentesyjvenes,DHBEvolucinTemporal,5.4a Justicia juvenil Adolescentes y j├│venes.twb,DATOS_ADMIN_SM,federated.0qiz8oi1sb3cd813zi06q01yhyh5,[VALOR],DATO_VALOR,real,dimension,ordinal,,,,,,
5_4aJusticiajuvenilAdolescentesyjvenes,DHBEvolucinTemporal,5.4a Justicia juvenil Adolescentes y j├│venes.twb,DATOS_ADMIN_SM,federated.0qiz8oi1sb3cd813zi06q01yhyh5,[VALOR_AUXILIAR],DATO_VALOR_AUXILIAR,real,dimension,ordinal,,,,,,
5_4aJusticiajuvenilAdolescentesyjvenes,DHBEvolucinTemporal,5.4a Justicia juvenil Adolescentes y j├│venes.twb,DATOS_ADMIN_SM,federated.0qiz8oi1sb3cd813zi06q01yhyh5,[Valor cantidad (Mapa) (copia)_6236992911694086162],DATO_SUM_VALOR_AUXILIAR (MAPA),real,measure,quantitative,,,,,tableau,SUM([VALOR_AUXILIAR])
5_4aJusticiajuvenilAdolescentesyjvenes,DHBEvolucinTemporal,5.4a Justicia juvenil Adolescentes y j├│venes.twb,DATOS_ADMIN_SM,federated.0qiz8oi1sb3cd813zi06q01yhyh5,[Valor mapa calculado (copia)_6236992911641026571],VALOR_PORCENTUAL (T_MAPA),real,measure,quantitative,,,,,tableau,[Valor porcentual (copia)_6236992911648841741] * 100 / [Valor cantidad (Mapa) (copia)_6236992911694086162]
5_4aJusticiajuvenilAdolescentesyjvenes,DHBEvolucinTemporal,5.4a Justicia juvenil Adolescentes y j├│venes.twb,DATOS_ADMIN_SM,federated.0qiz8oi1sb3cd813zi06q01yhyh5,[Valor porcentual (copia)_6236992911646519308],DATO_TOTAL_SUM_VALOR (MAPA),real,measure,quantitative,,,,,tableau,TOTAL([Valor porcentual (copia)_6236992911648841741])
5_4aJusticiajuvenilAdolescentesyjvenes,DHBEvolucinTemporal,5.4a Justicia juvenil Adolescentes y j├│venes.twb,DATOS_ADMIN_SM,federated.0qiz8oi1sb3cd813zi06q01yhyh5,[Valor porcentual (copia)_6236992911648841741],DATO_SUM_VALOR (MAPA),real,measure,quantitative,,,,,tableau,SUM([VALOR])
5_4aJusticiajuvenilAdolescentesyjvenes,DHBEvolucinTemporal,5.4a Justicia juvenil Adolescentes y j├│venes.twb,DATOS_ADMIN_SM,federated.0qiz8oi1sb3cd813zi06q01yhyh5,[Valor porcentual (copia)_6236992911649583118],VALOR_TASA (T_MAPA),real,measure,quantitative,,,,,tableau,[Valor porcentual (copia)_6236992911648841741] / [Valor cantidad (Mapa) (copia)_6236992911694086162]
5_4aJusticiajuvenilAdolescentesyjvenes,DHBEvolucinTemporal,5.4a Justicia juvenil Adolescentes y j├│venes.twb,DATOS_ADMIN_SM,federated.0qiz8oi1sb3cd813zi06q01yhyh5,[Valor total (Mapa) (copia)_6236992911689347089],DATO_TOTAL_SUM_VALOR_AUXILIAR (MAPA),real,measure,quantitative,,,,,tableau,TOTAL([Valor cantidad (Mapa) (copia)_6236992911694086162])
5_4aJusticiajuvenilAdolescentesyjvenes,DHBEvolucinTemporal,5.4a Justicia juvenil Adolescentes y j├│venes.twb,DATOS_ADMIN_SM,federated.0qiz8oi1sb3cd813zi06q01yhyh5,[Visualizar Desagregaciones (copia)_541839333440749569],Aperturas - Visualizar Gráfico Barras,integer,dimension,quantitative,,,,,tableau,"IF ([Parameters].[Gráfico seleccionado (copia)_541839333440561152] = ""Barras"") THEN 1 
ELSEIF ([Parameters].[Gráfico seleccionado (copia)_541839333440561152] = ""Barras y tabla"") THEN 1 
ELSE 0 END"
5_4aJusticiajuvenilAdolescentesyjvenes,DHBEvolucinTemporal,5.4a Justicia juvenil Adolescentes y j├│venes.twb,DATOS_ADMIN_SM,federated.0qiz8oi1sb3cd813zi06q01yhyh5,[Visualizar Desagregaciones Barra (copia)_541839333440913410],Aperturas - Visualizar Gráfico Tabla,integer,dimension,quantitative,,,,,tableau,"IF ([Parameters].[Gráfico seleccionado (copia)_541839333440561152] = ""Tabla"") THEN 1 
ELSEIF ([Parameters].[Gráfico seleccionado (copia)_541839333440561152] = ""Barras y tabla"") THEN 1 
ELSE 0 END"
5_4aJusticiajuvenilAdolescentesyjvenes,DHBEvolucinTemporal,5.4a Justicia juvenil Adolescentes y j├│venes.twb,DATOS_ADMIN_SM,federated.0qiz8oi1sb3cd813zi06q01yhyh5,[Visualizar Gráfico Jerarquía (copia)_1886797147614466070],Distribuciones - Visualizar Gráfico Torta,integer,dimension,quantitative,,,,,tableau,"IF ([Parameters].[p_grafico_apertura_grupo (copia)_1886797147614048275] = ""Torta"") THEN 1 
ELSEIF ([Parameters].[p_grafico_apertura_grupo (copia)_1886797147614048275] = ""Todos"") THEN 1 
ELSE 0 END"
5_4aJusticiajuvenilAdolescentesyjvenes,DHBEvolucinTemporal,5.4a Justicia juvenil Adolescentes y j├│venes.twb,DATOS_ADMIN_SM,federated.0qiz8oi1sb3cd813zi06q01yhyh5,[Visualizar Gráfico Tabla (copia)_1886797147614306325],Distribuciones - Visualizar Gráfico Jerarquía,integer,dimension,quantitative,,,,,tableau,"IF ([Parameters].[p_grafico_apertura_grupo (copia)_1886797147614048275] = ""Jerarquía"") THEN 1 
ELSEIF ([Parameters].[p_grafico_apertura_grupo (copia)_1886797147614048275] = ""Todos"") THEN 1 
ELSE 0 END"
5_4aJusticiajuvenilAdolescentesyjvenes,DHBEvolucinTemporal,5.4a Justicia juvenil Adolescentes y j├│venes.twb,DATOS_ADMIN_SM,federated.0qiz8oi1sb3cd813zi06q01yhyh5,[Visualizar Gráfico Tabla (copia)_2772247096855269376],Visualizar Indicadores,boolean,dimension,nominal,,,,,tableau,"IF ([Parameters].[p_grafico (copia)] = TRUE) THEN TRUE 
ELSE FALSE END"
5_4aJusticiajuvenilAdolescentesyjvenes,DHBEvolucinTemporal,5.4a Justicia juvenil Adolescentes y j├│venes.twb,DATOS_ADMIN_SM,federated.0qiz8oi1sb3cd813zi06q01yhyh5,[Visualizar Indicadores (copy)_4723009404655362069],BTN Mostrar Gráficos Caracteristicas,boolean,dimension,nominal,,,,,tableau,[Parameters].[p_mostrar_indicadores (copy)_4723009404655562774]
5_4aJusticiajuvenilAdolescentesyjvenes,DHBEvolucinTemporal,5.4a Justicia juvenil Adolescentes y j├│venes.twb,DATOS_ADMIN_SM,federated.0qiz8oi1sb3cd813zi06q01yhyh5,[Visualizar Indicadores (copy)_4723009404679073821],Ver gráficos caracteristicas,boolean,dimension,nominal,,,,,tableau,[Parameters].[p_mostrar_indicadores (copy)_4723009404655562774]
5_4aJusticiajuvenilAdolescentesyjvenes,DHBEvolucinTemporal,5.4a Justicia juvenil Adolescentes y j├│venes.twb,DATOS_ADMIN_SM,federated.0qiz8oi1sb3cd813zi06q01yhyh5,[__tableau_internal_object_id__].[Configuracion_70F75B593A84437096A6459916C3B121],Configuracion,table,measure,quantitative,,,,,,
5_4aJusticiajuvenilAdolescentesyjvenes,DHBEvolucinTemporal,5.4a Justicia juvenil Adolescentes y j├│venes.twb,DATOS_ADMIN_SM,federated.0qiz8oi1sb3cd813zi06q01yhyh5,[__tableau_internal_object_id__].[Datos_E76A2789C0C0403C8522440D998704F2],Datos,table,measure,quantitative,,,,,,
5_4aJusticiajuvenilAdolescentesyjvenes,DHBEvolucinTemporal,5.4a Justicia juvenil Adolescentes y j├│venes.twb,DATOS_ADMIN_SM,federated.0qiz8oi1sb3cd813zi06q01yhyh5,[__tableau_internal_object_id__].[Grupos Indicadores_80F403D81C66448DB95D3484EA9601FB],Grupos Indicadores,table,measure,quantitative,,,,,,
5_4aJusticiajuvenilAdolescentesyjvenes,DHBEvolucinTemporal,5.4a Justicia juvenil Adolescentes y j├│venes.twb,DATOS_ADMIN_SM,federated.0qiz8oi1sb3cd813zi06q01yhyh5,[__tableau_internal_object_id__].[Indicadores_F269C9F3A1A74D299CBC3D2526527AB4],Indicadores,table,measure,quantitative,,,,,,
5_4aJusticiajuvenilAdolescentesyjvenes,DHBEvolucinTemporal,5.4a Justicia juvenil Adolescentes y j├│venes.twb,DATOS_ADMIN_SM,federated.0qiz8oi1sb3cd813zi06q01yhyh5,[__tableau_internal_object_id__].[Tableros_4B7E936B713A46E09A688BE3B557C7FB],Tableros,table,measure,quantitative,,,,,,
5_4aJusticiajuvenilAdolescentesyjvenes,DHBEvolucinTemporal,5.4a Justicia juvenil Adolescentes y j├│venes.twb,DATOS_ADMIN_SM,federated.0qiz8oi1sb3cd813zi06q01yhyh5,[__tableau_internal_object_id__].[Temas_1EB48C7DA90F40468E6E2140C9DFBF4E],Temas,table,measure,quantitative,,,,,,
5_4aJusticiajuvenilAdolescentesyjvenes,DHBEvolucinTemporal,5.4a Justicia juvenil Adolescentes y j├│venes.twb,DATOS_ADMIN_SM,federated.0qiz8oi1sb3cd813zi06q01yhyh5,[__tableau_internal_object_id__].[provincia.shp_62D62B83F60E430CB2E4544483D1F16A],Provincias,table,measure,quantitative,,,,,,
5_4aJusticiajuvenilAdolescentesyjvenes,DHBEvolucinTemporal,5.4a Justicia juvenil Adolescentes y j├│venes.twb,DATOS_ADMIN_SM,federated.0qiz8oi1sb3cd813zi06q01yhyh5,[entidad],Entidad,integer,measure,quantitative,,,,,,
5_4aJusticiajuvenilAdolescentesyjvenes,DHBEvolucinTemporal,5.4a Justicia juvenil Adolescentes y j├│venes.twb,DATOS_ADMIN_SM,federated.0qiz8oi1sb3cd813zi06q01yhyh5,[fdc],Fdc,string,dimension,nominal,,,,,,
5_4aJusticiajuvenilAdolescentesyjvenes,DHBEvolucinTemporal,5.4a Justicia juvenil Adolescentes y j├│venes.twb,DATOS_ADMIN_SM,federated.0qiz8oi1sb3cd813zi06q01yhyh5,[fna],Fna,string,dimension,nominal,,,,,,
5_4aJusticiajuvenilAdolescentesyjvenes,DHBEvolucinTemporal,5.4a Justicia juvenil Adolescentes y j├│venes.twb,DATOS_ADMIN_SM,federated.0qiz8oi1sb3cd813zi06q01yhyh5,[gid],Gid,integer,measure,quantitative,,,,,,
5_4aJusticiajuvenilAdolescentesyjvenes,DHBEvolucinTemporal,5.4a Justicia juvenil Adolescentes y j├│venes.twb,DATOS_ADMIN_SM,federated.0qiz8oi1sb3cd813zi06q01yhyh5,[gna],Gna,string,dimension,nominal,,,,,,
5_4aJusticiajuvenilAdolescentesyjvenes,DHBEvolucinTemporal,5.4a Justicia juvenil Adolescentes y j├│venes.twb,DATOS_ADMIN_SM,federated.0qiz8oi1sb3cd813zi06q01yhyh5,[in1],In1,string,dimension,nominal,,,,,,
5_4aJusticiajuvenilAdolescentesyjvenes,DHBEvolucinTemporal,5.4a Justicia juvenil Adolescentes y j├│venes.twb,DATOS_ADMIN_SM,federated.0qiz8oi1sb3cd813zi06q01yhyh5,[nam],Nombre provincia,string,dimension,nominal,,,true,,,
5_4aJusticiajuvenilAdolescentesyjvenes,DHBEvolucinTemporal,5.4a Justicia juvenil Adolescentes y j├│venes.twb,DATOS_ADMIN_SM,federated.0qiz8oi1sb3cd813zi06q01yhyh5,[objeto],Objeto,string,dimension,nominal,,,,,,
5_4aJusticiajuvenilAdolescentesyjvenes,DHBEvolucinTemporal,5.4a Justicia juvenil Adolescentes y j├│venes.twb,DATOS_ADMIN_SM,federated.0qiz8oi1sb3cd813zi06q01yhyh5,[sag],Sag,string,dimension,nominal,,,,,,
5_4aJusticiajuvenilAdolescentesyjvenes,DHBEvolucinTemporal,5.4a Justicia juvenil Adolescentes y j├│venes.twb,DATOS_ADMIN_SM,federated.0qiz8oi1sb3cd813zi06q01yhyh5,[Gráfico seleccionado (copia)_541839333440561152],p_grafico_cruces_relevantes,string,measure,nominal,,,,list,tableau,"""Barras y tabla"""
5_4aJusticiajuvenilAdolescentesyjvenes,DHBEvolucinTemporal,5.4a Justicia juvenil Adolescentes y j├│venes.twb,DATOS_ADMIN_SM,federated.0qiz8oi1sb3cd813zi06q01yhyh5,[Parametro gráfico (copia)_541839334149496838],p_seccion,string,measure,nominal,,,,list,tableau,"""Situación General"""
5_4aJusticiajuvenilAdolescentesyjvenes,DHBEvolucinTemporal,5.4a Justicia juvenil Adolescentes y j├│venes.twb,DATOS_ADMIN_SM,federated.0qiz8oi1sb3cd813zi06q01yhyh5,[Parámetro 1],p_grafico,string,measure,nominal,,,,list,tableau,"""Evolución temporal"""
5_4aJusticiajuvenilAdolescentesyjvenes,DHBEvolucinTemporal,5.4a Justicia juvenil Adolescentes y j├│venes.twb,DATOS_ADMIN_SM,federated.0qiz8oi1sb3cd813zi06q01yhyh5,[Parámetro 2],p_tablero,string,measure,nominal,,,,list,tableau,"""5.4a. Justicia juvenil. Adolescentes y jóvenes en dispositivos penales."""
5_4aJusticiajuvenilAdolescentesyjvenes,DHBEvolucinTemporal,5.4a Justicia juvenil Adolescentes y j├│venes.twb,DATOS_ADMIN_SM,federated.0qiz8oi1sb3cd813zi06q01yhyh5,[p_grafico (copia)],p_mostrar_indicadores,boolean,measure,nominal,,,,list,tableau,false
5_4aJusticiajuvenilAdolescentesyjvenes,DHBEvolucinTemporal,5.4a Justicia juvenil Adolescentes y j├│venes.twb,DATOS_ADMIN_SM,federated.0qiz8oi1sb3cd813zi06q01yhyh5,[p_grafico_apertura_grupo (copia)_1886797147614048275],p_grafico_caracteristicas,string,measure,nominal,,,,list,tableau,"""Todos"""
5_4aJusticiajuvenilAdolescentesyjvenes,DHBEvolucinTemporal,5.4a Justicia juvenil Adolescentes y j├│venes.twb,DATOS_ADMIN_SM,federated.0qiz8oi1sb3cd813zi06q01yhyh5,[p_mostrar_indicadores (copy)_4723009404655562774],p_ver_graficos_caracteristicas,boolean,measure,nominal,,,,list,tableau,false
5_4aJusticiajuvenilAdolescentesyjvenes,DHBEvolucinTemporal,5.4a Justicia juvenil Adolescentes y j├│venes.twb,DATOS_ADMIN_SM,federated.0qiz8oi1sb3cd813zi06q01yhyh5,[p_ver_graficos_caracteristicas (copy)_54254335857623040],p_ver_graficos_cruces_relevantes,boolean,measure,nominal,,,,list,tableau,false
5_4aJusticiajuvenilAdolescentesyjvenes,DHBEvolucinTemporal,5.4a Justicia juvenil Adolescentes y j├│venes.twb,DATOS_ADMIN_SM,federated.0qiz8oi1sb3cd813zi06q01yhyh5,[p_ver_graficos_cruces_relevantes (copy)_54254335887020034],p_ver_graficos_dist_territorial,boolean,measure,nominal,,,,list,tableau,false
5_4aJusticiajuvenilAdolescentesyjvenes,DHBEvolucinTemporal,5.4a Justicia juvenil Adolescentes y j├│venes.twb,DATOS_ADMIN_SM,federated.0qiz8oi1sb3cd813zi06q01yhyh5,[p_ver_graficos_dist_territorial (copy)_54254335887122435],p_ver_graficos_evol_temporal,boolean,measure,nominal,,,,list,tableau,false
5_4aJusticiajuvenilAdolescentesyjvenes,DHBEvolucinTemporal,5.4a Justicia juvenil Adolescentes y j├│venes.twb,DATOS_ADMIN_SM,federated.0qiz8oi1sb3cd813zi06q01yhyh5,CONFIGURACION_ID,,integer,,,,,,,,
5_4aJusticiajuvenilAdolescentesyjvenes,DHBEvolucinTemporal,5.4a Justicia juvenil Adolescentes y j├│venes.twb,DATOS_ADMIN_SM,federated.0qiz8oi1sb3cd813zi06q01yhyh5,CONFIGURACION_URL_SM,,string,,,,,,,,
5_4aJusticiajuvenilAdolescentesyjvenes,DHBEvolucinTemporal,5.4a Justicia juvenil Adolescentes y j├│venes.twb,DATOS_ADMIN_SM,federated.0qiz8oi1sb3cd813zi06q01yhyh5,CONFIG_URL_ADMIN_SM,,string,,,,,,,,
5_4aJusticiajuvenilAdolescentesyjvenes,DHBEvolucinTemporal,5.4a Justicia juvenil Adolescentes y j├│venes.twb,DATOS_ADMIN_SM,federated.0qiz8oi1sb3cd813zi06q01yhyh5,CONFIGURACION_URL_DEFENSORIA,,string,,,,,,,,
5_4aJusticiajuvenilAdolescentesyjvenes,DHBEvolucinTemporal,5.4a Justicia juvenil Adolescentes y j├│venes.twb,DATOS_ADMIN_SM,federated.0qiz8oi1sb3cd813zi06q01yhyh5,CONFIGURACION_DESCRIPCION,,string,,,,,,,,
5_4aJusticiajuvenilAdolescentesyjvenes,DHBEvolucinTemporal,5.4a Justicia juvenil Adolescentes y j├│venes.twb,DATOS_ADMIN_SM,federated.0qiz8oi1sb3cd813zi06q01yhyh5,CONFIGURACION_URL_FICHA_INDICADOR,,string,,,,,,,,
5_4aJusticiajuvenilAdolescentesyjvenes,DHBEvolucinTemporal,5.4a Justicia juvenil Adolescentes y j├│venes.twb,DATOS_ADMIN_SM,federated.0qiz8oi1sb3cd813zi06q01yhyh5,CONFIGURACION_URL_FICHA_TABLERO,,string,,,,,,,,
5_4aJusticiajuvenilAdolescentesyjvenes,DHBEvolucinTemporal,5.4a Justicia juvenil Adolescentes y j├│venes.twb,DATOS_ADMIN_SM,federated.0qiz8oi1sb3cd813zi06q01yhyh5,CONFIGURACION_URL_DOC_TECNICO_TABLERO,,string,,,,,,,,
5_4aJusticiajuvenilAdolescentesyjvenes,DHBEvolucinTemporal,5.4a Justicia juvenil Adolescentes y j├│venes.twb,DATOS_ADMIN_SM,federated.0qiz8oi1sb3cd813zi06q01yhyh5,CONFIGURACION_URL_REPORTE_TABLERO,,string,,,,,,,,
5_4aJusticiajuvenilAdolescentesyjvenes,DHBEvolucinTemporal,5.4a Justicia juvenil Adolescentes y j├│venes.twb,DATOS_ADMIN_SM,federated.0qiz8oi1sb3cd813zi06q01yhyh5,CONFIGURACION_EMAIL_CONTACTO,,string,,,,,,,,
5_4aJusticiajuvenilAdolescentesyjvenes,DHBEvolucinTemporal,5.4a Justicia juvenil Adolescentes y j├│venes.twb,DATOS_ADMIN_SM,federated.0qiz8oi1sb3cd813zi06q01yhyh5,CONFIGURACION_URL_DOC_METODOLOGICO,,string,,,,,,,,
5_4aJusticiajuvenilAdolescentesyjvenes,DHBEvolucinTemporal,5.4a Justicia juvenil Adolescentes y j├│venes.twb,DATOS_ADMIN_SM,federated.0qiz8oi1sb3cd813zi06q01yhyh5,CONFIGURACION_URL_INSTRUCTIVO_NAV,,string,,,,,,,,
5_4aJusticiajuvenilAdolescentesyjvenes,DHBEvolucinTemporal,5.4a Justicia juvenil Adolescentes y j├│venes.twb,DATOS_ADMIN_SM,federated.0qiz8oi1sb3cd813zi06q01yhyh5,TEMA_ID,,string,,,,,,,,
5_4aJusticiajuvenilAdolescentesyjvenes,DHBEvolucinTemporal,5.4a Justicia juvenil Adolescentes y j├│venes.twb,DATOS_ADMIN_SM,federated.0qiz8oi1sb3cd813zi06q01yhyh5,TEMA_NOMBRE,,string,,,,,,,,
5_4aJusticiajuvenilAdolescentesyjvenes,DHBEvolucinTemporal,5.4a Justicia juvenil Adolescentes y j├│venes.twb,DATOS_ADMIN_SM,federated.0qiz8oi1sb3cd813zi06q01yhyh5,TABLERO_ID,,string,,,,,,,,
5_4aJusticiajuvenilAdolescentesyjvenes,DHBEvolucinTemporal,5.4a Justicia juvenil Adolescentes y j├│venes.twb,DATOS_ADMIN_SM,federated.0qiz8oi1sb3cd813zi06q01yhyh5,TABLERO_NOMBRE,,string,,,,,,,,
5_4aJusticiajuvenilAdolescentesyjvenes,DHBEvolucinTemporal,5.4a Justicia juvenil Adolescentes y j├│venes.twb,DATOS_ADMIN_SM,federated.0qiz8oi1sb3cd813zi06q01yhyh5,SECCION_ID,,string,,,,,,,,
5_4aJusticiajuvenilAdolescentesyjvenes,DHBEvolucinTemporal,5.4a Justicia juvenil Adolescentes y j├│venes.twb,DATOS_ADMIN_SM,federated.0qiz8oi1sb3cd813zi06q01yhyh5,SECCION_NOMBRE,,string,,,,,,,,
5_4aJusticiajuvenilAdolescentesyjvenes,DHBEvolucinTemporal,5.4a Justicia juvenil Adolescentes y j├│venes.twb,DATOS_ADMIN_SM,federated.0qiz8oi1sb3cd813zi06q01yhyh5,GRUPO_INDICADOR_ID,,string,,,,,,,,
5_4aJusticiajuvenilAdolescentesyjvenes,DHBEvolucinTemporal,5.4a Justicia juvenil Adolescentes y j├│venes.twb,DATOS_ADMIN_SM,federated.0qiz8oi1sb3cd813zi06q01yhyh5,GRUPO_INDICADOR_NOMBRE,,string,,,,,,,,
5_4aJusticiajuvenilAdolescentesyjvenes,DHBEvolucinTemporal,5.4a Justicia juvenil Adolescentes y j├│venes.twb,DATOS_ADMIN_SM,federated.0qiz8oi1sb3cd813zi06q01yhyh5,INDICADOR_ID,,string,,,,,,,,
5_4aJusticiajuvenilAdolescentesyjvenes,DHBEvolucinTemporal,5.4a Justicia juvenil Adolescentes y j├│venes.twb,DATOS_ADMIN_SM,federated.0qiz8oi1sb3cd813zi06q01yhyh5,INDICADOR_NOMBRE,,string,,,,,,,,
5_4aJusticiajuvenilAdolescentesyjvenes,DHBEvolucinTemporal,5.4a Justicia juvenil Adolescentes y j├│venes.twb,DATOS_ADMIN_SM,federated.0qiz8oi1sb3cd813zi06q01yhyh5,TIPO_DE_DATO,,string,,,,,,,,
5_4aJusticiajuvenilAdolescentesyjvenes,DHBEvolucinTemporal,5.4a Justicia juvenil Adolescentes y j├│venes.twb,DATOS_ADMIN_SM,federated.0qiz8oi1sb3cd813zi06q01yhyh5,ID_DATO_SM,,string,,,,,,,,
5_4aJusticiajuvenilAdolescentesyjvenes,DHBEvolucinTemporal,5.4a Justicia juvenil Adolescentes y j├│venes.twb,DATOS_ADMIN_SM,federated.0qiz8oi1sb3cd813zi06q01yhyh5,DATO_DE_SISTEMA,,string,,,,,,,,
5_4aJusticiajuvenilAdolescentesyjvenes,DHBEvolucinTemporal,5.4a Justicia juvenil Adolescentes y j├│venes.twb,DATOS_ADMIN_SM,federated.0qiz8oi1sb3cd813zi06q01yhyh5,ANIO,,string,,,,,,,,
5_4aJusticiajuvenilAdolescentesyjvenes,DHBEvolucinTemporal,5.4a Justicia juvenil Adolescentes y j├│venes.twb,DATOS_ADMIN_SM,federated.0qiz8oi1sb3cd813zi06q01yhyh5,MES,,string,,,,,,,,
5_4aJusticiajuvenilAdolescentesyjvenes,DHBEvolucinTemporal,5.4a Justicia juvenil Adolescentes y j├│venes.twb,DATOS_ADMIN_SM,federated.0qiz8oi1sb3cd813zi06q01yhyh5,UNIDAD_GEOGRAFICA_CODIGO,,string,,,,,,,,
5_4aJusticiajuvenilAdolescentesyjvenes,DHBEvolucinTemporal,5.4a Justicia juvenil Adolescentes y j├│venes.twb,DATOS_ADMIN_SM,federated.0qiz8oi1sb3cd813zi06q01yhyh5,UNIDAD_GEOGRAFICA_NOMBRE,,string,,,,,,,,
5_4aJusticiajuvenilAdolescentesyjvenes,DHBEvolucinTemporal,5.4a Justicia juvenil Adolescentes y j├│venes.twb,DATOS_ADMIN_SM,federated.0qiz8oi1sb3cd813zi06q01yhyh5,SUB_UNIDAD_GEOGRAFICA,,string,,,,,,,,
5_4aJusticiajuvenilAdolescentesyjvenes,DHBEvolucinTemporal,5.4a Justicia juvenil Adolescentes y j├│venes.twb,DATOS_ADMIN_SM,federated.0qiz8oi1sb3cd813zi06q01yhyh5,APERTURA_DESCRIPCION,,string,,,,,,,,
5_4aJusticiajuvenilAdolescentesyjvenes,DHBEvolucinTemporal,5.4a Justicia juvenil Adolescentes y j├│venes.twb,DATOS_ADMIN_SM,federated.0qiz8oi1sb3cd813zi06q01yhyh5,APERTURA_NIVEL_1,,string,,,,,,,,
5_4aJusticiajuvenilAdolescentesyjvenes,DHBEvolucinTemporal,5.4a Justicia juvenil Adolescentes y j├│venes.twb,DATOS_ADMIN_SM,federated.0qiz8oi1sb3cd813zi06q01yhyh5,MODALIDAD_APERTURA_NIVEL_1,,string,,,,,,,,
5_4aJusticiajuvenilAdolescentesyjvenes,DHBEvolucinTemporal,5.4a Justicia juvenil Adolescentes y j├│venes.twb,DATOS_ADMIN_SM,federated.0qiz8oi1sb3cd813zi06q01yhyh5,APERTURA_NIVEL_2,,string,,,,,,,,
5_4aJusticiajuvenilAdolescentesyjvenes,DHBEvolucinTemporal,5.4a Justicia juvenil Adolescentes y j├│venes.twb,DATOS_ADMIN_SM,federated.0qiz8oi1sb3cd813zi06q01yhyh5,MODALIDAD_APERTURA_NIVEL_2,,string,,,,,,,,
5_4aJusticiajuvenilAdolescentesyjvenes,DHBEvolucinTemporal,5.4a Justicia juvenil Adolescentes y j├│venes.twb,DATOS_ADMIN_SM,federated.0qiz8oi1sb3cd813zi06q01yhyh5,VALOR,,string,,,,,,,,
5_4aJusticiajuvenilAdolescentesyjvenes,DHBEvolucinTemporal,5.4a Justicia juvenil Adolescentes y j├│venes.twb,DATOS_ADMIN_SM,federated.0qiz8oi1sb3cd813zi06q01yhyh5,VALOR_AUXILIAR,,string,,,,,,,,
5_4aJusticiajuvenilAdolescentesyjvenes,DHBEvolucinTemporal,5.4a Justicia juvenil Adolescentes y j├│venes.twb,DATOS_ADMIN_SM,federated.0qiz8oi1sb3cd813zi06q01yhyh5,GRUPO_INDICADOR_ID,,string,,,,,,,,
5_4aJusticiajuvenilAdolescentesyjvenes,DHBEvolucinTemporal,5.4a Justicia juvenil Adolescentes y j├│venes.twb,DATOS_ADMIN_SM,federated.0qiz8oi1sb3cd813zi06q01yhyh5,GRUPO_INDICADOR_CODIGO,,string,,,,,,,,
5_4aJusticiajuvenilAdolescentesyjvenes,DHBEvolucinTemporal,5.4a Justicia juvenil Adolescentes y j├│venes.twb,DATOS_ADMIN_SM,federated.0qiz8oi1sb3cd813zi06q01yhyh5,GRUPO_INDICADOR_NOMBRE,,string,,,,,,,,
5_4aJusticiajuvenilAdolescentesyjvenes,DHBEvolucinTemporal,5.4a Justicia juvenil Adolescentes y j├│venes.twb,DATOS_ADMIN_SM,federated.0qiz8oi1sb3cd813zi06q01yhyh5,GRUPO_INDICADOR_ORDEN,,string,,,,,,,,
5_4aJusticiajuvenilAdolescentesyjvenes,DHBEvolucinTemporal,5.4a Justicia juvenil Adolescentes y j├│venes.twb,DATOS_ADMIN_SM,federated.0qiz8oi1sb3cd813zi06q01yhyh5,GRUPO_INDICADOR_FUENTES,,string,,,,,,,,
5_4aJusticiajuvenilAdolescentesyjvenes,DHBEvolucinTemporal,5.4a Justicia juvenil Adolescentes y j├│venes.twb,DATOS_ADMIN_SM,federated.0qiz8oi1sb3cd813zi06q01yhyh5,GRUPO_INDICADOR_DEFINICION,,string,,,,,,,,
5_4aJusticiajuvenilAdolescentesyjvenes,DHBEvolucinTemporal,5.4a Justicia juvenil Adolescentes y j├│venes.twb,DATOS_ADMIN_SM,federated.0qiz8oi1sb3cd813zi06q01yhyh5,GRUPO_INDICADOR_DESC_METODOLOGICA,,string,,,,,,,,
5_4aJusticiajuvenilAdolescentesyjvenes,DHBEvolucinTemporal,5.4a Justicia juvenil Adolescentes y j├│venes.twb,DATOS_ADMIN_SM,federated.0qiz8oi1sb3cd813zi06q01yhyh5,INDICADOR_ID,,string,,,,,,,,
5_4aJusticiajuvenilAdolescentesyjvenes,DHBEvolucinTemporal,5.4a Justicia juvenil Adolescentes y j├│venes.twb,DATOS_ADMIN_SM,federated.0qiz8oi1sb3cd813zi06q01yhyh5,INDICADOR_CODIGO,,string,,,,,,,,
5_4aJusticiajuvenilAdolescentesyjvenes,DHBEvolucinTemporal,5.4a Justicia juvenil Adolescentes y j├│venes.twb,DATOS_ADMIN_SM,federated.0qiz8oi1sb3cd813zi06q01yhyh5,INDICADOR_NOMBRE,,string,,,,,,,,
5_4aJusticiajuvenilAdolescentesyjvenes,DHBEvolucinTemporal,5.4a Justicia juvenil Adolescentes y j├│venes.twb,DATOS_ADMIN_SM,federated.0qiz8oi1sb3cd813zi06q01yhyh5,INDICADOR_ORDEN,,string,,,,,,,,
5_4aJusticiajuvenilAdolescentesyjvenes,DHBEvolucinTemporal,5.4a Justicia juvenil Adolescentes y j├│venes.twb,DATOS_ADMIN_SM,federated.0qiz8oi1sb3cd813zi06q01yhyh5,INDICADOR_UNIDAD_MEDIDA_NOMBRE,,string,,,,,,,,
5_4aJusticiajuvenilAdolescentesyjvenes,DHBEvolucinTemporal,5.4a Justicia juvenil Adolescentes y j├│venes.twb,DATOS_ADMIN_SM,federated.0qiz8oi1sb3cd813zi06q01yhyh5,INDICADOR_UNIDAD_MEDIDA_CODIGO,,string,,,,,,,,
5_4aJusticiajuvenilAdolescentesyjvenes,DHBEvolucinTemporal,5.4a Justicia juvenil Adolescentes y j├│venes.twb,DATOS_ADMIN_SM,federated.0qiz8oi1sb3cd813zi06q01yhyh5,INDICADOR_UNIDAD_MEDIDA_DESCRIPCION,,string,,,,,,,,
5_4aJusticiajuvenilAdolescentesyjvenes,DHBEvolucinTemporal,5.4a Justicia juvenil Adolescentes y j├│venes.twb,DATOS_ADMIN_SM,federated.0qiz8oi1sb3cd813zi06q01yhyh5,INDICADOR_FORMULA,,string,,,,,,,,
5_4aJusticiajuvenilAdolescentesyjvenes,DHBEvolucinTemporal,5.4a Justicia juvenil Adolescentes y j├│venes.twb,DATOS_ADMIN_SM,federated.0qiz8oi1sb3cd813zi06q01yhyh5,INDICADOR_DEFINICION,,string,,,,,,,,
5_4aJusticiajuvenilAdolescentesyjvenes,DHBEvolucinTemporal,5.4a Justicia juvenil Adolescentes y j├│venes.twb,DATOS_ADMIN_SM,federated.0qiz8oi1sb3cd813zi06q01yhyh5,INDICADOR_DESC_METODOLOGICA,,string,,,,,,,,
5_4aJusticiajuvenilAdolescentesyjvenes,DHBEvolucinTemporal,5.4a Justicia juvenil Adolescentes y j├│venes.twb,DATOS_ADMIN_SM,federated.0qiz8oi1sb3cd813zi06q01yhyh5,INDICADOR_DE_SISTEMA,,string,,,,,,,,
5_4aJusticiajuvenilAdolescentesyjvenes,DHBEvolucinTemporal,5.4a Justicia juvenil Adolescentes y j├│venes.twb,DATOS_ADMIN_SM,federated.0qiz8oi1sb3cd813zi06q01yhyh5,TABLERO_ID,,string,,,,,,,,
5_4aJusticiajuvenilAdolescentesyjvenes,DHBEvolucinTemporal,5.4a Justicia juvenil Adolescentes y j├│venes.twb,DATOS_ADMIN_SM,federated.0qiz8oi1sb3cd813zi06q01yhyh5,TABLERO_NOMBRE,,string,,,,,,,,
5_4aJusticiajuvenilAdolescentesyjvenes,DHBEvolucinTemporal,5.4a Justicia juvenil Adolescentes y j├│venes.twb,DATOS_ADMIN_SM,federated.0qiz8oi1sb3cd813zi06q01yhyh5,TABLERO_DESCRIPCION,,string,,,,,,,,
5_4aJusticiajuvenilAdolescentesyjvenes,DHBEvolucinTemporal,5.4a Justicia juvenil Adolescentes y j├│venes.twb,DATOS_ADMIN_SM,federated.0qiz8oi1sb3cd813zi06q01yhyh5,TABLERO_DERECHOS_ASOCIADOS,,string,,,,,,,,
5_4aJusticiajuvenilAdolescentesyjvenes,DHBEvolucinTemporal,5.4a Justicia juvenil Adolescentes y j├│venes.twb,DATOS_ADMIN_SM,federated.0qiz8oi1sb3cd813zi06q01yhyh5,TABLERO_FECHA_ULT_CARGA_DATOS,,datetime,,,,,,,,
5_4aJusticiajuvenilAdolescentesyjvenes,DHBEvolucinTemporal,5.4a Justicia juvenil Adolescentes y j├│venes.twb,DATOS_ADMIN_SM,federated.0qiz8oi1sb3cd813zi06q01yhyh5,TABLERO_CONFIGURACION_ID,,string,,,,,,,,
5_4aJusticiajuvenilAdolescentesyjvenes,DHBEvolucinTemporal,5.4a Justicia juvenil Adolescentes y j├│venes.twb,DATOS_ADMIN_SM,federated.0qiz8oi1sb3cd813zi06q01yhyh5,TABLERO_DE_SISTEMA,,string,,,,,,,,
5_4aJusticiajuvenilAdolescentesyjvenes,DHBEvolucinTemporal,5.4a Justicia juvenil Adolescentes y j├│venes.twb,DATOS_ADMIN_SM,federated.0qiz8oi1sb3cd813zi06q01yhyh5,TEMA_ID,,string,,,,,,,,
5_4aJusticiajuvenilAdolescentesyjvenes,DHBEvolucinTemporal,5.4a Justicia juvenil Adolescentes y j├│venes.twb,DATOS_ADMIN_SM,federated.0qiz8oi1sb3cd813zi06q01yhyh5,TEMA_NOMBRE,,string,,,,,,,,
5_4aJusticiajuvenilAdolescentesyjvenes,DHBEvolucinTemporal,5.4a Justicia juvenil Adolescentes y j├│venes.twb,DATOS_ADMIN_SM,federated.0qiz8oi1sb3cd813zi06q01yhyh5,TEMA_DESCRIPCION,,string,,,,,,,,
5_4aJusticiajuvenilAdolescentesyjvenes,DHBEvolucinTemporal,5.4a Justicia juvenil Adolescentes y j├│venes.twb,DATOS_ADMIN_SM,federated.0qiz8oi1sb3cd813zi06q01yhyh5,TEMA_DE_SISTEMA,,string,,,,,,,,
5_4aJusticiajuvenilAdolescentesyjvenes,DHBEvolucinTemporal,5.4a Justicia juvenil Adolescentes y j├│venes.twb,DATOS_ADMIN_SM,federated.0qiz8oi1sb3cd813zi06q01yhyh5,gid,,integer,,,,,,,,
5_4aJusticiajuvenilAdolescentesyjvenes,DHBEvolucinTemporal,5.4a Justicia juvenil Adolescentes y j├│venes.twb,DATOS_ADMIN_SM,federated.0qiz8oi1sb3cd813zi06q01yhyh5,entidad,,integer,,,,,,,,
5_4aJusticiajuvenilAdolescentesyjvenes,DHBEvolucinTemporal,5.4a Justicia juvenil Adolescentes y j├│venes.twb,DATOS_ADMIN_SM,federated.0qiz8oi1sb3cd813zi06q01yhyh5,objeto,,string,,,,,,,,
5_4aJusticiajuvenilAdolescentesyjvenes,DHBEvolucinTemporal,5.4a Justicia juvenil Adolescentes y j├│venes.twb,DATOS_ADMIN_SM,federated.0qiz8oi1sb3cd813zi06q01yhyh5,fna,,string,,,,,,,,
5_4aJusticiajuvenilAdolescentesyjvenes,DHBEvolucinTemporal,5.4a Justicia juvenil Adolescentes y j├│venes.twb,DATOS_ADMIN_SM,federated.0qiz8oi1sb3cd813zi06q01yhyh5,gna,,string,,,,,,,,
5_4aJusticiajuvenilAdolescentesyjvenes,DHBEvolucinTemporal,5.4a Justicia juvenil Adolescentes y j├│venes.twb,DATOS_ADMIN_SM,federated.0qiz8oi1sb3cd813zi06q01yhyh5,nam,,string,,,,,,,,
5_4aJusticiajuvenilAdolescentesyjvenes,DHBEvolucinTemporal,5.4a Justicia juvenil Adolescentes y j├│venes.twb,DATOS_ADMIN_SM,federated.0qiz8oi1sb3cd813zi06q01yhyh5,in1,,string,,,,,,,,
5_4aJusticiajuvenilAdolescentesyjvenes,DHBEvolucinTemporal,5.4a Justicia juvenil Adolescentes y j├│venes.twb,DATOS_ADMIN_SM,federated.0qiz8oi1sb3cd813zi06q01yhyh5,fdc,,string,,,,,,,,
5_4aJusticiajuvenilAdolescentesyjvenes,DHBEvolucinTemporal,5.4a Justicia juvenil Adolescentes y j├│venes.twb,DATOS_ADMIN_SM,federated.0qiz8oi1sb3cd813zi06q01yhyh5,sag,,string,,,,,,,,
5_4aJusticiajuvenilAdolescentesyjvenes,DHBEvolucinTemporal,5.4a Justicia juvenil Adolescentes y j├│venes.twb,DATOS_ADMIN_SM,federated.0qiz8oi1sb3cd813zi06q01yhyh5,Geometry,,spatial,,,,,,,,
