workbook,requested_view,twb_file,worksheet,column,class,filter_attrs_json,group_filters_json
1_1Aspectosdemogrficos_Informacincensal,DHBEvolucinTemporal,1.1 Aspectos demogr├íficos_Informaci├│n censal.twb,Admin SM - BTN Instructivo Navegación,"[federated.0qiz8oi1sb3cd813zi06q01yhyh5].[Action (BTN Limpiar filtros,SELECCIONE)]",categorical,"{""class"": ""categorical"", ""column"": ""[federated.0qiz8oi1sb3cd813zi06q01yhyh5].[Action (BTN Limpiar filtros,SELECCIONE)]""}","[{""function"": ""crossjoin"", ""{http://www.tableausoftware.com/xml/user}ui-action-filter"": ""[Action88_A2306F1AF23E4F9CAD37CD015AD97FBE]"", ""{http://www.tableausoftware.com/xml/user}ui-domain"": ""database"", ""{http://www.tableausoftware.com/xml/user}ui-enumeration"": ""inclusive"", ""{http://www.tableausoftware.com/xml/user}ui-marker"": ""enumerate""}, {""function"": ""member"", ""level"": ""[BTN Distribuciones (copy)_4723009404404842516]"", ""member"": ""\""Limpiar filtros\""""}, {""function"": ""member"", ""level"": ""[Calculation_4723009402545549324]"", ""member"": ""\""Seleccione\""""}]"
1_1Aspectosdemogrficos_Informacincensal,DHBEvolucinTemporal,1.1 Aspectos demogr├íficos_Informaci├│n censal.twb,Admin SM - Contacto,"[federated.0qiz8oi1sb3cd813zi06q01yhyh5].[Action (BTN Limpiar filtros,SELECCIONE)]",categorical,"{""class"": ""categorical"", ""column"": ""[federated.0qiz8oi1sb3cd813zi06q01yhyh5].[Action (BTN Limpiar filtros,SELECCIONE)]""}","[{""function"": ""crossjoin"", ""{http://www.tableausoftware.com/xml/user}ui-action-filter"": ""[Action88_A2306F1AF23E4F9CAD37CD015AD97FBE]"", ""{http://www.tableausoftware.com/xml/user}ui-domain"": ""database"", ""{http://www.tableausoftware.com/xml/user}ui-enumeration"": ""inclusive"", ""{http://www.tableausoftware.com/xml/user}ui-marker"": ""enumerate""}, {""function"": ""member"", ""level"": ""[BTN Distribuciones (copy)_4723009404404842516]"", ""member"": ""\""Limpiar filtros\""""}, {""function"": ""member"", ""level"": ""[Calculation_4723009402545549324]"", ""member"": ""\""Seleccione\""""}]"
1_1Aspectosdemogrficos_Informacincensal,DHBEvolucinTemporal,1.1 Aspectos demogr├íficos_Informaci├│n censal.twb,Caracteristicas - BTN Mostrar Gráficos,"[federated.0qiz8oi1sb3cd813zi06q01yhyh5].[Action (BTN Limpiar filtros,SELECCIONE)]",categorical,"{""class"": ""categorical"", ""column"": ""[federated.0qiz8oi1sb3cd813zi06q01yhyh5].[Action (BTN Limpiar filtros,SELECCIONE)]""}","[{""function"": ""crossjoin"", ""{http://www.tableausoftware.com/xml/user}ui-action-filter"": ""[Action88_A2306F1AF23E4F9CAD37CD015AD97FBE]"", ""{http://www.tableausoftware.com/xml/user}ui-domain"": ""database"", ""{http://www.tableausoftware.com/xml/user}ui-enumeration"": ""inclusive"", ""{http://www.tableausoftware.com/xml/user}ui-marker"": ""enumerate""}, {""function"": ""member"", ""level"": ""[BTN Distribuciones (copy)_4723009404404842516]"", ""member"": ""\""Limpiar filtros\""""}, {""function"": ""member"", ""level"": ""[Calculation_4723009402545549324]"", ""member"": ""\""Seleccione\""""}]"
1_1Aspectosdemogrficos_Informacincensal,DHBEvolucinTemporal,1.1 Aspectos demogr├íficos_Informaci├│n censal.twb,Caracteristicas - BTN Mostrar Gráficos,[federated.0qiz8oi1sb3cd813zi06q01yhyh5].[none:Visualizar Indicadores (copy)_4723009404655362069:nk],categorical,"{""class"": ""categorical"", ""column"": ""[federated.0qiz8oi1sb3cd813zi06q01yhyh5].[none:Visualizar Indicadores (copy)_4723009404655362069:nk]""}","[{""function"": ""member"", ""level"": ""[none:Visualizar Indicadores (copy)_4723009404655362069:nk]"", ""member"": ""false"", ""{http://www.tableausoftware.com/xml/user}ui-domain"": ""relevant"", ""{http://www.tableausoftware.com/xml/user}ui-enumeration"": ""inclusive"", ""{http://www.tableausoftware.com/xml/user}ui-marker"": ""enumerate""}]"
1_1Aspectosdemogrficos_Informacincensal,DHBEvolucinTemporal,1.1 Aspectos demogr├íficos_Informaci├│n censal.twb,Características - BTN,"[federated.0qiz8oi1sb3cd813zi06q01yhyh5].[Action (BTN Limpiar filtros,SELECCIONE)]",categorical,"{""class"": ""categorical"", ""column"": ""[federated.0qiz8oi1sb3cd813zi06q01yhyh5].[Action (BTN Limpiar filtros,SELECCIONE)]""}","[{""function"": ""crossjoin"", ""{http://www.tableausoftware.com/xml/user}ui-action-filter"": ""[Action88_A2306F1AF23E4F9CAD37CD015AD97FBE]"", ""{http://www.tableausoftware.com/xml/user}ui-domain"": ""database"", ""{http://www.tableausoftware.com/xml/user}ui-enumeration"": ""inclusive"", ""{http://www.tableausoftware.com/xml/user}ui-marker"": ""enumerate""}, {""function"": ""member"", ""level"": ""[BTN Distribuciones (copy)_4723009404404842516]"", ""member"": ""\""Limpiar filtros\""""}, {""function"": ""member"", ""level"": ""[Calculation_4723009402545549324]"", ""member"": ""\""Seleccione\""""}]"
1_1Aspectosdemogrficos_Informacincensal,DHBEvolucinTemporal,1.1 Aspectos demogr├íficos_Informaci├│n censal.twb,Características - BTN,[federated.0qiz8oi1sb3cd813zi06q01yhyh5].[DATOS_DISTRIBUCIONES_1],categorical,"{""class"": ""categorical"", ""column"": ""[federated.0qiz8oi1sb3cd813zi06q01yhyh5].[DATOS_DISTRIBUCIONES_1]"", ""filter-group"": ""26""}","[{""function"": ""level-members"", ""level"": ""[TIPO_DE_DATO]"", ""{http://www.tableausoftware.com/xml/user}ui-enumeration"": ""all"", ""{http://www.tableausoftware.com/xml/user}ui-marker"": ""enumerate""}]"
1_1Aspectosdemogrficos_Informacincensal,DHBEvolucinTemporal,1.1 Aspectos demogr├íficos_Informaci├│n censal.twb,Características - BTN,[federated.0qiz8oi1sb3cd813zi06q01yhyh5].[none:Calculation_334673811823804420:nk],categorical,"{""class"": ""categorical"", ""column"": ""[federated.0qiz8oi1sb3cd813zi06q01yhyh5].[none:Calculation_334673811823804420:nk]"", ""filter-group"": ""27""}","[{""function"": ""member"", ""level"": ""[none:Calculation_334673811823804420:nk]"", ""member"": ""true"", ""{http://www.tableausoftware.com/xml/user}ui-domain"": ""relevant"", ""{http://www.tableausoftware.com/xml/user}ui-enumeration"": ""inclusive"", ""{http://www.tableausoftware.com/xml/user}ui-marker"": ""enumerate""}]"
1_1Aspectosdemogrficos_Informacincensal,DHBEvolucinTemporal,1.1 Aspectos demogr├íficos_Informaci├│n censal.twb,Características - Barras,[federated.0qiz8oi1sb3cd813zi06q01yhyh5].[DATOS_DISTRIBUCIONES_1],categorical,"{""class"": ""categorical"", ""column"": ""[federated.0qiz8oi1sb3cd813zi06q01yhyh5].[DATOS_DISTRIBUCIONES_1]"", ""filter-group"": ""26""}","[{""function"": ""level-members"", ""level"": ""[TIPO_DE_DATO]"", ""{http://www.tableausoftware.com/xml/user}ui-enumeration"": ""all"", ""{http://www.tableausoftware.com/xml/user}ui-marker"": ""enumerate""}]"
1_1Aspectosdemogrficos_Informacincensal,DHBEvolucinTemporal,1.1 Aspectos demogr├íficos_Informaci├│n censal.twb,Características - Barras,[federated.0qiz8oi1sb3cd813zi06q01yhyh5].[none:ANIO:ok],categorical,"{""class"": ""categorical"", ""column"": ""[federated.0qiz8oi1sb3cd813zi06q01yhyh5].[none:ANIO:ok]"", ""filter-group"": ""6""}","[{""function"": ""level-members"", ""level"": ""[none:ANIO:ok]"", ""{http://www.tableausoftware.com/xml/user}ui-enumeration"": ""all"", ""{http://www.tableausoftware.com/xml/user}ui-marker"": ""enumerate""}]"
1_1Aspectosdemogrficos_Informacincensal,DHBEvolucinTemporal,1.1 Aspectos demogr├íficos_Informaci├│n censal.twb,Características - Barras,[federated.0qiz8oi1sb3cd813zi06q01yhyh5].[none:APERTURA_NIVEL_1:nk],categorical,"{""class"": ""categorical"", ""column"": ""[federated.0qiz8oi1sb3cd813zi06q01yhyh5].[none:APERTURA_NIVEL_1:nk]"", ""filter-group"": ""11""}","[{""function"": ""level-members"", ""level"": ""[none:APERTURA_NIVEL_1:nk]"", ""{http://www.tableausoftware.com/xml/user}ui-enumeration"": ""all"", ""{http://www.tableausoftware.com/xml/user}ui-marker"": ""enumerate""}]"
1_1Aspectosdemogrficos_Informacincensal,DHBEvolucinTemporal,1.1 Aspectos demogr├íficos_Informaci├│n censal.twb,Características - Barras,[federated.0qiz8oi1sb3cd813zi06q01yhyh5].[none:Calculation_334673811823804420:nk],categorical,"{""class"": ""categorical"", ""column"": ""[federated.0qiz8oi1sb3cd813zi06q01yhyh5].[none:Calculation_334673811823804420:nk]"", ""filter-group"": ""27""}","[{""function"": ""member"", ""level"": ""[none:Calculation_334673811823804420:nk]"", ""member"": ""true"", ""{http://www.tableausoftware.com/xml/user}ui-domain"": ""relevant"", ""{http://www.tableausoftware.com/xml/user}ui-enumeration"": ""inclusive"", ""{http://www.tableausoftware.com/xml/user}ui-marker"": ""enumerate""}]"
1_1Aspectosdemogrficos_Informacincensal,DHBEvolucinTemporal,1.1 Aspectos demogr├íficos_Informaci├│n censal.twb,Características - Barras,[federated.0qiz8oi1sb3cd813zi06q01yhyh5].[none:Calculation_334673811825987589:nk],categorical,"{""class"": ""categorical"", ""column"": ""[federated.0qiz8oi1sb3cd813zi06q01yhyh5].[none:Calculation_334673811825987589:nk]"", ""filter-group"": ""8""}","[{""function"": ""member"", ""level"": ""[none:Calculation_334673811825987589:nk]"", ""member"": ""true"", ""{http://www.tableausoftware.com/xml/user}ui-domain"": ""relevant"", ""{http://www.tableausoftware.com/xml/user}ui-enumeration"": ""inclusive"", ""{http://www.tableausoftware.com/xml/user}ui-marker"": ""enumerate""}]"
1_1Aspectosdemogrficos_Informacincensal,DHBEvolucinTemporal,1.1 Aspectos demogr├íficos_Informaci├│n censal.twb,Características - Barras,[federated.0qiz8oi1sb3cd813zi06q01yhyh5].[none:Distribuciones - Visualizar Gráfico Torta (copy)_159666739711741954:qk],quantitative,"{""class"": ""quantitative"", ""column"": ""[federated.0qiz8oi1sb3cd813zi06q01yhyh5].[none:Distribuciones - Visualizar Gráfico Torta (copy)_159666739711741954:qk]"", ""included-values"": ""in-range-or-null""}",[]
1_1Aspectosdemogrficos_Informacincensal,DHBEvolucinTemporal,1.1 Aspectos demogr├íficos_Informaci├│n censal.twb,Características - Barras,[federated.0qiz8oi1sb3cd813zi06q01yhyh5].[none:INDICADOR_NOMBRE (Indicadores):nk],categorical,"{""class"": ""categorical"", ""column"": ""[federated.0qiz8oi1sb3cd813zi06q01yhyh5].[none:INDICADOR_NOMBRE (Indicadores):nk]"", ""filter-group"": ""7""}","[{""function"": ""level-members"", ""level"": ""[none:INDICADOR_NOMBRE (Indicadores):nk]"", ""{http://www.tableausoftware.com/xml/user}ui-enumeration"": ""all"", ""{http://www.tableausoftware.com/xml/user}ui-marker"": ""enumerate""}]"
1_1Aspectosdemogrficos_Informacincensal,DHBEvolucinTemporal,1.1 Aspectos demogr├íficos_Informaci├│n censal.twb,Características - Barras,[federated.0qiz8oi1sb3cd813zi06q01yhyh5].[none:UNIDAD_GEOGRAFICA_NOMBRE:nk],categorical,"{""class"": ""categorical"", ""column"": ""[federated.0qiz8oi1sb3cd813zi06q01yhyh5].[none:UNIDAD_GEOGRAFICA_NOMBRE:nk]"", ""filter-group"": ""17""}","[{""function"": ""level-members"", ""level"": ""[none:UNIDAD_GEOGRAFICA_NOMBRE:nk]"", ""{http://www.tableausoftware.com/xml/user}ui-enumeration"": ""all"", ""{http://www.tableausoftware.com/xml/user}ui-marker"": ""enumerate""}]"
1_1Aspectosdemogrficos_Informacincensal,DHBEvolucinTemporal,1.1 Aspectos demogr├íficos_Informaci├│n censal.twb,Características - Barras,[federated.0qiz8oi1sb3cd813zi06q01yhyh5].[none:Visualizar Indicadores (copy)_4723009404679073821:nk],categorical,"{""class"": ""categorical"", ""column"": ""[federated.0qiz8oi1sb3cd813zi06q01yhyh5].[none:Visualizar Indicadores (copy)_4723009404679073821:nk]"", ""filter-group"": ""12""}","[{""function"": ""member"", ""level"": ""[none:Visualizar Indicadores (copy)_4723009404679073821:nk]"", ""member"": ""true"", ""{http://www.tableausoftware.com/xml/user}ui-domain"": ""relevant"", ""{http://www.tableausoftware.com/xml/user}ui-enumeration"": ""inclusive"", ""{http://www.tableausoftware.com/xml/user}ui-marker"": ""enumerate""}]"
1_1Aspectosdemogrficos_Informacincensal,DHBEvolucinTemporal,1.1 Aspectos demogr├íficos_Informaci├│n censal.twb,Características - Filtro,[federated.0qiz8oi1sb3cd813zi06q01yhyh5].[DATOS_DISTRIBUCIONES_1],categorical,"{""class"": ""categorical"", ""column"": ""[federated.0qiz8oi1sb3cd813zi06q01yhyh5].[DATOS_DISTRIBUCIONES_1]"", ""filter-group"": ""26""}","[{""function"": ""level-members"", ""level"": ""[TIPO_DE_DATO]"", ""{http://www.tableausoftware.com/xml/user}ui-enumeration"": ""all"", ""{http://www.tableausoftware.com/xml/user}ui-marker"": ""enumerate""}]"
1_1Aspectosdemogrficos_Informacincensal,DHBEvolucinTemporal,1.1 Aspectos demogr├íficos_Informaci├│n censal.twb,Características - Filtro,[federated.0qiz8oi1sb3cd813zi06q01yhyh5].[none:ANIO:ok],categorical,"{""class"": ""categorical"", ""column"": ""[federated.0qiz8oi1sb3cd813zi06q01yhyh5].[none:ANIO:ok]"", ""filter-group"": ""6""}","[{""function"": ""level-members"", ""level"": ""[none:ANIO:ok]"", ""{http://www.tableausoftware.com/xml/user}ui-enumeration"": ""all"", ""{http://www.tableausoftware.com/xml/user}ui-marker"": ""enumerate""}]"
1_1Aspectosdemogrficos_Informacincensal,DHBEvolucinTemporal,1.1 Aspectos demogr├íficos_Informaci├│n censal.twb,Características - Filtro,[federated.0qiz8oi1sb3cd813zi06q01yhyh5].[none:APERTURA_NIVEL_1:nk],categorical,"{""class"": ""categorical"", ""column"": ""[federated.0qiz8oi1sb3cd813zi06q01yhyh5].[none:APERTURA_NIVEL_1:nk]"", ""filter-group"": ""11""}","[{""function"": ""level-members"", ""level"": ""[none:APERTURA_NIVEL_1:nk]"", ""{http://www.tableausoftware.com/xml/user}ui-enumeration"": ""all"", ""{http://www.tableausoftware.com/xml/user}ui-marker"": ""enumerate""}]"
1_1Aspectosdemogrficos_Informacincensal,DHBEvolucinTemporal,1.1 Aspectos demogr├íficos_Informaci├│n censal.twb,Características - Filtro,[federated.0qiz8oi1sb3cd813zi06q01yhyh5].[none:Calculation_334673811823804420:nk],categorical,"{""class"": ""categorical"", ""column"": ""[federated.0qiz8oi1sb3cd813zi06q01yhyh5].[none:Calculation_334673811823804420:nk]"", ""filter-group"": ""27""}","[{""function"": ""member"", ""level"": ""[none:Calculation_334673811823804420:nk]"", ""member"": ""true"", ""{http://www.tableausoftware.com/xml/user}ui-domain"": ""relevant"", ""{http://www.tableausoftware.com/xml/user}ui-enumeration"": ""inclusive"", ""{http://www.tableausoftware.com/xml/user}ui-marker"": ""enumerate""}]"
1_1Aspectosdemogrficos_Informacincensal,DHBEvolucinTemporal,1.1 Aspectos demogr├íficos_Informaci├│n censal.twb,Características - Filtro,[federated.0qiz8oi1sb3cd813zi06q01yhyh5].[none:Calculation_334673811825987589:nk],categorical,"{""class"": ""categorical"", ""column"": ""[federated.0qiz8oi1sb3cd813zi06q01yhyh5].[none:Calculation_334673811825987589:nk]""}","[{""function"": ""member"", ""level"": ""[none:Calculation_334673811825987589:nk]"", ""member"": ""true"", ""{http://www.tableausoftware.com/xml/user}ui-domain"": ""relevant"", ""{http://www.tableausoftware.com/xml/user}ui-enumeration"": ""inclusive"", ""{http://www.tableausoftware.com/xml/user}ui-marker"": ""enumerate""}]"
1_1Aspectosdemogrficos_Informacincensal,DHBEvolucinTemporal,1.1 Aspectos demogr├íficos_Informaci├│n censal.twb,Características - Filtro,[federated.0qiz8oi1sb3cd813zi06q01yhyh5].[none:INDICADOR_NOMBRE (Indicadores):nk],categorical,"{""class"": ""categorical"", ""column"": ""[federated.0qiz8oi1sb3cd813zi06q01yhyh5].[none:INDICADOR_NOMBRE (Indicadores):nk]"", ""filter-group"": ""7""}","[{""function"": ""level-members"", ""level"": ""[none:INDICADOR_NOMBRE (Indicadores):nk]"", ""{http://www.tableausoftware.com/xml/user}ui-enumeration"": ""all"", ""{http://www.tableausoftware.com/xml/user}ui-marker"": ""enumerate""}]"
1_1Aspectosdemogrficos_Informacincensal,DHBEvolucinTemporal,1.1 Aspectos demogr├íficos_Informaci├│n censal.twb,Características - Filtro,[federated.0qiz8oi1sb3cd813zi06q01yhyh5].[none:UNIDAD_GEOGRAFICA_NOMBRE:nk],categorical,"{""class"": ""categorical"", ""column"": ""[federated.0qiz8oi1sb3cd813zi06q01yhyh5].[none:UNIDAD_GEOGRAFICA_NOMBRE:nk]"", ""filter-group"": ""17""}","[{""function"": ""level-members"", ""level"": ""[none:UNIDAD_GEOGRAFICA_NOMBRE:nk]"", ""{http://www.tableausoftware.com/xml/user}ui-enumeration"": ""all"", ""{http://www.tableausoftware.com/xml/user}ui-marker"": ""enumerate""}]"
1_1Aspectosdemogrficos_Informacincensal,DHBEvolucinTemporal,1.1 Aspectos demogr├íficos_Informaci├│n censal.twb,Características - Jerarquía,[federated.0qiz8oi1sb3cd813zi06q01yhyh5].[DATOS_DISTRIBUCIONES_1],categorical,"{""class"": ""categorical"", ""column"": ""[federated.0qiz8oi1sb3cd813zi06q01yhyh5].[DATOS_DISTRIBUCIONES_1]"", ""filter-group"": ""26""}","[{""function"": ""level-members"", ""level"": ""[TIPO_DE_DATO]"", ""{http://www.tableausoftware.com/xml/user}ui-enumeration"": ""all"", ""{http://www.tableausoftware.com/xml/user}ui-marker"": ""enumerate""}]"
1_1Aspectosdemogrficos_Informacincensal,DHBEvolucinTemporal,1.1 Aspectos demogr├íficos_Informaci├│n censal.twb,Características - Jerarquía,[federated.0qiz8oi1sb3cd813zi06q01yhyh5].[none:ANIO:ok],categorical,"{""class"": ""categorical"", ""column"": ""[federated.0qiz8oi1sb3cd813zi06q01yhyh5].[none:ANIO:ok]"", ""filter-group"": ""6""}","[{""function"": ""level-members"", ""level"": ""[none:ANIO:ok]"", ""{http://www.tableausoftware.com/xml/user}ui-enumeration"": ""all"", ""{http://www.tableausoftware.com/xml/user}ui-marker"": ""enumerate""}]"
1_1Aspectosdemogrficos_Informacincensal,DHBEvolucinTemporal,1.1 Aspectos demogr├íficos_Informaci├│n censal.twb,Características - Jerarquía,[federated.0qiz8oi1sb3cd813zi06q01yhyh5].[none:APERTURA_NIVEL_1:nk],categorical,"{""class"": ""categorical"", ""column"": ""[federated.0qiz8oi1sb3cd813zi06q01yhyh5].[none:APERTURA_NIVEL_1:nk]"", ""filter-group"": ""11""}","[{""function"": ""level-members"", ""level"": ""[none:APERTURA_NIVEL_1:nk]"", ""{http://www.tableausoftware.com/xml/user}ui-enumeration"": ""all"", ""{http://www.tableausoftware.com/xml/user}ui-marker"": ""enumerate""}]"
1_1Aspectosdemogrficos_Informacincensal,DHBEvolucinTemporal,1.1 Aspectos demogr├íficos_Informaci├│n censal.twb,Características - Jerarquía,[federated.0qiz8oi1sb3cd813zi06q01yhyh5].[none:Calculation_334673811823804420:nk],categorical,"{""class"": ""categorical"", ""column"": ""[federated.0qiz8oi1sb3cd813zi06q01yhyh5].[none:Calculation_334673811823804420:nk]"", ""filter-group"": ""27""}","[{""function"": ""member"", ""level"": ""[none:Calculation_334673811823804420:nk]"", ""member"": ""true"", ""{http://www.tableausoftware.com/xml/user}ui-domain"": ""relevant"", ""{http://www.tableausoftware.com/xml/user}ui-enumeration"": ""inclusive"", ""{http://www.tableausoftware.com/xml/user}ui-marker"": ""enumerate""}]"
1_1Aspectosdemogrficos_Informacincensal,DHBEvolucinTemporal,1.1 Aspectos demogr├íficos_Informaci├│n censal.twb,Características - Jerarquía,[federated.0qiz8oi1sb3cd813zi06q01yhyh5].[none:Calculation_334673811825987589:nk],categorical,"{""class"": ""categorical"", ""column"": ""[federated.0qiz8oi1sb3cd813zi06q01yhyh5].[none:Calculation_334673811825987589:nk]"", ""filter-group"": ""8""}","[{""function"": ""member"", ""level"": ""[none:Calculation_334673811825987589:nk]"", ""member"": ""true"", ""{http://www.tableausoftware.com/xml/user}ui-domain"": ""relevant"", ""{http://www.tableausoftware.com/xml/user}ui-enumeration"": ""inclusive"", ""{http://www.tableausoftware.com/xml/user}ui-marker"": ""enumerate""}]"
1_1Aspectosdemogrficos_Informacincensal,DHBEvolucinTemporal,1.1 Aspectos demogr├íficos_Informaci├│n censal.twb,Características - Jerarquía,[federated.0qiz8oi1sb3cd813zi06q01yhyh5].[none:INDICADOR_NOMBRE (Indicadores):nk],categorical,"{""class"": ""categorical"", ""column"": ""[federated.0qiz8oi1sb3cd813zi06q01yhyh5].[none:INDICADOR_NOMBRE (Indicadores):nk]"", ""filter-group"": ""7""}","[{""function"": ""level-members"", ""level"": ""[none:INDICADOR_NOMBRE (Indicadores):nk]"", ""{http://www.tableausoftware.com/xml/user}ui-enumeration"": ""all"", ""{http://www.tableausoftware.com/xml/user}ui-marker"": ""enumerate""}]"
1_1Aspectosdemogrficos_Informacincensal,DHBEvolucinTemporal,1.1 Aspectos demogr├íficos_Informaci├│n censal.twb,Características - Jerarquía,[federated.0qiz8oi1sb3cd813zi06q01yhyh5].[none:UNIDAD_GEOGRAFICA_NOMBRE:nk],categorical,"{""class"": ""categorical"", ""column"": ""[federated.0qiz8oi1sb3cd813zi06q01yhyh5].[none:UNIDAD_GEOGRAFICA_NOMBRE:nk]"", ""filter-group"": ""17""}","[{""function"": ""level-members"", ""level"": ""[none:UNIDAD_GEOGRAFICA_NOMBRE:nk]"", ""{http://www.tableausoftware.com/xml/user}ui-enumeration"": ""all"", ""{http://www.tableausoftware.com/xml/user}ui-marker"": ""enumerate""}]"
1_1Aspectosdemogrficos_Informacincensal,DHBEvolucinTemporal,1.1 Aspectos demogr├íficos_Informaci├│n censal.twb,Características - Jerarquía,[federated.0qiz8oi1sb3cd813zi06q01yhyh5].[none:Visualizar Gráfico Tabla (copia)_1886797147614306325:qk],quantitative,"{""class"": ""quantitative"", ""column"": ""[federated.0qiz8oi1sb3cd813zi06q01yhyh5].[none:Visualizar Gráfico Tabla (copia)_1886797147614306325:qk]"", ""included-values"": ""in-range-or-null""}",[]
1_1Aspectosdemogrficos_Informacincensal,DHBEvolucinTemporal,1.1 Aspectos demogr├íficos_Informaci├│n censal.twb,Características - Jerarquía,[federated.0qiz8oi1sb3cd813zi06q01yhyh5].[none:Visualizar Indicadores (copy)_4723009404679073821:nk],categorical,"{""class"": ""categorical"", ""column"": ""[federated.0qiz8oi1sb3cd813zi06q01yhyh5].[none:Visualizar Indicadores (copy)_4723009404679073821:nk]"", ""filter-group"": ""12""}","[{""function"": ""member"", ""level"": ""[none:Visualizar Indicadores (copy)_4723009404679073821:nk]"", ""member"": ""true"", ""{http://www.tableausoftware.com/xml/user}ui-domain"": ""relevant"", ""{http://www.tableausoftware.com/xml/user}ui-enumeration"": ""inclusive"", ""{http://www.tableausoftware.com/xml/user}ui-marker"": ""enumerate""}]"
1_1Aspectosdemogrficos_Informacincensal,DHBEvolucinTemporal,1.1 Aspectos demogr├íficos_Informaci├│n censal.twb,Características - Torta,[federated.0qiz8oi1sb3cd813zi06q01yhyh5].[DATOS_DISTRIBUCIONES_1],categorical,"{""class"": ""categorical"", ""column"": ""[federated.0qiz8oi1sb3cd813zi06q01yhyh5].[DATOS_DISTRIBUCIONES_1]"", ""filter-group"": ""26""}","[{""function"": ""level-members"", ""level"": ""[TIPO_DE_DATO]"", ""{http://www.tableausoftware.com/xml/user}ui-enumeration"": ""all"", ""{http://www.tableausoftware.com/xml/user}ui-marker"": ""enumerate""}]"
1_1Aspectosdemogrficos_Informacincensal,DHBEvolucinTemporal,1.1 Aspectos demogr├íficos_Informaci├│n censal.twb,Características - Torta,[federated.0qiz8oi1sb3cd813zi06q01yhyh5].[attr:APERTURA_NIVEL_1:nk],categorical,"{""class"": ""categorical"", ""column"": ""[federated.0qiz8oi1sb3cd813zi06q01yhyh5].[attr:APERTURA_NIVEL_1:nk]""}","[{""function"": ""except"", ""{http://www.tableausoftware.com/xml/user}ui-domain"": ""relevant"", ""{http://www.tableausoftware.com/xml/user}ui-enumeration"": ""exclusive"", ""{http://www.tableausoftware.com/xml/user}ui-manual-selection"": ""true"", ""{http://www.tableausoftware.com/xml/user}ui-manual-selection-all-when-empty"": ""true"", ""{http://www.tableausoftware.com/xml/user}ui-marker"": ""enumerate""}, {""function"": ""level-members"", ""level"": ""[attr:APERTURA_NIVEL_1:nk]""}, {""function"": ""member"", ""level"": ""[attr:APERTURA_NIVEL_1:nk]"", ""member"": ""\""Crédito vigente\""""}]"
1_1Aspectosdemogrficos_Informacincensal,DHBEvolucinTemporal,1.1 Aspectos demogr├íficos_Informaci├│n censal.twb,Características - Torta,[federated.0qiz8oi1sb3cd813zi06q01yhyh5].[none:ANIO:ok],categorical,"{""class"": ""categorical"", ""column"": ""[federated.0qiz8oi1sb3cd813zi06q01yhyh5].[none:ANIO:ok]"", ""filter-group"": ""6""}","[{""function"": ""level-members"", ""level"": ""[none:ANIO:ok]"", ""{http://www.tableausoftware.com/xml/user}ui-enumeration"": ""all"", ""{http://www.tableausoftware.com/xml/user}ui-marker"": ""enumerate""}]"
1_1Aspectosdemogrficos_Informacincensal,DHBEvolucinTemporal,1.1 Aspectos demogr├íficos_Informaci├│n censal.twb,Características - Torta,[federated.0qiz8oi1sb3cd813zi06q01yhyh5].[none:APERTURA_NIVEL_1:nk],categorical,"{""class"": ""categorical"", ""column"": ""[federated.0qiz8oi1sb3cd813zi06q01yhyh5].[none:APERTURA_NIVEL_1:nk]"", ""filter-group"": ""11""}","[{""function"": ""level-members"", ""level"": ""[none:APERTURA_NIVEL_1:nk]"", ""{http://www.tableausoftware.com/xml/user}ui-enumeration"": ""all"", ""{http://www.tableausoftware.com/xml/user}ui-marker"": ""enumerate""}]"
1_1Aspectosdemogrficos_Informacincensal,DHBEvolucinTemporal,1.1 Aspectos demogr├íficos_Informaci├│n censal.twb,Características - Torta,[federated.0qiz8oi1sb3cd813zi06q01yhyh5].[none:Calculation_334673811823804420:nk],categorical,"{""class"": ""categorical"", ""column"": ""[federated.0qiz8oi1sb3cd813zi06q01yhyh5].[none:Calculation_334673811823804420:nk]"", ""filter-group"": ""27""}","[{""function"": ""member"", ""level"": ""[none:Calculation_334673811823804420:nk]"", ""member"": ""true"", ""{http://www.tableausoftware.com/xml/user}ui-domain"": ""relevant"", ""{http://www.tableausoftware.com/xml/user}ui-enumeration"": ""inclusive"", ""{http://www.tableausoftware.com/xml/user}ui-marker"": ""enumerate""}]"
1_1Aspectosdemogrficos_Informacincensal,DHBEvolucinTemporal,1.1 Aspectos demogr├íficos_Informaci├│n censal.twb,Características - Torta,[federated.0qiz8oi1sb3cd813zi06q01yhyh5].[none:Calculation_334673811825987589:nk],categorical,"{""class"": ""categorical"", ""column"": ""[federated.0qiz8oi1sb3cd813zi06q01yhyh5].[none:Calculation_334673811825987589:nk]"", ""filter-group"": ""8""}","[{""function"": ""member"", ""level"": ""[none:Calculation_334673811825987589:nk]"", ""member"": ""true"", ""{http://www.tableausoftware.com/xml/user}ui-domain"": ""relevant"", ""{http://www.tableausoftware.com/xml/user}ui-enumeration"": ""inclusive"", ""{http://www.tableausoftware.com/xml/user}ui-marker"": ""enumerate""}]"
1_1Aspectosdemogrficos_Informacincensal,DHBEvolucinTemporal,1.1 Aspectos demogr├íficos_Informaci├│n censal.twb,Características - Torta,[federated.0qiz8oi1sb3cd813zi06q01yhyh5].[none:INDICADOR_NOMBRE (Indicadores):nk],categorical,"{""class"": ""categorical"", ""column"": ""[federated.0qiz8oi1sb3cd813zi06q01yhyh5].[none:INDICADOR_NOMBRE (Indicadores):nk]"", ""filter-group"": ""7""}","[{""function"": ""level-members"", ""level"": ""[none:INDICADOR_NOMBRE (Indicadores):nk]"", ""{http://www.tableausoftware.com/xml/user}ui-enumeration"": ""all"", ""{http://www.tableausoftware.com/xml/user}ui-marker"": ""enumerate""}]"
1_1Aspectosdemogrficos_Informacincensal,DHBEvolucinTemporal,1.1 Aspectos demogr├íficos_Informaci├│n censal.twb,Características - Torta,[federated.0qiz8oi1sb3cd813zi06q01yhyh5].[none:UNIDAD_GEOGRAFICA_NOMBRE:nk],categorical,"{""class"": ""categorical"", ""column"": ""[federated.0qiz8oi1sb3cd813zi06q01yhyh5].[none:UNIDAD_GEOGRAFICA_NOMBRE:nk]"", ""filter-group"": ""17""}","[{""function"": ""level-members"", ""level"": ""[none:UNIDAD_GEOGRAFICA_NOMBRE:nk]"", ""{http://www.tableausoftware.com/xml/user}ui-enumeration"": ""all"", ""{http://www.tableausoftware.com/xml/user}ui-marker"": ""enumerate""}]"
1_1Aspectosdemogrficos_Informacincensal,DHBEvolucinTemporal,1.1 Aspectos demogr├íficos_Informaci├│n censal.twb,Características - Torta,[federated.0qiz8oi1sb3cd813zi06q01yhyh5].[none:Visualizar Gráfico Jerarquía (copia)_1886797147614466070:qk],quantitative,"{""class"": ""quantitative"", ""column"": ""[federated.0qiz8oi1sb3cd813zi06q01yhyh5].[none:Visualizar Gráfico Jerarquía (copia)_1886797147614466070:qk]"", ""included-values"": ""in-range-or-null""}",[]
1_1Aspectosdemogrficos_Informacincensal,DHBEvolucinTemporal,1.1 Aspectos demogr├íficos_Informaci├│n censal.twb,Características - Torta,[federated.0qiz8oi1sb3cd813zi06q01yhyh5].[none:Visualizar Indicadores (copy)_4723009404679073821:nk],categorical,"{""class"": ""categorical"", ""column"": ""[federated.0qiz8oi1sb3cd813zi06q01yhyh5].[none:Visualizar Indicadores (copy)_4723009404679073821:nk]"", ""filter-group"": ""12""}","[{""function"": ""member"", ""level"": ""[none:Visualizar Indicadores (copy)_4723009404679073821:nk]"", ""member"": ""true"", ""{http://www.tableausoftware.com/xml/user}ui-domain"": ""relevant"", ""{http://www.tableausoftware.com/xml/user}ui-enumeration"": ""inclusive"", ""{http://www.tableausoftware.com/xml/user}ui-marker"": ""enumerate""}]"
1_1Aspectosdemogrficos_Informacincensal,DHBEvolucinTemporal,1.1 Aspectos demogr├íficos_Informaci├│n censal.twb,Características - Título,[federated.0qiz8oi1sb3cd813zi06q01yhyh5].[DATOS_DISTRIBUCIONES_1],categorical,"{""class"": ""categorical"", ""column"": ""[federated.0qiz8oi1sb3cd813zi06q01yhyh5].[DATOS_DISTRIBUCIONES_1]"", ""filter-group"": ""26""}","[{""function"": ""level-members"", ""level"": ""[TIPO_DE_DATO]"", ""{http://www.tableausoftware.com/xml/user}ui-enumeration"": ""all"", ""{http://www.tableausoftware.com/xml/user}ui-marker"": ""enumerate""}]"
1_1Aspectosdemogrficos_Informacincensal,DHBEvolucinTemporal,1.1 Aspectos demogr├íficos_Informaci├│n censal.twb,Características - Título,[federated.0qiz8oi1sb3cd813zi06q01yhyh5].[none:ANIO:ok],categorical,"{""class"": ""categorical"", ""column"": ""[federated.0qiz8oi1sb3cd813zi06q01yhyh5].[none:ANIO:ok]"", ""filter-group"": ""6""}","[{""function"": ""level-members"", ""level"": ""[none:ANIO:ok]"", ""{http://www.tableausoftware.com/xml/user}ui-enumeration"": ""all"", ""{http://www.tableausoftware.com/xml/user}ui-marker"": ""enumerate""}]"
1_1Aspectosdemogrficos_Informacincensal,DHBEvolucinTemporal,1.1 Aspectos demogr├íficos_Informaci├│n censal.twb,Características - Título,[federated.0qiz8oi1sb3cd813zi06q01yhyh5].[none:APERTURA_NIVEL_1:nk],categorical,"{""class"": ""categorical"", ""column"": ""[federated.0qiz8oi1sb3cd813zi06q01yhyh5].[none:APERTURA_NIVEL_1:nk]"", ""filter-group"": ""11""}","[{""function"": ""level-members"", ""level"": ""[none:APERTURA_NIVEL_1:nk]"", ""{http://www.tableausoftware.com/xml/user}ui-enumeration"": ""all"", ""{http://www.tableausoftware.com/xml/user}ui-marker"": ""enumerate""}]"
1_1Aspectosdemogrficos_Informacincensal,DHBEvolucinTemporal,1.1 Aspectos demogr├íficos_Informaci├│n censal.twb,Características - Título,[federated.0qiz8oi1sb3cd813zi06q01yhyh5].[none:Calculation_334673811823804420:nk],categorical,"{""class"": ""categorical"", ""column"": ""[federated.0qiz8oi1sb3cd813zi06q01yhyh5].[none:Calculation_334673811823804420:nk]"", ""filter-group"": ""27""}","[{""function"": ""member"", ""level"": ""[none:Calculation_334673811823804420:nk]"", ""member"": ""true"", ""{http://www.tableausoftware.com/xml/user}ui-domain"": ""relevant"", ""{http://www.tableausoftware.com/xml/user}ui-enumeration"": ""inclusive"", ""{http://www.tableausoftware.com/xml/user}ui-marker"": ""enumerate""}]"
1_1Aspectosdemogrficos_Informacincensal,DHBEvolucinTemporal,1.1 Aspectos demogr├íficos_Informaci├│n censal.twb,Características - Título,[federated.0qiz8oi1sb3cd813zi06q01yhyh5].[none:Calculation_334673811825987589:nk],categorical,"{""class"": ""categorical"", ""column"": ""[federated.0qiz8oi1sb3cd813zi06q01yhyh5].[none:Calculation_334673811825987589:nk]"", ""filter-group"": ""8""}","[{""function"": ""member"", ""level"": ""[none:Calculation_334673811825987589:nk]"", ""member"": ""true"", ""{http://www.tableausoftware.com/xml/user}ui-domain"": ""relevant"", ""{http://www.tableausoftware.com/xml/user}ui-enumeration"": ""inclusive"", ""{http://www.tableausoftware.com/xml/user}ui-marker"": ""enumerate""}]"
1_1Aspectosdemogrficos_Informacincensal,DHBEvolucinTemporal,1.1 Aspectos demogr├íficos_Informaci├│n censal.twb,Características - Título,[federated.0qiz8oi1sb3cd813zi06q01yhyh5].[none:INDICADOR_NOMBRE (Indicadores):nk],categorical,"{""class"": ""categorical"", ""column"": ""[federated.0qiz8oi1sb3cd813zi06q01yhyh5].[none:INDICADOR_NOMBRE (Indicadores):nk]"", ""filter-group"": ""7""}","[{""function"": ""level-members"", ""level"": ""[none:INDICADOR_NOMBRE (Indicadores):nk]"", ""{http://www.tableausoftware.com/xml/user}ui-enumeration"": ""all"", ""{http://www.tableausoftware.com/xml/user}ui-marker"": ""enumerate""}]"
1_1Aspectosdemogrficos_Informacincensal,DHBEvolucinTemporal,1.1 Aspectos demogr├íficos_Informaci├│n censal.twb,Características - Título,[federated.0qiz8oi1sb3cd813zi06q01yhyh5].[none:UNIDAD_GEOGRAFICA_NOMBRE:nk],categorical,"{""class"": ""categorical"", ""column"": ""[federated.0qiz8oi1sb3cd813zi06q01yhyh5].[none:UNIDAD_GEOGRAFICA_NOMBRE:nk]"", ""filter-group"": ""17""}","[{""function"": ""level-members"", ""level"": ""[none:UNIDAD_GEOGRAFICA_NOMBRE:nk]"", ""{http://www.tableausoftware.com/xml/user}ui-enumeration"": ""all"", ""{http://www.tableausoftware.com/xml/user}ui-marker"": ""enumerate""}]"
1_1Aspectosdemogrficos_Informacincensal,DHBEvolucinTemporal,1.1 Aspectos demogr├íficos_Informaci├│n censal.twb,Características - Título,[federated.0qiz8oi1sb3cd813zi06q01yhyh5].[none:Visualizar Indicadores (copy)_4723009404679073821:nk],categorical,"{""class"": ""categorical"", ""column"": ""[federated.0qiz8oi1sb3cd813zi06q01yhyh5].[none:Visualizar Indicadores (copy)_4723009404679073821:nk]"", ""filter-group"": ""12""}","[{""function"": ""member"", ""level"": ""[none:Visualizar Indicadores (copy)_4723009404679073821:nk]"", ""member"": ""true"", ""{http://www.tableausoftware.com/xml/user}ui-domain"": ""relevant"", ""{http://www.tableausoftware.com/xml/user}ui-enumeration"": ""inclusive"", ""{http://www.tableausoftware.com/xml/user}ui-marker"": ""enumerate""}]"
1_1Aspectosdemogrficos_Informacincensal,DHBEvolucinTemporal,1.1 Aspectos demogr├íficos_Informaci├│n censal.twb,Características- Filtro Indicador,[federated.0qiz8oi1sb3cd813zi06q01yhyh5].[DATOS_DISTRIBUCIONES_1],categorical,"{""class"": ""categorical"", ""column"": ""[federated.0qiz8oi1sb3cd813zi06q01yhyh5].[DATOS_DISTRIBUCIONES_1]"", ""filter-group"": ""26""}","[{""function"": ""level-members"", ""level"": ""[TIPO_DE_DATO]"", ""{http://www.tableausoftware.com/xml/user}ui-enumeration"": ""all"", ""{http://www.tableausoftware.com/xml/user}ui-marker"": ""enumerate""}]"
1_1Aspectosdemogrficos_Informacincensal,DHBEvolucinTemporal,1.1 Aspectos demogr├íficos_Informaci├│n censal.twb,Características- Filtro Indicador,[federated.0qiz8oi1sb3cd813zi06q01yhyh5].[none:ANIO:ok],categorical,"{""class"": ""categorical"", ""column"": ""[federated.0qiz8oi1sb3cd813zi06q01yhyh5].[none:ANIO:ok]"", ""filter-group"": ""6""}","[{""function"": ""level-members"", ""level"": ""[none:ANIO:ok]"", ""{http://www.tableausoftware.com/xml/user}ui-enumeration"": ""all"", ""{http://www.tableausoftware.com/xml/user}ui-marker"": ""enumerate""}]"
1_1Aspectosdemogrficos_Informacincensal,DHBEvolucinTemporal,1.1 Aspectos demogr├íficos_Informaci├│n censal.twb,Características- Filtro Indicador,[federated.0qiz8oi1sb3cd813zi06q01yhyh5].[none:APERTURA_NIVEL_1:nk],categorical,"{""class"": ""categorical"", ""column"": ""[federated.0qiz8oi1sb3cd813zi06q01yhyh5].[none:APERTURA_NIVEL_1:nk]"", ""filter-group"": ""11""}","[{""function"": ""level-members"", ""level"": ""[none:APERTURA_NIVEL_1:nk]"", ""{http://www.tableausoftware.com/xml/user}ui-enumeration"": ""all"", ""{http://www.tableausoftware.com/xml/user}ui-marker"": ""enumerate""}]"
1_1Aspectosdemogrficos_Informacincensal,DHBEvolucinTemporal,1.1 Aspectos demogr├íficos_Informaci├│n censal.twb,Características- Filtro Indicador,[federated.0qiz8oi1sb3cd813zi06q01yhyh5].[none:Calculation_334673811823804420:nk],categorical,"{""class"": ""categorical"", ""column"": ""[federated.0qiz8oi1sb3cd813zi06q01yhyh5].[none:Calculation_334673811823804420:nk]"", ""filter-group"": ""27""}","[{""function"": ""member"", ""level"": ""[none:Calculation_334673811823804420:nk]"", ""member"": ""true"", ""{http://www.tableausoftware.com/xml/user}ui-domain"": ""relevant"", ""{http://www.tableausoftware.com/xml/user}ui-enumeration"": ""inclusive"", ""{http://www.tableausoftware.com/xml/user}ui-marker"": ""enumerate""}]"
1_1Aspectosdemogrficos_Informacincensal,DHBEvolucinTemporal,1.1 Aspectos demogr├íficos_Informaci├│n censal.twb,Características- Filtro Indicador,[federated.0qiz8oi1sb3cd813zi06q01yhyh5].[none:INDICADOR_NOMBRE (Indicadores):nk],categorical,"{""class"": ""categorical"", ""column"": ""[federated.0qiz8oi1sb3cd813zi06q01yhyh5].[none:INDICADOR_NOMBRE (Indicadores):nk]"", ""filter-group"": ""7""}","[{""function"": ""level-members"", ""level"": ""[none:INDICADOR_NOMBRE (Indicadores):nk]"", ""{http://www.tableausoftware.com/xml/user}ui-enumeration"": ""all"", ""{http://www.tableausoftware.com/xml/user}ui-marker"": ""enumerate""}]"
1_1Aspectosdemogrficos_Informacincensal,DHBEvolucinTemporal,1.1 Aspectos demogr├íficos_Informaci├│n censal.twb,Características- Filtro Indicador,[federated.0qiz8oi1sb3cd813zi06q01yhyh5].[none:UNIDAD_GEOGRAFICA_NOMBRE:nk],categorical,"{""class"": ""categorical"", ""column"": ""[federated.0qiz8oi1sb3cd813zi06q01yhyh5].[none:UNIDAD_GEOGRAFICA_NOMBRE:nk]"", ""filter-group"": ""17""}","[{""function"": ""level-members"", ""level"": ""[none:UNIDAD_GEOGRAFICA_NOMBRE:nk]"", ""{http://www.tableausoftware.com/xml/user}ui-enumeration"": ""all"", ""{http://www.tableausoftware.com/xml/user}ui-marker"": ""enumerate""}]"
1_1Aspectosdemogrficos_Informacincensal,DHBEvolucinTemporal,1.1 Aspectos demogr├íficos_Informaci├│n censal.twb,Cruces Relevantes - Aperturas - Barras,[federated.0qiz8oi1sb3cd813zi06q01yhyh5].[DATOS_APERTURAS_1],categorical,"{""class"": ""categorical"", ""column"": ""[federated.0qiz8oi1sb3cd813zi06q01yhyh5].[DATOS_APERTURAS_1]"", ""filter-group"": ""14""}","[{""function"": ""level-members"", ""level"": ""[TIPO_DE_DATO]"", ""{http://www.tableausoftware.com/xml/user}ui-enumeration"": ""all"", ""{http://www.tableausoftware.com/xml/user}ui-marker"": ""enumerate""}]"
1_1Aspectosdemogrficos_Informacincensal,DHBEvolucinTemporal,1.1 Aspectos demogr├íficos_Informaci├│n censal.twb,Cruces Relevantes - Aperturas - Barras,[federated.0qiz8oi1sb3cd813zi06q01yhyh5].[attr:APERTURA_DESCRIPCION:nk],categorical,"{""class"": ""categorical"", ""column"": ""[federated.0qiz8oi1sb3cd813zi06q01yhyh5].[attr:APERTURA_DESCRIPCION:nk]""}","[{""function"": ""level-members"", ""level"": ""[attr:APERTURA_DESCRIPCION:nk]"", ""{http://www.tableausoftware.com/xml/user}ui-enumeration"": ""all"", ""{http://www.tableausoftware.com/xml/user}ui-marker"": ""enumerate""}]"
1_1Aspectosdemogrficos_Informacincensal,DHBEvolucinTemporal,1.1 Aspectos demogr├íficos_Informaci├│n censal.twb,Cruces Relevantes - Aperturas - Barras,[federated.0qiz8oi1sb3cd813zi06q01yhyh5].[none:ANIO:ok],categorical,"{""class"": ""categorical"", ""column"": ""[federated.0qiz8oi1sb3cd813zi06q01yhyh5].[none:ANIO:ok]"", ""filter-group"": ""5""}","[{""function"": ""level-members"", ""level"": ""[none:ANIO:ok]"", ""{http://www.tableausoftware.com/xml/user}ui-enumeration"": ""all"", ""{http://www.tableausoftware.com/xml/user}ui-marker"": ""enumerate""}]"
1_1Aspectosdemogrficos_Informacincensal,DHBEvolucinTemporal,1.1 Aspectos demogr├íficos_Informaci├│n censal.twb,Cruces Relevantes - Aperturas - Barras,[federated.0qiz8oi1sb3cd813zi06q01yhyh5].[none:APERTURA_DESCRIPCION:nk],categorical,"{""class"": ""categorical"", ""column"": ""[federated.0qiz8oi1sb3cd813zi06q01yhyh5].[none:APERTURA_DESCRIPCION:nk]"", ""filter-group"": ""15""}","[{""function"": ""level-members"", ""level"": ""[none:APERTURA_DESCRIPCION:nk]"", ""{http://www.tableausoftware.com/xml/user}ui-enumeration"": ""all"", ""{http://www.tableausoftware.com/xml/user}ui-marker"": ""enumerate""}]"
1_1Aspectosdemogrficos_Informacincensal,DHBEvolucinTemporal,1.1 Aspectos demogr├íficos_Informaci├│n censal.twb,Cruces Relevantes - Aperturas - Barras,[federated.0qiz8oi1sb3cd813zi06q01yhyh5].[none:BTN Mostrar Gráficos Caracteristicas (copy)_54254335857942529:nk],categorical,"{""class"": ""categorical"", ""column"": ""[federated.0qiz8oi1sb3cd813zi06q01yhyh5].[none:BTN Mostrar Gráficos Caracteristicas (copy)_54254335857942529:nk]""}","[{""function"": ""member"", ""level"": ""[none:BTN Mostrar Gráficos Caracteristicas (copy)_54254335857942529:nk]"", ""member"": ""true"", ""{http://www.tableausoftware.com/xml/user}ui-domain"": ""relevant"", ""{http://www.tableausoftware.com/xml/user}ui-enumeration"": ""inclusive"", ""{http://www.tableausoftware.com/xml/user}ui-marker"": ""enumerate""}]"
1_1Aspectosdemogrficos_Informacincensal,DHBEvolucinTemporal,1.1 Aspectos demogr├íficos_Informaci├│n censal.twb,Cruces Relevantes - Aperturas - Barras,[federated.0qiz8oi1sb3cd813zi06q01yhyh5].[none:Calculation_334673811823804420:nk],categorical,"{""class"": ""categorical"", ""column"": ""[federated.0qiz8oi1sb3cd813zi06q01yhyh5].[none:Calculation_334673811823804420:nk]"", ""filter-group"": ""27""}","[{""function"": ""member"", ""level"": ""[none:Calculation_334673811823804420:nk]"", ""member"": ""true"", ""{http://www.tableausoftware.com/xml/user}ui-domain"": ""relevant"", ""{http://www.tableausoftware.com/xml/user}ui-enumeration"": ""inclusive"", ""{http://www.tableausoftware.com/xml/user}ui-marker"": ""enumerate""}]"
1_1Aspectosdemogrficos_Informacincensal,DHBEvolucinTemporal,1.1 Aspectos demogr├íficos_Informaci├│n censal.twb,Cruces Relevantes - Aperturas - Barras,[federated.0qiz8oi1sb3cd813zi06q01yhyh5].[none:Calculation_334673811825987589:nk],categorical,"{""class"": ""categorical"", ""column"": ""[federated.0qiz8oi1sb3cd813zi06q01yhyh5].[none:Calculation_334673811825987589:nk]""}","[{""function"": ""member"", ""level"": ""[none:Calculation_334673811825987589:nk]"", ""member"": ""true"", ""{http://www.tableausoftware.com/xml/user}ui-domain"": ""relevant"", ""{http://www.tableausoftware.com/xml/user}ui-enumeration"": ""inclusive"", ""{http://www.tableausoftware.com/xml/user}ui-marker"": ""enumerate""}]"
1_1Aspectosdemogrficos_Informacincensal,DHBEvolucinTemporal,1.1 Aspectos demogr├íficos_Informaci├│n censal.twb,Cruces Relevantes - Aperturas - Barras,[federated.0qiz8oi1sb3cd813zi06q01yhyh5].[none:Calculation_5425289489148153872:nk],categorical,"{""class"": ""categorical"", ""column"": ""[federated.0qiz8oi1sb3cd813zi06q01yhyh5].[none:Calculation_5425289489148153872:nk]""}","[{""function"": ""member"", ""level"": ""[none:Calculation_5425289489148153872:nk]"", ""member"": ""false"", ""{http://www.tableausoftware.com/xml/user}ui-domain"": ""relevant"", ""{http://www.tableausoftware.com/xml/user}ui-enumeration"": ""inclusive"", ""{http://www.tableausoftware.com/xml/user}ui-marker"": ""enumerate""}]"
1_1Aspectosdemogrficos_Informacincensal,DHBEvolucinTemporal,1.1 Aspectos demogr├íficos_Informaci├│n censal.twb,Cruces Relevantes - Aperturas - Barras,[federated.0qiz8oi1sb3cd813zi06q01yhyh5].[none:INDICADOR_NOMBRE (Indicadores):nk],categorical,"{""class"": ""categorical"", ""column"": ""[federated.0qiz8oi1sb3cd813zi06q01yhyh5].[none:INDICADOR_NOMBRE (Indicadores):nk]"", ""filter-group"": ""3""}","[{""function"": ""level-members"", ""level"": ""[none:INDICADOR_NOMBRE (Indicadores):nk]"", ""{http://www.tableausoftware.com/xml/user}ui-enumeration"": ""all"", ""{http://www.tableausoftware.com/xml/user}ui-marker"": ""enumerate""}]"
1_1Aspectosdemogrficos_Informacincensal,DHBEvolucinTemporal,1.1 Aspectos demogr├íficos_Informaci├│n censal.twb,Cruces Relevantes - Aperturas - Barras,[federated.0qiz8oi1sb3cd813zi06q01yhyh5].[none:UNIDAD_GEOGRAFICA_NOMBRE:nk],categorical,"{""class"": ""categorical"", ""column"": ""[federated.0qiz8oi1sb3cd813zi06q01yhyh5].[none:UNIDAD_GEOGRAFICA_NOMBRE:nk]"", ""filter-group"": ""23""}","[{""function"": ""level-members"", ""level"": ""[none:UNIDAD_GEOGRAFICA_NOMBRE:nk]"", ""{http://www.tableausoftware.com/xml/user}ui-enumeration"": ""all"", ""{http://www.tableausoftware.com/xml/user}ui-marker"": ""enumerate""}]"
1_1Aspectosdemogrficos_Informacincensal,DHBEvolucinTemporal,1.1 Aspectos demogr├íficos_Informaci├│n censal.twb,Cruces Relevantes - Aperturas - Barras,[federated.0qiz8oi1sb3cd813zi06q01yhyh5].[none:Visualizar Desagregaciones (copia)_541839333440749569:qk],quantitative,"{""class"": ""quantitative"", ""column"": ""[federated.0qiz8oi1sb3cd813zi06q01yhyh5].[none:Visualizar Desagregaciones (copia)_541839333440749569:qk]"", ""included-values"": ""in-range-or-null""}",[]
1_1Aspectosdemogrficos_Informacincensal,DHBEvolucinTemporal,1.1 Aspectos demogr├íficos_Informaci├│n censal.twb,Cruces Relevantes - Aperturas - Tabla,[federated.0qiz8oi1sb3cd813zi06q01yhyh5].[DATOS_APERTURAS_1],categorical,"{""class"": ""categorical"", ""column"": ""[federated.0qiz8oi1sb3cd813zi06q01yhyh5].[DATOS_APERTURAS_1]"", ""filter-group"": ""14""}","[{""function"": ""level-members"", ""level"": ""[TIPO_DE_DATO]"", ""{http://www.tableausoftware.com/xml/user}ui-enumeration"": ""all"", ""{http://www.tableausoftware.com/xml/user}ui-marker"": ""enumerate""}]"
1_1Aspectosdemogrficos_Informacincensal,DHBEvolucinTemporal,1.1 Aspectos demogr├íficos_Informaci├│n censal.twb,Cruces Relevantes - Aperturas - Tabla,[federated.0qiz8oi1sb3cd813zi06q01yhyh5].[none:ANIO:ok],categorical,"{""class"": ""categorical"", ""column"": ""[federated.0qiz8oi1sb3cd813zi06q01yhyh5].[none:ANIO:ok]"", ""filter-group"": ""5""}","[{""function"": ""level-members"", ""level"": ""[none:ANIO:ok]"", ""{http://www.tableausoftware.com/xml/user}ui-enumeration"": ""all"", ""{http://www.tableausoftware.com/xml/user}ui-marker"": ""enumerate""}]"
1_1Aspectosdemogrficos_Informacincensal,DHBEvolucinTemporal,1.1 Aspectos demogr├íficos_Informaci├│n censal.twb,Cruces Relevantes - Aperturas - Tabla,[federated.0qiz8oi1sb3cd813zi06q01yhyh5].[none:APERTURA_DESCRIPCION:nk],categorical,"{""class"": ""categorical"", ""column"": ""[federated.0qiz8oi1sb3cd813zi06q01yhyh5].[none:APERTURA_DESCRIPCION:nk]"", ""filter-group"": ""15""}","[{""function"": ""level-members"", ""level"": ""[none:APERTURA_DESCRIPCION:nk]"", ""{http://www.tableausoftware.com/xml/user}ui-enumeration"": ""all"", ""{http://www.tableausoftware.com/xml/user}ui-marker"": ""enumerate""}]"
1_1Aspectosdemogrficos_Informacincensal,DHBEvolucinTemporal,1.1 Aspectos demogr├íficos_Informaci├│n censal.twb,Cruces Relevantes - Aperturas - Tabla,[federated.0qiz8oi1sb3cd813zi06q01yhyh5].[none:BTN Mostrar Gráficos Caracteristicas (copy)_54254335857942529:nk],categorical,"{""class"": ""categorical"", ""column"": ""[federated.0qiz8oi1sb3cd813zi06q01yhyh5].[none:BTN Mostrar Gráficos Caracteristicas (copy)_54254335857942529:nk]""}","[{""function"": ""member"", ""level"": ""[none:BTN Mostrar Gráficos Caracteristicas (copy)_54254335857942529:nk]"", ""member"": ""true"", ""{http://www.tableausoftware.com/xml/user}ui-domain"": ""relevant"", ""{http://www.tableausoftware.com/xml/user}ui-enumeration"": ""inclusive"", ""{http://www.tableausoftware.com/xml/user}ui-marker"": ""enumerate""}]"
1_1Aspectosdemogrficos_Informacincensal,DHBEvolucinTemporal,1.1 Aspectos demogr├íficos_Informaci├│n censal.twb,Cruces Relevantes - Aperturas - Tabla,[federated.0qiz8oi1sb3cd813zi06q01yhyh5].[none:Calculation_334673811823804420:nk],categorical,"{""class"": ""categorical"", ""column"": ""[federated.0qiz8oi1sb3cd813zi06q01yhyh5].[none:Calculation_334673811823804420:nk]"", ""filter-group"": ""27""}","[{""function"": ""member"", ""level"": ""[none:Calculation_334673811823804420:nk]"", ""member"": ""true"", ""{http://www.tableausoftware.com/xml/user}ui-domain"": ""relevant"", ""{http://www.tableausoftware.com/xml/user}ui-enumeration"": ""inclusive"", ""{http://www.tableausoftware.com/xml/user}ui-marker"": ""enumerate""}]"
1_1Aspectosdemogrficos_Informacincensal,DHBEvolucinTemporal,1.1 Aspectos demogr├íficos_Informaci├│n censal.twb,Cruces Relevantes - Aperturas - Tabla,[federated.0qiz8oi1sb3cd813zi06q01yhyh5].[none:Calculation_334673811825987589:nk],categorical,"{""class"": ""categorical"", ""column"": ""[federated.0qiz8oi1sb3cd813zi06q01yhyh5].[none:Calculation_334673811825987589:nk]""}","[{""function"": ""member"", ""level"": ""[none:Calculation_334673811825987589:nk]"", ""member"": ""true"", ""{http://www.tableausoftware.com/xml/user}ui-domain"": ""relevant"", ""{http://www.tableausoftware.com/xml/user}ui-enumeration"": ""inclusive"", ""{http://www.tableausoftware.com/xml/user}ui-marker"": ""enumerate""}]"
1_1Aspectosdemogrficos_Informacincensal,DHBEvolucinTemporal,1.1 Aspectos demogr├íficos_Informaci├│n censal.twb,Cruces Relevantes - Aperturas - Tabla,[federated.0qiz8oi1sb3cd813zi06q01yhyh5].[none:Calculation_5425289489148153872:nk],categorical,"{""class"": ""categorical"", ""column"": ""[federated.0qiz8oi1sb3cd813zi06q01yhyh5].[none:Calculation_5425289489148153872:nk]""}","[{""function"": ""member"", ""level"": ""[none:Calculation_5425289489148153872:nk]"", ""member"": ""false"", ""{http://www.tableausoftware.com/xml/user}ui-domain"": ""relevant"", ""{http://www.tableausoftware.com/xml/user}ui-enumeration"": ""inclusive"", ""{http://www.tableausoftware.com/xml/user}ui-marker"": ""enumerate""}]"
1_1Aspectosdemogrficos_Informacincensal,DHBEvolucinTemporal,1.1 Aspectos demogr├íficos_Informaci├│n censal.twb,Cruces Relevantes - Aperturas - Tabla,[federated.0qiz8oi1sb3cd813zi06q01yhyh5].[none:INDICADOR_NOMBRE (Indicadores):nk],categorical,"{""class"": ""categorical"", ""column"": ""[federated.0qiz8oi1sb3cd813zi06q01yhyh5].[none:INDICADOR_NOMBRE (Indicadores):nk]"", ""filter-group"": ""3""}","[{""function"": ""level-members"", ""level"": ""[none:INDICADOR_NOMBRE (Indicadores):nk]"", ""{http://www.tableausoftware.com/xml/user}ui-enumeration"": ""all"", ""{http://www.tableausoftware.com/xml/user}ui-marker"": ""enumerate""}]"
1_1Aspectosdemogrficos_Informacincensal,DHBEvolucinTemporal,1.1 Aspectos demogr├íficos_Informaci├│n censal.twb,Cruces Relevantes - Aperturas - Tabla,[federated.0qiz8oi1sb3cd813zi06q01yhyh5].[none:UNIDAD_GEOGRAFICA_NOMBRE:nk],categorical,"{""class"": ""categorical"", ""column"": ""[federated.0qiz8oi1sb3cd813zi06q01yhyh5].[none:UNIDAD_GEOGRAFICA_NOMBRE:nk]"", ""filter-group"": ""23""}","[{""function"": ""level-members"", ""level"": ""[none:UNIDAD_GEOGRAFICA_NOMBRE:nk]"", ""{http://www.tableausoftware.com/xml/user}ui-enumeration"": ""all"", ""{http://www.tableausoftware.com/xml/user}ui-marker"": ""enumerate""}]"
1_1Aspectosdemogrficos_Informacincensal,DHBEvolucinTemporal,1.1 Aspectos demogr├íficos_Informaci├│n censal.twb,Cruces Relevantes - Aperturas - Tabla,[federated.0qiz8oi1sb3cd813zi06q01yhyh5].[none:Visualizar Desagregaciones Barra (copia)_541839333440913410:qk],quantitative,"{""class"": ""quantitative"", ""column"": ""[federated.0qiz8oi1sb3cd813zi06q01yhyh5].[none:Visualizar Desagregaciones Barra (copia)_541839333440913410:qk]"", ""included-values"": ""in-range-or-null""}",[]
1_1Aspectosdemogrficos_Informacincensal,DHBEvolucinTemporal,1.1 Aspectos demogr├íficos_Informaci├│n censal.twb,Cruces Relevantes - Aperturas y Grupos - Barras,[federated.0qiz8oi1sb3cd813zi06q01yhyh5].[DATOS_APERTURAS_1],categorical,"{""class"": ""categorical"", ""column"": ""[federated.0qiz8oi1sb3cd813zi06q01yhyh5].[DATOS_APERTURAS_1]"", ""filter-group"": ""14""}","[{""function"": ""level-members"", ""level"": ""[TIPO_DE_DATO]"", ""{http://www.tableausoftware.com/xml/user}ui-enumeration"": ""all"", ""{http://www.tableausoftware.com/xml/user}ui-marker"": ""enumerate""}]"
1_1Aspectosdemogrficos_Informacincensal,DHBEvolucinTemporal,1.1 Aspectos demogr├íficos_Informaci├│n censal.twb,Cruces Relevantes - Aperturas y Grupos - Barras,[federated.0qiz8oi1sb3cd813zi06q01yhyh5].[none:ANIO:ok],categorical,"{""class"": ""categorical"", ""column"": ""[federated.0qiz8oi1sb3cd813zi06q01yhyh5].[none:ANIO:ok]"", ""filter-group"": ""5""}","[{""function"": ""level-members"", ""level"": ""[none:ANIO:ok]"", ""{http://www.tableausoftware.com/xml/user}ui-enumeration"": ""all"", ""{http://www.tableausoftware.com/xml/user}ui-marker"": ""enumerate""}]"
1_1Aspectosdemogrficos_Informacincensal,DHBEvolucinTemporal,1.1 Aspectos demogr├íficos_Informaci├│n censal.twb,Cruces Relevantes - Aperturas y Grupos - Barras,[federated.0qiz8oi1sb3cd813zi06q01yhyh5].[none:APERTURA_DESCRIPCION:nk],categorical,"{""class"": ""categorical"", ""column"": ""[federated.0qiz8oi1sb3cd813zi06q01yhyh5].[none:APERTURA_DESCRIPCION:nk]"", ""filter-group"": ""15""}","[{""function"": ""level-members"", ""level"": ""[none:APERTURA_DESCRIPCION:nk]"", ""{http://www.tableausoftware.com/xml/user}ui-enumeration"": ""all"", ""{http://www.tableausoftware.com/xml/user}ui-marker"": ""enumerate""}]"
1_1Aspectosdemogrficos_Informacincensal,DHBEvolucinTemporal,1.1 Aspectos demogr├íficos_Informaci├│n censal.twb,Cruces Relevantes - Aperturas y Grupos - Barras,[federated.0qiz8oi1sb3cd813zi06q01yhyh5].[none:BTN Mostrar Gráficos Caracteristicas (copy)_54254335857942529:nk],categorical,"{""class"": ""categorical"", ""column"": ""[federated.0qiz8oi1sb3cd813zi06q01yhyh5].[none:BTN Mostrar Gráficos Caracteristicas (copy)_54254335857942529:nk]""}","[{""function"": ""member"", ""level"": ""[none:BTN Mostrar Gráficos Caracteristicas (copy)_54254335857942529:nk]"", ""member"": ""true"", ""{http://www.tableausoftware.com/xml/user}ui-domain"": ""relevant"", ""{http://www.tableausoftware.com/xml/user}ui-enumeration"": ""inclusive"", ""{http://www.tableausoftware.com/xml/user}ui-marker"": ""enumerate""}]"
1_1Aspectosdemogrficos_Informacincensal,DHBEvolucinTemporal,1.1 Aspectos demogr├íficos_Informaci├│n censal.twb,Cruces Relevantes - Aperturas y Grupos - Barras,[federated.0qiz8oi1sb3cd813zi06q01yhyh5].[none:Calculation_334673811823804420:nk],categorical,"{""class"": ""categorical"", ""column"": ""[federated.0qiz8oi1sb3cd813zi06q01yhyh5].[none:Calculation_334673811823804420:nk]"", ""filter-group"": ""27""}","[{""function"": ""member"", ""level"": ""[none:Calculation_334673811823804420:nk]"", ""member"": ""true"", ""{http://www.tableausoftware.com/xml/user}ui-domain"": ""relevant"", ""{http://www.tableausoftware.com/xml/user}ui-enumeration"": ""inclusive"", ""{http://www.tableausoftware.com/xml/user}ui-marker"": ""enumerate""}]"
1_1Aspectosdemogrficos_Informacincensal,DHBEvolucinTemporal,1.1 Aspectos demogr├íficos_Informaci├│n censal.twb,Cruces Relevantes - Aperturas y Grupos - Barras,[federated.0qiz8oi1sb3cd813zi06q01yhyh5].[none:Calculation_334673811825987589:nk],categorical,"{""class"": ""categorical"", ""column"": ""[federated.0qiz8oi1sb3cd813zi06q01yhyh5].[none:Calculation_334673811825987589:nk]""}","[{""function"": ""member"", ""level"": ""[none:Calculation_334673811825987589:nk]"", ""member"": ""true"", ""{http://www.tableausoftware.com/xml/user}ui-domain"": ""relevant"", ""{http://www.tableausoftware.com/xml/user}ui-enumeration"": ""inclusive"", ""{http://www.tableausoftware.com/xml/user}ui-marker"": ""enumerate""}]"
1_1Aspectosdemogrficos_Informacincensal,DHBEvolucinTemporal,1.1 Aspectos demogr├íficos_Informaci├│n censal.twb,Cruces Relevantes - Aperturas y Grupos - Barras,[federated.0qiz8oi1sb3cd813zi06q01yhyh5].[none:Calculation_5425289489148153872:nk],categorical,"{""class"": ""categorical"", ""column"": ""[federated.0qiz8oi1sb3cd813zi06q01yhyh5].[none:Calculation_5425289489148153872:nk]""}","[{""function"": ""member"", ""level"": ""[none:Calculation_5425289489148153872:nk]"", ""member"": ""true"", ""{http://www.tableausoftware.com/xml/user}ui-domain"": ""relevant"", ""{http://www.tableausoftware.com/xml/user}ui-enumeration"": ""inclusive"", ""{http://www.tableausoftware.com/xml/user}ui-marker"": ""enumerate""}]"
1_1Aspectosdemogrficos_Informacincensal,DHBEvolucinTemporal,1.1 Aspectos demogr├íficos_Informaci├│n censal.twb,Cruces Relevantes - Aperturas y Grupos - Barras,[federated.0qiz8oi1sb3cd813zi06q01yhyh5].[none:INDICADOR_NOMBRE (Indicadores):nk],categorical,"{""class"": ""categorical"", ""column"": ""[federated.0qiz8oi1sb3cd813zi06q01yhyh5].[none:INDICADOR_NOMBRE (Indicadores):nk]"", ""filter-group"": ""3""}","[{""function"": ""level-members"", ""level"": ""[none:INDICADOR_NOMBRE (Indicadores):nk]"", ""{http://www.tableausoftware.com/xml/user}ui-enumeration"": ""all"", ""{http://www.tableausoftware.com/xml/user}ui-marker"": ""enumerate""}]"
1_1Aspectosdemogrficos_Informacincensal,DHBEvolucinTemporal,1.1 Aspectos demogr├íficos_Informaci├│n censal.twb,Cruces Relevantes - Aperturas y Grupos - Barras,[federated.0qiz8oi1sb3cd813zi06q01yhyh5].[none:UNIDAD_GEOGRAFICA_NOMBRE:nk],categorical,"{""class"": ""categorical"", ""column"": ""[federated.0qiz8oi1sb3cd813zi06q01yhyh5].[none:UNIDAD_GEOGRAFICA_NOMBRE:nk]"", ""filter-group"": ""23""}","[{""function"": ""level-members"", ""level"": ""[none:UNIDAD_GEOGRAFICA_NOMBRE:nk]"", ""{http://www.tableausoftware.com/xml/user}ui-enumeration"": ""all"", ""{http://www.tableausoftware.com/xml/user}ui-marker"": ""enumerate""}]"
1_1Aspectosdemogrficos_Informacincensal,DHBEvolucinTemporal,1.1 Aspectos demogr├íficos_Informaci├│n censal.twb,Cruces Relevantes - Aperturas y Grupos - Barras,[federated.0qiz8oi1sb3cd813zi06q01yhyh5].[none:Visualizar Desagregaciones (copia)_541839333440749569:qk],quantitative,"{""class"": ""quantitative"", ""column"": ""[federated.0qiz8oi1sb3cd813zi06q01yhyh5].[none:Visualizar Desagregaciones (copia)_541839333440749569:qk]"", ""included-values"": ""in-range-or-null""}",[]
1_1Aspectosdemogrficos_Informacincensal,DHBEvolucinTemporal,1.1 Aspectos demogr├íficos_Informaci├│n censal.twb,Cruces Relevantes - Aperturas y Grupos - Tabla,[federated.0qiz8oi1sb3cd813zi06q01yhyh5].[DATOS_APERTURAS_1],categorical,"{""class"": ""categorical"", ""column"": ""[federated.0qiz8oi1sb3cd813zi06q01yhyh5].[DATOS_APERTURAS_1]"", ""filter-group"": ""14""}","[{""function"": ""level-members"", ""level"": ""[TIPO_DE_DATO]"", ""{http://www.tableausoftware.com/xml/user}ui-enumeration"": ""all"", ""{http://www.tableausoftware.com/xml/user}ui-marker"": ""enumerate""}]"
1_1Aspectosdemogrficos_Informacincensal,DHBEvolucinTemporal,1.1 Aspectos demogr├íficos_Informaci├│n censal.twb,Cruces Relevantes - Aperturas y Grupos - Tabla,[federated.0qiz8oi1sb3cd813zi06q01yhyh5].[none:ANIO:ok],categorical,"{""class"": ""categorical"", ""column"": ""[federated.0qiz8oi1sb3cd813zi06q01yhyh5].[none:ANIO:ok]"", ""filter-group"": ""5""}","[{""function"": ""level-members"", ""level"": ""[none:ANIO:ok]"", ""{http://www.tableausoftware.com/xml/user}ui-enumeration"": ""all"", ""{http://www.tableausoftware.com/xml/user}ui-marker"": ""enumerate""}]"
1_1Aspectosdemogrficos_Informacincensal,DHBEvolucinTemporal,1.1 Aspectos demogr├íficos_Informaci├│n censal.twb,Cruces Relevantes - Aperturas y Grupos - Tabla,[federated.0qiz8oi1sb3cd813zi06q01yhyh5].[none:APERTURA_DESCRIPCION:nk],categorical,"{""class"": ""categorical"", ""column"": ""[federated.0qiz8oi1sb3cd813zi06q01yhyh5].[none:APERTURA_DESCRIPCION:nk]"", ""filter-group"": ""15""}","[{""function"": ""level-members"", ""level"": ""[none:APERTURA_DESCRIPCION:nk]"", ""{http://www.tableausoftware.com/xml/user}ui-enumeration"": ""all"", ""{http://www.tableausoftware.com/xml/user}ui-marker"": ""enumerate""}]"
1_1Aspectosdemogrficos_Informacincensal,DHBEvolucinTemporal,1.1 Aspectos demogr├íficos_Informaci├│n censal.twb,Cruces Relevantes - Aperturas y Grupos - Tabla,[federated.0qiz8oi1sb3cd813zi06q01yhyh5].[none:BTN Mostrar Gráficos Caracteristicas (copy)_54254335857942529:nk],categorical,"{""class"": ""categorical"", ""column"": ""[federated.0qiz8oi1sb3cd813zi06q01yhyh5].[none:BTN Mostrar Gráficos Caracteristicas (copy)_54254335857942529:nk]""}","[{""function"": ""member"", ""level"": ""[none:BTN Mostrar Gráficos Caracteristicas (copy)_54254335857942529:nk]"", ""member"": ""true"", ""{http://www.tableausoftware.com/xml/user}ui-domain"": ""relevant"", ""{http://www.tableausoftware.com/xml/user}ui-enumeration"": ""inclusive"", ""{http://www.tableausoftware.com/xml/user}ui-marker"": ""enumerate""}]"
1_1Aspectosdemogrficos_Informacincensal,DHBEvolucinTemporal,1.1 Aspectos demogr├íficos_Informaci├│n censal.twb,Cruces Relevantes - Aperturas y Grupos - Tabla,[federated.0qiz8oi1sb3cd813zi06q01yhyh5].[none:Calculation_334673811823804420:nk],categorical,"{""class"": ""categorical"", ""column"": ""[federated.0qiz8oi1sb3cd813zi06q01yhyh5].[none:Calculation_334673811823804420:nk]"", ""filter-group"": ""27""}","[{""function"": ""member"", ""level"": ""[none:Calculation_334673811823804420:nk]"", ""member"": ""true"", ""{http://www.tableausoftware.com/xml/user}ui-domain"": ""relevant"", ""{http://www.tableausoftware.com/xml/user}ui-enumeration"": ""inclusive"", ""{http://www.tableausoftware.com/xml/user}ui-marker"": ""enumerate""}]"
1_1Aspectosdemogrficos_Informacincensal,DHBEvolucinTemporal,1.1 Aspectos demogr├íficos_Informaci├│n censal.twb,Cruces Relevantes - Aperturas y Grupos - Tabla,[federated.0qiz8oi1sb3cd813zi06q01yhyh5].[none:Calculation_334673811825987589:nk],categorical,"{""class"": ""categorical"", ""column"": ""[federated.0qiz8oi1sb3cd813zi06q01yhyh5].[none:Calculation_334673811825987589:nk]""}","[{""function"": ""member"", ""level"": ""[none:Calculation_334673811825987589:nk]"", ""member"": ""true"", ""{http://www.tableausoftware.com/xml/user}ui-domain"": ""relevant"", ""{http://www.tableausoftware.com/xml/user}ui-enumeration"": ""inclusive"", ""{http://www.tableausoftware.com/xml/user}ui-marker"": ""enumerate""}]"
1_1Aspectosdemogrficos_Informacincensal,DHBEvolucinTemporal,1.1 Aspectos demogr├íficos_Informaci├│n censal.twb,Cruces Relevantes - Aperturas y Grupos - Tabla,[federated.0qiz8oi1sb3cd813zi06q01yhyh5].[none:Calculation_5425289489148153872:nk],categorical,"{""class"": ""categorical"", ""column"": ""[federated.0qiz8oi1sb3cd813zi06q01yhyh5].[none:Calculation_5425289489148153872:nk]""}","[{""function"": ""member"", ""level"": ""[none:Calculation_5425289489148153872:nk]"", ""member"": ""true"", ""{http://www.tableausoftware.com/xml/user}ui-domain"": ""relevant"", ""{http://www.tableausoftware.com/xml/user}ui-enumeration"": ""inclusive"", ""{http://www.tableausoftware.com/xml/user}ui-marker"": ""enumerate""}]"
1_1Aspectosdemogrficos_Informacincensal,DHBEvolucinTemporal,1.1 Aspectos demogr├íficos_Informaci├│n censal.twb,Cruces Relevantes - Aperturas y Grupos - Tabla,[federated.0qiz8oi1sb3cd813zi06q01yhyh5].[none:INDICADOR_NOMBRE (Indicadores):nk],categorical,"{""class"": ""categorical"", ""column"": ""[federated.0qiz8oi1sb3cd813zi06q01yhyh5].[none:INDICADOR_NOMBRE (Indicadores):nk]"", ""filter-group"": ""3""}","[{""function"": ""level-members"", ""level"": ""[none:INDICADOR_NOMBRE (Indicadores):nk]"", ""{http://www.tableausoftware.com/xml/user}ui-enumeration"": ""all"", ""{http://www.tableausoftware.com/xml/user}ui-marker"": ""enumerate""}]"
1_1Aspectosdemogrficos_Informacincensal,DHBEvolucinTemporal,1.1 Aspectos demogr├íficos_Informaci├│n censal.twb,Cruces Relevantes - Aperturas y Grupos - Tabla,[federated.0qiz8oi1sb3cd813zi06q01yhyh5].[none:UNIDAD_GEOGRAFICA_NOMBRE:nk],categorical,"{""class"": ""categorical"", ""column"": ""[federated.0qiz8oi1sb3cd813zi06q01yhyh5].[none:UNIDAD_GEOGRAFICA_NOMBRE:nk]"", ""filter-group"": ""23""}","[{""function"": ""level-members"", ""level"": ""[none:UNIDAD_GEOGRAFICA_NOMBRE:nk]"", ""{http://www.tableausoftware.com/xml/user}ui-enumeration"": ""all"", ""{http://www.tableausoftware.com/xml/user}ui-marker"": ""enumerate""}]"
1_1Aspectosdemogrficos_Informacincensal,DHBEvolucinTemporal,1.1 Aspectos demogr├íficos_Informaci├│n censal.twb,Cruces Relevantes - Aperturas y Grupos - Tabla,[federated.0qiz8oi1sb3cd813zi06q01yhyh5].[none:Visualizar Desagregaciones Barra (copia)_541839333440913410:qk],quantitative,"{""class"": ""quantitative"", ""column"": ""[federated.0qiz8oi1sb3cd813zi06q01yhyh5].[none:Visualizar Desagregaciones Barra (copia)_541839333440913410:qk]"", ""included-values"": ""in-range-or-null""}",[]
1_1Aspectosdemogrficos_Informacincensal,DHBEvolucinTemporal,1.1 Aspectos demogr├íficos_Informaci├│n censal.twb,Cruces Relevantes - BTN,"[federated.0qiz8oi1sb3cd813zi06q01yhyh5].[Action (BTN Limpiar filtros,SELECCIONE)]",categorical,"{""class"": ""categorical"", ""column"": ""[federated.0qiz8oi1sb3cd813zi06q01yhyh5].[Action (BTN Limpiar filtros,SELECCIONE)]""}","[{""function"": ""crossjoin"", ""{http://www.tableausoftware.com/xml/user}ui-action-filter"": ""[Action88_A2306F1AF23E4F9CAD37CD015AD97FBE]"", ""{http://www.tableausoftware.com/xml/user}ui-domain"": ""database"", ""{http://www.tableausoftware.com/xml/user}ui-enumeration"": ""inclusive"", ""{http://www.tableausoftware.com/xml/user}ui-marker"": ""enumerate""}, {""function"": ""member"", ""level"": ""[BTN Distribuciones (copy)_4723009404404842516]"", ""member"": ""\""Limpiar filtros\""""}, {""function"": ""member"", ""level"": ""[Calculation_4723009402545549324]"", ""member"": ""\""Seleccione\""""}]"
1_1Aspectosdemogrficos_Informacincensal,DHBEvolucinTemporal,1.1 Aspectos demogr├íficos_Informaci├│n censal.twb,Cruces Relevantes - BTN,[federated.0qiz8oi1sb3cd813zi06q01yhyh5].[DATOS_APERTURAS_1],categorical,"{""class"": ""categorical"", ""column"": ""[federated.0qiz8oi1sb3cd813zi06q01yhyh5].[DATOS_APERTURAS_1]"", ""filter-group"": ""14""}","[{""function"": ""level-members"", ""level"": ""[TIPO_DE_DATO]"", ""{http://www.tableausoftware.com/xml/user}ui-enumeration"": ""all"", ""{http://www.tableausoftware.com/xml/user}ui-marker"": ""enumerate""}]"
1_1Aspectosdemogrficos_Informacincensal,DHBEvolucinTemporal,1.1 Aspectos demogr├íficos_Informaci├│n censal.twb,Cruces Relevantes - BTN,[federated.0qiz8oi1sb3cd813zi06q01yhyh5].[none:Calculation_334673811823804420:nk],categorical,"{""class"": ""categorical"", ""column"": ""[federated.0qiz8oi1sb3cd813zi06q01yhyh5].[none:Calculation_334673811823804420:nk]"", ""filter-group"": ""27""}","[{""function"": ""member"", ""level"": ""[none:Calculation_334673811823804420:nk]"", ""member"": ""true"", ""{http://www.tableausoftware.com/xml/user}ui-domain"": ""relevant"", ""{http://www.tableausoftware.com/xml/user}ui-enumeration"": ""inclusive"", ""{http://www.tableausoftware.com/xml/user}ui-marker"": ""enumerate""}]"
1_1Aspectosdemogrficos_Informacincensal,DHBEvolucinTemporal,1.1 Aspectos demogr├íficos_Informaci├│n censal.twb,Cruces Relevantes - BTN Mostrar Gráficos,[federated.0qiz8oi1sb3cd813zi06q01yhyh5].[none:BTN Mostrar Gráficos Caracteristicas (copy)_54254335857942529:nk],categorical,"{""class"": ""categorical"", ""column"": ""[federated.0qiz8oi1sb3cd813zi06q01yhyh5].[none:BTN Mostrar Gráficos Caracteristicas (copy)_54254335857942529:nk]""}","[{""function"": ""member"", ""level"": ""[none:BTN Mostrar Gráficos Caracteristicas (copy)_54254335857942529:nk]"", ""member"": ""false"", ""{http://www.tableausoftware.com/xml/user}ui-domain"": ""relevant"", ""{http://www.tableausoftware.com/xml/user}ui-enumeration"": ""inclusive"", ""{http://www.tableausoftware.com/xml/user}ui-marker"": ""enumerate""}]"
1_1Aspectosdemogrficos_Informacincensal,DHBEvolucinTemporal,1.1 Aspectos demogr├íficos_Informaci├│n censal.twb,Cruces Relevantes - Datos Indicador,[federated.0qiz8oi1sb3cd813zi06q01yhyh5].[DATOS_APERTURAS_1],categorical,"{""class"": ""categorical"", ""column"": ""[federated.0qiz8oi1sb3cd813zi06q01yhyh5].[DATOS_APERTURAS_1]"", ""filter-group"": ""14""}","[{""function"": ""level-members"", ""level"": ""[TIPO_DE_DATO]"", ""{http://www.tableausoftware.com/xml/user}ui-enumeration"": ""all"", ""{http://www.tableausoftware.com/xml/user}ui-marker"": ""enumerate""}]"
1_1Aspectosdemogrficos_Informacincensal,DHBEvolucinTemporal,1.1 Aspectos demogr├íficos_Informaci├│n censal.twb,Cruces Relevantes - Datos Indicador,[federated.0qiz8oi1sb3cd813zi06q01yhyh5].[none:ANIO:ok],categorical,"{""class"": ""categorical"", ""column"": ""[federated.0qiz8oi1sb3cd813zi06q01yhyh5].[none:ANIO:ok]"", ""filter-group"": ""5""}","[{""function"": ""level-members"", ""level"": ""[none:ANIO:ok]"", ""{http://www.tableausoftware.com/xml/user}ui-enumeration"": ""all"", ""{http://www.tableausoftware.com/xml/user}ui-marker"": ""enumerate""}]"
1_1Aspectosdemogrficos_Informacincensal,DHBEvolucinTemporal,1.1 Aspectos demogr├íficos_Informaci├│n censal.twb,Cruces Relevantes - Datos Indicador,[federated.0qiz8oi1sb3cd813zi06q01yhyh5].[none:APERTURA_DESCRIPCION:nk],categorical,"{""class"": ""categorical"", ""column"": ""[federated.0qiz8oi1sb3cd813zi06q01yhyh5].[none:APERTURA_DESCRIPCION:nk]"", ""filter-group"": ""15""}","[{""function"": ""level-members"", ""level"": ""[none:APERTURA_DESCRIPCION:nk]"", ""{http://www.tableausoftware.com/xml/user}ui-enumeration"": ""all"", ""{http://www.tableausoftware.com/xml/user}ui-marker"": ""enumerate""}]"
1_1Aspectosdemogrficos_Informacincensal,DHBEvolucinTemporal,1.1 Aspectos demogr├íficos_Informaci├│n censal.twb,Cruces Relevantes - Datos Indicador,[federated.0qiz8oi1sb3cd813zi06q01yhyh5].[none:Calculation_334673811823804420:nk],categorical,"{""class"": ""categorical"", ""column"": ""[federated.0qiz8oi1sb3cd813zi06q01yhyh5].[none:Calculation_334673811823804420:nk]"", ""filter-group"": ""27""}","[{""function"": ""member"", ""level"": ""[none:Calculation_334673811823804420:nk]"", ""member"": ""true"", ""{http://www.tableausoftware.com/xml/user}ui-domain"": ""relevant"", ""{http://www.tableausoftware.com/xml/user}ui-enumeration"": ""inclusive"", ""{http://www.tableausoftware.com/xml/user}ui-marker"": ""enumerate""}]"
1_1Aspectosdemogrficos_Informacincensal,DHBEvolucinTemporal,1.1 Aspectos demogr├íficos_Informaci├│n censal.twb,Cruces Relevantes - Datos Indicador,[federated.0qiz8oi1sb3cd813zi06q01yhyh5].[none:Calculation_334673811825987589:nk],categorical,"{""class"": ""categorical"", ""column"": ""[federated.0qiz8oi1sb3cd813zi06q01yhyh5].[none:Calculation_334673811825987589:nk]""}","[{""function"": ""member"", ""level"": ""[none:Calculation_334673811825987589:nk]"", ""member"": ""true"", ""{http://www.tableausoftware.com/xml/user}ui-domain"": ""relevant"", ""{http://www.tableausoftware.com/xml/user}ui-enumeration"": ""inclusive"", ""{http://www.tableausoftware.com/xml/user}ui-marker"": ""enumerate""}]"
1_1Aspectosdemogrficos_Informacincensal,DHBEvolucinTemporal,1.1 Aspectos demogr├íficos_Informaci├│n censal.twb,Cruces Relevantes - Datos Indicador,[federated.0qiz8oi1sb3cd813zi06q01yhyh5].[none:INDICADOR_NOMBRE (Indicadores):nk],categorical,"{""class"": ""categorical"", ""column"": ""[federated.0qiz8oi1sb3cd813zi06q01yhyh5].[none:INDICADOR_NOMBRE (Indicadores):nk]"", ""filter-group"": ""3""}","[{""function"": ""level-members"", ""level"": ""[none:INDICADOR_NOMBRE (Indicadores):nk]"", ""{http://www.tableausoftware.com/xml/user}ui-enumeration"": ""all"", ""{http://www.tableausoftware.com/xml/user}ui-marker"": ""enumerate""}]"
1_1Aspectosdemogrficos_Informacincensal,DHBEvolucinTemporal,1.1 Aspectos demogr├íficos_Informaci├│n censal.twb,Cruces Relevantes - Datos Indicador,[federated.0qiz8oi1sb3cd813zi06q01yhyh5].[none:UNIDAD_GEOGRAFICA_NOMBRE:nk],categorical,"{""class"": ""categorical"", ""column"": ""[federated.0qiz8oi1sb3cd813zi06q01yhyh5].[none:UNIDAD_GEOGRAFICA_NOMBRE:nk]"", ""filter-group"": ""23""}","[{""function"": ""level-members"", ""level"": ""[none:UNIDAD_GEOGRAFICA_NOMBRE:nk]"", ""{http://www.tableausoftware.com/xml/user}ui-enumeration"": ""all"", ""{http://www.tableausoftware.com/xml/user}ui-marker"": ""enumerate""}]"
1_1Aspectosdemogrficos_Informacincensal,DHBEvolucinTemporal,1.1 Aspectos demogr├íficos_Informaci├│n censal.twb,Cruces Relevantes - Filtro,[federated.0qiz8oi1sb3cd813zi06q01yhyh5].[DATOS_APERTURAS_1],categorical,"{""class"": ""categorical"", ""column"": ""[federated.0qiz8oi1sb3cd813zi06q01yhyh5].[DATOS_APERTURAS_1]"", ""filter-group"": ""14""}","[{""function"": ""level-members"", ""level"": ""[TIPO_DE_DATO]"", ""{http://www.tableausoftware.com/xml/user}ui-enumeration"": ""all"", ""{http://www.tableausoftware.com/xml/user}ui-marker"": ""enumerate""}]"
1_1Aspectosdemogrficos_Informacincensal,DHBEvolucinTemporal,1.1 Aspectos demogr├íficos_Informaci├│n censal.twb,Cruces Relevantes - Filtro,[federated.0qiz8oi1sb3cd813zi06q01yhyh5].[none:ANIO:ok],categorical,"{""class"": ""categorical"", ""column"": ""[federated.0qiz8oi1sb3cd813zi06q01yhyh5].[none:ANIO:ok]"", ""filter-group"": ""5""}","[{""function"": ""level-members"", ""level"": ""[none:ANIO:ok]"", ""{http://www.tableausoftware.com/xml/user}ui-enumeration"": ""all"", ""{http://www.tableausoftware.com/xml/user}ui-marker"": ""enumerate""}]"
1_1Aspectosdemogrficos_Informacincensal,DHBEvolucinTemporal,1.1 Aspectos demogr├íficos_Informaci├│n censal.twb,Cruces Relevantes - Filtro,[federated.0qiz8oi1sb3cd813zi06q01yhyh5].[none:APERTURA_DESCRIPCION:nk],categorical,"{""class"": ""categorical"", ""column"": ""[federated.0qiz8oi1sb3cd813zi06q01yhyh5].[none:APERTURA_DESCRIPCION:nk]"", ""filter-group"": ""15""}","[{""function"": ""level-members"", ""level"": ""[none:APERTURA_DESCRIPCION:nk]"", ""{http://www.tableausoftware.com/xml/user}ui-enumeration"": ""all"", ""{http://www.tableausoftware.com/xml/user}ui-marker"": ""enumerate""}]"
1_1Aspectosdemogrficos_Informacincensal,DHBEvolucinTemporal,1.1 Aspectos demogr├íficos_Informaci├│n censal.twb,Cruces Relevantes - Filtro,[federated.0qiz8oi1sb3cd813zi06q01yhyh5].[none:Calculation_334673811823804420:nk],categorical,"{""class"": ""categorical"", ""column"": ""[federated.0qiz8oi1sb3cd813zi06q01yhyh5].[none:Calculation_334673811823804420:nk]"", ""filter-group"": ""27""}","[{""function"": ""member"", ""level"": ""[none:Calculation_334673811823804420:nk]"", ""member"": ""true"", ""{http://www.tableausoftware.com/xml/user}ui-domain"": ""relevant"", ""{http://www.tableausoftware.com/xml/user}ui-enumeration"": ""inclusive"", ""{http://www.tableausoftware.com/xml/user}ui-marker"": ""enumerate""}]"
1_1Aspectosdemogrficos_Informacincensal,DHBEvolucinTemporal,1.1 Aspectos demogr├íficos_Informaci├│n censal.twb,Cruces Relevantes - Filtro,[federated.0qiz8oi1sb3cd813zi06q01yhyh5].[none:Calculation_334673811825987589:nk],categorical,"{""class"": ""categorical"", ""column"": ""[federated.0qiz8oi1sb3cd813zi06q01yhyh5].[none:Calculation_334673811825987589:nk]""}","[{""function"": ""member"", ""level"": ""[none:Calculation_334673811825987589:nk]"", ""member"": ""true"", ""{http://www.tableausoftware.com/xml/user}ui-domain"": ""relevant"", ""{http://www.tableausoftware.com/xml/user}ui-enumeration"": ""inclusive"", ""{http://www.tableausoftware.com/xml/user}ui-marker"": ""enumerate""}]"
1_1Aspectosdemogrficos_Informacincensal,DHBEvolucinTemporal,1.1 Aspectos demogr├íficos_Informaci├│n censal.twb,Cruces Relevantes - Filtro,[federated.0qiz8oi1sb3cd813zi06q01yhyh5].[none:INDICADOR_NOMBRE (Indicadores):nk],categorical,"{""class"": ""categorical"", ""column"": ""[federated.0qiz8oi1sb3cd813zi06q01yhyh5].[none:INDICADOR_NOMBRE (Indicadores):nk]"", ""filter-group"": ""3""}","[{""function"": ""level-members"", ""level"": ""[none:INDICADOR_NOMBRE (Indicadores):nk]"", ""{http://www.tableausoftware.com/xml/user}ui-enumeration"": ""all"", ""{http://www.tableausoftware.com/xml/user}ui-marker"": ""enumerate""}]"
1_1Aspectosdemogrficos_Informacincensal,DHBEvolucinTemporal,1.1 Aspectos demogr├íficos_Informaci├│n censal.twb,Cruces Relevantes - Filtro,[federated.0qiz8oi1sb3cd813zi06q01yhyh5].[none:UNIDAD_GEOGRAFICA_NOMBRE:nk],categorical,"{""class"": ""categorical"", ""column"": ""[federated.0qiz8oi1sb3cd813zi06q01yhyh5].[none:UNIDAD_GEOGRAFICA_NOMBRE:nk]"", ""filter-group"": ""23""}","[{""function"": ""level-members"", ""level"": ""[none:UNIDAD_GEOGRAFICA_NOMBRE:nk]"", ""{http://www.tableausoftware.com/xml/user}ui-enumeration"": ""all"", ""{http://www.tableausoftware.com/xml/user}ui-marker"": ""enumerate""}]"
1_1Aspectosdemogrficos_Informacincensal,DHBEvolucinTemporal,1.1 Aspectos demogr├íficos_Informaci├│n censal.twb,Cruces Relevantes - Filtro Inidicador,[federated.0qiz8oi1sb3cd813zi06q01yhyh5].[DATOS_APERTURAS_1],categorical,"{""class"": ""categorical"", ""column"": ""[federated.0qiz8oi1sb3cd813zi06q01yhyh5].[DATOS_APERTURAS_1]"", ""filter-group"": ""14""}","[{""function"": ""level-members"", ""level"": ""[TIPO_DE_DATO]"", ""{http://www.tableausoftware.com/xml/user}ui-enumeration"": ""all"", ""{http://www.tableausoftware.com/xml/user}ui-marker"": ""enumerate""}]"
1_1Aspectosdemogrficos_Informacincensal,DHBEvolucinTemporal,1.1 Aspectos demogr├íficos_Informaci├│n censal.twb,Cruces Relevantes - Filtro Inidicador,[federated.0qiz8oi1sb3cd813zi06q01yhyh5].[none:ANIO:ok],categorical,"{""class"": ""categorical"", ""column"": ""[federated.0qiz8oi1sb3cd813zi06q01yhyh5].[none:ANIO:ok]"", ""filter-group"": ""5""}","[{""function"": ""level-members"", ""level"": ""[none:ANIO:ok]"", ""{http://www.tableausoftware.com/xml/user}ui-enumeration"": ""all"", ""{http://www.tableausoftware.com/xml/user}ui-marker"": ""enumerate""}]"
1_1Aspectosdemogrficos_Informacincensal,DHBEvolucinTemporal,1.1 Aspectos demogr├íficos_Informaci├│n censal.twb,Cruces Relevantes - Filtro Inidicador,[federated.0qiz8oi1sb3cd813zi06q01yhyh5].[none:APERTURA_DESCRIPCION:nk],categorical,"{""class"": ""categorical"", ""column"": ""[federated.0qiz8oi1sb3cd813zi06q01yhyh5].[none:APERTURA_DESCRIPCION:nk]"", ""filter-group"": ""15""}","[{""function"": ""level-members"", ""level"": ""[none:APERTURA_DESCRIPCION:nk]"", ""{http://www.tableausoftware.com/xml/user}ui-enumeration"": ""all"", ""{http://www.tableausoftware.com/xml/user}ui-marker"": ""enumerate""}]"
1_1Aspectosdemogrficos_Informacincensal,DHBEvolucinTemporal,1.1 Aspectos demogr├íficos_Informaci├│n censal.twb,Cruces Relevantes - Filtro Inidicador,[federated.0qiz8oi1sb3cd813zi06q01yhyh5].[none:Calculation_334673811823804420:nk],categorical,"{""class"": ""categorical"", ""column"": ""[federated.0qiz8oi1sb3cd813zi06q01yhyh5].[none:Calculation_334673811823804420:nk]"", ""filter-group"": ""27""}","[{""function"": ""member"", ""level"": ""[none:Calculation_334673811823804420:nk]"", ""member"": ""true"", ""{http://www.tableausoftware.com/xml/user}ui-domain"": ""relevant"", ""{http://www.tableausoftware.com/xml/user}ui-enumeration"": ""inclusive"", ""{http://www.tableausoftware.com/xml/user}ui-marker"": ""enumerate""}]"
1_1Aspectosdemogrficos_Informacincensal,DHBEvolucinTemporal,1.1 Aspectos demogr├íficos_Informaci├│n censal.twb,Cruces Relevantes - Filtro Inidicador,[federated.0qiz8oi1sb3cd813zi06q01yhyh5].[none:INDICADOR_NOMBRE (Indicadores):nk],categorical,"{""class"": ""categorical"", ""column"": ""[federated.0qiz8oi1sb3cd813zi06q01yhyh5].[none:INDICADOR_NOMBRE (Indicadores):nk]"", ""filter-group"": ""3""}","[{""function"": ""level-members"", ""level"": ""[none:INDICADOR_NOMBRE (Indicadores):nk]"", ""{http://www.tableausoftware.com/xml/user}ui-enumeration"": ""all"", ""{http://www.tableausoftware.com/xml/user}ui-marker"": ""enumerate""}]"
1_1Aspectosdemogrficos_Informacincensal,DHBEvolucinTemporal,1.1 Aspectos demogr├íficos_Informaci├│n censal.twb,Cruces Relevantes - Filtro Inidicador,[federated.0qiz8oi1sb3cd813zi06q01yhyh5].[none:UNIDAD_GEOGRAFICA_NOMBRE:nk],categorical,"{""class"": ""categorical"", ""column"": ""[federated.0qiz8oi1sb3cd813zi06q01yhyh5].[none:UNIDAD_GEOGRAFICA_NOMBRE:nk]"", ""filter-group"": ""23""}","[{""function"": ""level-members"", ""level"": ""[none:UNIDAD_GEOGRAFICA_NOMBRE:nk]"", ""{http://www.tableausoftware.com/xml/user}ui-enumeration"": ""all"", ""{http://www.tableausoftware.com/xml/user}ui-marker"": ""enumerate""}]"
1_1Aspectosdemogrficos_Informacincensal,DHBEvolucinTemporal,1.1 Aspectos demogr├íficos_Informaci├│n censal.twb,Cruces Relevantes - Titulo,[federated.0qiz8oi1sb3cd813zi06q01yhyh5].[DATOS_APERTURAS_1],categorical,"{""class"": ""categorical"", ""column"": ""[federated.0qiz8oi1sb3cd813zi06q01yhyh5].[DATOS_APERTURAS_1]"", ""filter-group"": ""14""}","[{""function"": ""level-members"", ""level"": ""[TIPO_DE_DATO]"", ""{http://www.tableausoftware.com/xml/user}ui-enumeration"": ""all"", ""{http://www.tableausoftware.com/xml/user}ui-marker"": ""enumerate""}]"
1_1Aspectosdemogrficos_Informacincensal,DHBEvolucinTemporal,1.1 Aspectos demogr├íficos_Informaci├│n censal.twb,Cruces Relevantes - Titulo,[federated.0qiz8oi1sb3cd813zi06q01yhyh5].[none:ANIO:ok],categorical,"{""class"": ""categorical"", ""column"": ""[federated.0qiz8oi1sb3cd813zi06q01yhyh5].[none:ANIO:ok]"", ""filter-group"": ""5""}","[{""function"": ""level-members"", ""level"": ""[none:ANIO:ok]"", ""{http://www.tableausoftware.com/xml/user}ui-enumeration"": ""all"", ""{http://www.tableausoftware.com/xml/user}ui-marker"": ""enumerate""}]"
1_1Aspectosdemogrficos_Informacincensal,DHBEvolucinTemporal,1.1 Aspectos demogr├íficos_Informaci├│n censal.twb,Cruces Relevantes - Titulo,[federated.0qiz8oi1sb3cd813zi06q01yhyh5].[none:APERTURA_DESCRIPCION:nk],categorical,"{""class"": ""categorical"", ""column"": ""[federated.0qiz8oi1sb3cd813zi06q01yhyh5].[none:APERTURA_DESCRIPCION:nk]"", ""filter-group"": ""15""}","[{""function"": ""level-members"", ""level"": ""[none:APERTURA_DESCRIPCION:nk]"", ""{http://www.tableausoftware.com/xml/user}ui-enumeration"": ""all"", ""{http://www.tableausoftware.com/xml/user}ui-marker"": ""enumerate""}]"
1_1Aspectosdemogrficos_Informacincensal,DHBEvolucinTemporal,1.1 Aspectos demogr├íficos_Informaci├│n censal.twb,Cruces Relevantes - Titulo,[federated.0qiz8oi1sb3cd813zi06q01yhyh5].[none:BTN Mostrar Gráficos Caracteristicas (copy)_54254335857942529:nk],categorical,"{""class"": ""categorical"", ""column"": ""[federated.0qiz8oi1sb3cd813zi06q01yhyh5].[none:BTN Mostrar Gráficos Caracteristicas (copy)_54254335857942529:nk]""}","[{""function"": ""member"", ""level"": ""[none:BTN Mostrar Gráficos Caracteristicas (copy)_54254335857942529:nk]"", ""member"": ""true"", ""{http://www.tableausoftware.com/xml/user}ui-domain"": ""relevant"", ""{http://www.tableausoftware.com/xml/user}ui-enumeration"": ""inclusive"", ""{http://www.tableausoftware.com/xml/user}ui-marker"": ""enumerate""}]"
1_1Aspectosdemogrficos_Informacincensal,DHBEvolucinTemporal,1.1 Aspectos demogr├íficos_Informaci├│n censal.twb,Cruces Relevantes - Titulo,[federated.0qiz8oi1sb3cd813zi06q01yhyh5].[none:Calculation_334673811823804420:nk],categorical,"{""class"": ""categorical"", ""column"": ""[federated.0qiz8oi1sb3cd813zi06q01yhyh5].[none:Calculation_334673811823804420:nk]"", ""filter-group"": ""27""}","[{""function"": ""member"", ""level"": ""[none:Calculation_334673811823804420:nk]"", ""member"": ""true"", ""{http://www.tableausoftware.com/xml/user}ui-domain"": ""relevant"", ""{http://www.tableausoftware.com/xml/user}ui-enumeration"": ""inclusive"", ""{http://www.tableausoftware.com/xml/user}ui-marker"": ""enumerate""}]"
1_1Aspectosdemogrficos_Informacincensal,DHBEvolucinTemporal,1.1 Aspectos demogr├íficos_Informaci├│n censal.twb,Cruces Relevantes - Titulo,[federated.0qiz8oi1sb3cd813zi06q01yhyh5].[none:Calculation_334673811825987589:nk],categorical,"{""class"": ""categorical"", ""column"": ""[federated.0qiz8oi1sb3cd813zi06q01yhyh5].[none:Calculation_334673811825987589:nk]""}","[{""function"": ""member"", ""level"": ""[none:Calculation_334673811825987589:nk]"", ""member"": ""true"", ""{http://www.tableausoftware.com/xml/user}ui-domain"": ""relevant"", ""{http://www.tableausoftware.com/xml/user}ui-enumeration"": ""inclusive"", ""{http://www.tableausoftware.com/xml/user}ui-marker"": ""enumerate""}]"
1_1Aspectosdemogrficos_Informacincensal,DHBEvolucinTemporal,1.1 Aspectos demogr├íficos_Informaci├│n censal.twb,Cruces Relevantes - Titulo,[federated.0qiz8oi1sb3cd813zi06q01yhyh5].[none:INDICADOR_NOMBRE (Indicadores):nk],categorical,"{""class"": ""categorical"", ""column"": ""[federated.0qiz8oi1sb3cd813zi06q01yhyh5].[none:INDICADOR_NOMBRE (Indicadores):nk]"", ""filter-group"": ""3""}","[{""function"": ""level-members"", ""level"": ""[none:INDICADOR_NOMBRE (Indicadores):nk]"", ""{http://www.tableausoftware.com/xml/user}ui-enumeration"": ""all"", ""{http://www.tableausoftware.com/xml/user}ui-marker"": ""enumerate""}]"
1_1Aspectosdemogrficos_Informacincensal,DHBEvolucinTemporal,1.1 Aspectos demogr├íficos_Informaci├│n censal.twb,Cruces Relevantes - Titulo,[federated.0qiz8oi1sb3cd813zi06q01yhyh5].[none:UNIDAD_GEOGRAFICA_NOMBRE:nk],categorical,"{""class"": ""categorical"", ""column"": ""[federated.0qiz8oi1sb3cd813zi06q01yhyh5].[none:UNIDAD_GEOGRAFICA_NOMBRE:nk]"", ""filter-group"": ""23""}","[{""function"": ""level-members"", ""level"": ""[none:UNIDAD_GEOGRAFICA_NOMBRE:nk]"", ""{http://www.tableausoftware.com/xml/user}ui-enumeration"": ""all"", ""{http://www.tableausoftware.com/xml/user}ui-marker"": ""enumerate""}]"
1_1Aspectosdemogrficos_Informacincensal,DHBEvolucinTemporal,1.1 Aspectos demogr├íficos_Informaci├│n censal.twb,Distribución Territorial - BTN,"[federated.0qiz8oi1sb3cd813zi06q01yhyh5].[Action (BTN Limpiar filtros,SELECCIONE)]",categorical,"{""class"": ""categorical"", ""column"": ""[federated.0qiz8oi1sb3cd813zi06q01yhyh5].[Action (BTN Limpiar filtros,SELECCIONE)]""}","[{""function"": ""crossjoin"", ""{http://www.tableausoftware.com/xml/user}ui-action-filter"": ""[Action88_A2306F1AF23E4F9CAD37CD015AD97FBE]"", ""{http://www.tableausoftware.com/xml/user}ui-domain"": ""database"", ""{http://www.tableausoftware.com/xml/user}ui-enumeration"": ""inclusive"", ""{http://www.tableausoftware.com/xml/user}ui-marker"": ""enumerate""}, {""function"": ""member"", ""level"": ""[BTN Distribuciones (copy)_4723009404404842516]"", ""member"": ""\""Limpiar filtros\""""}, {""function"": ""member"", ""level"": ""[Calculation_4723009402545549324]"", ""member"": ""\""Seleccione\""""}]"
1_1Aspectosdemogrficos_Informacincensal,DHBEvolucinTemporal,1.1 Aspectos demogr├íficos_Informaci├│n censal.twb,Distribución Territorial - BTN,[federated.0qiz8oi1sb3cd813zi06q01yhyh5].[DATOS_MAPA],categorical,"{""class"": ""categorical"", ""column"": ""[federated.0qiz8oi1sb3cd813zi06q01yhyh5].[DATOS_MAPA]"", ""filter-group"": ""9""}",[]
1_1Aspectosdemogrficos_Informacincensal,DHBEvolucinTemporal,1.1 Aspectos demogr├íficos_Informaci├│n censal.twb,Distribución Territorial - BTN,[federated.0qiz8oi1sb3cd813zi06q01yhyh5].[none:Calculation_334673811823804420:nk],categorical,"{""class"": ""categorical"", ""column"": ""[federated.0qiz8oi1sb3cd813zi06q01yhyh5].[none:Calculation_334673811823804420:nk]"", ""filter-group"": ""27""}","[{""function"": ""member"", ""level"": ""[none:Calculation_334673811823804420:nk]"", ""member"": ""true"", ""{http://www.tableausoftware.com/xml/user}ui-domain"": ""relevant"", ""{http://www.tableausoftware.com/xml/user}ui-enumeration"": ""inclusive"", ""{http://www.tableausoftware.com/xml/user}ui-marker"": ""enumerate""}]"
1_1Aspectosdemogrficos_Informacincensal,DHBEvolucinTemporal,1.1 Aspectos demogr├íficos_Informaci├│n censal.twb,Distribución Territorial - BTN Mostrar Gráficos,[federated.0qiz8oi1sb3cd813zi06q01yhyh5].[none:BTN Mostrar Gráficos Cruces Relevantes (copy) (copy)_54254335887220741:nk],categorical,"{""class"": ""categorical"", ""column"": ""[federated.0qiz8oi1sb3cd813zi06q01yhyh5].[none:BTN Mostrar Gráficos Cruces Relevantes (copy) (copy)_54254335887220741:nk]""}","[{""function"": ""member"", ""level"": ""[none:BTN Mostrar Gráficos Cruces Relevantes (copy) (copy)_54254335887220741:nk]"", ""member"": ""false"", ""{http://www.tableausoftware.com/xml/user}ui-domain"": ""relevant"", ""{http://www.tableausoftware.com/xml/user}ui-enumeration"": ""inclusive"", ""{http://www.tableausoftware.com/xml/user}ui-marker"": ""enumerate""}]"
1_1Aspectosdemogrficos_Informacincensal,DHBEvolucinTemporal,1.1 Aspectos demogr├íficos_Informaci├│n censal.twb,Distribución Territorial - Departamental Tabla,[federated.0qiz8oi1sb3cd813zi06q01yhyh5].[DATOS_MAPA],categorical,"{""class"": ""categorical"", ""column"": ""[federated.0qiz8oi1sb3cd813zi06q01yhyh5].[DATOS_MAPA]"", ""filter-group"": ""9""}",[]
1_1Aspectosdemogrficos_Informacincensal,DHBEvolucinTemporal,1.1 Aspectos demogr├íficos_Informaci├│n censal.twb,Distribución Territorial - Departamental Tabla,[federated.0qiz8oi1sb3cd813zi06q01yhyh5].[none:ANIO:ok],categorical,"{""class"": ""categorical"", ""column"": ""[federated.0qiz8oi1sb3cd813zi06q01yhyh5].[none:ANIO:ok]"", ""filter-group"": ""4""}","[{""function"": ""level-members"", ""level"": ""[none:ANIO:ok]"", ""{http://www.tableausoftware.com/xml/user}ui-enumeration"": ""all"", ""{http://www.tableausoftware.com/xml/user}ui-marker"": ""enumerate""}]"
1_1Aspectosdemogrficos_Informacincensal,DHBEvolucinTemporal,1.1 Aspectos demogr├íficos_Informaci├│n censal.twb,Distribución Territorial - Departamental Tabla,[federated.0qiz8oi1sb3cd813zi06q01yhyh5].[none:BTN Mostrar Gráficos Cruces Relevantes (copy) (copy)_54254335887220741:nk],categorical,"{""class"": ""categorical"", ""column"": ""[federated.0qiz8oi1sb3cd813zi06q01yhyh5].[none:BTN Mostrar Gráficos Cruces Relevantes (copy) (copy)_54254335887220741:nk]"", ""filter-group"": ""19""}","[{""function"": ""member"", ""level"": ""[none:BTN Mostrar Gráficos Cruces Relevantes (copy) (copy)_54254335887220741:nk]"", ""member"": ""true"", ""{http://www.tableausoftware.com/xml/user}ui-domain"": ""relevant"", ""{http://www.tableausoftware.com/xml/user}ui-enumeration"": ""inclusive"", ""{http://www.tableausoftware.com/xml/user}ui-marker"": ""enumerate""}]"
1_1Aspectosdemogrficos_Informacincensal,DHBEvolucinTemporal,1.1 Aspectos demogr├íficos_Informaci├│n censal.twb,Distribución Territorial - Departamental Tabla,[federated.0qiz8oi1sb3cd813zi06q01yhyh5].[none:Calculation_334673811823804420:nk],categorical,"{""class"": ""categorical"", ""column"": ""[federated.0qiz8oi1sb3cd813zi06q01yhyh5].[none:Calculation_334673811823804420:nk]"", ""filter-group"": ""27""}","[{""function"": ""member"", ""level"": ""[none:Calculation_334673811823804420:nk]"", ""member"": ""true"", ""{http://www.tableausoftware.com/xml/user}ui-domain"": ""relevant"", ""{http://www.tableausoftware.com/xml/user}ui-enumeration"": ""inclusive"", ""{http://www.tableausoftware.com/xml/user}ui-marker"": ""enumerate""}]"
1_1Aspectosdemogrficos_Informacincensal,DHBEvolucinTemporal,1.1 Aspectos demogr├íficos_Informaci├│n censal.twb,Distribución Territorial - Departamental Tabla,[federated.0qiz8oi1sb3cd813zi06q01yhyh5].[none:Calculation_334673811825987589:nk],categorical,"{""class"": ""categorical"", ""column"": ""[federated.0qiz8oi1sb3cd813zi06q01yhyh5].[none:Calculation_334673811825987589:nk]""}","[{""function"": ""member"", ""level"": ""[none:Calculation_334673811825987589:nk]"", ""member"": ""true"", ""{http://www.tableausoftware.com/xml/user}ui-domain"": ""relevant"", ""{http://www.tableausoftware.com/xml/user}ui-enumeration"": ""inclusive"", ""{http://www.tableausoftware.com/xml/user}ui-marker"": ""enumerate""}]"
1_1Aspectosdemogrficos_Informacincensal,DHBEvolucinTemporal,1.1 Aspectos demogr├íficos_Informaci├│n censal.twb,Distribución Territorial - Departamental Tabla,[federated.0qiz8oi1sb3cd813zi06q01yhyh5].[none:INDICADOR_NOMBRE (Indicadores):nk],categorical,"{""class"": ""categorical"", ""column"": ""[federated.0qiz8oi1sb3cd813zi06q01yhyh5].[none:INDICADOR_NOMBRE (Indicadores):nk]"", ""filter-group"": ""10""}","[{""function"": ""level-members"", ""level"": ""[none:INDICADOR_NOMBRE (Indicadores):nk]"", ""{http://www.tableausoftware.com/xml/user}ui-enumeration"": ""all"", ""{http://www.tableausoftware.com/xml/user}ui-marker"": ""enumerate""}]"
1_1Aspectosdemogrficos_Informacincensal,DHBEvolucinTemporal,1.1 Aspectos demogr├íficos_Informaci├│n censal.twb,Distribución Territorial - Filtro,[federated.0qiz8oi1sb3cd813zi06q01yhyh5].[DATOS_MAPA],categorical,"{""class"": ""categorical"", ""column"": ""[federated.0qiz8oi1sb3cd813zi06q01yhyh5].[DATOS_MAPA]"", ""filter-group"": ""9""}",[]
1_1Aspectosdemogrficos_Informacincensal,DHBEvolucinTemporal,1.1 Aspectos demogr├íficos_Informaci├│n censal.twb,Distribución Territorial - Filtro,[federated.0qiz8oi1sb3cd813zi06q01yhyh5].[none:ANIO:ok],categorical,"{""class"": ""categorical"", ""column"": ""[federated.0qiz8oi1sb3cd813zi06q01yhyh5].[none:ANIO:ok]"", ""filter-group"": ""4""}","[{""function"": ""level-members"", ""level"": ""[none:ANIO:ok]"", ""{http://www.tableausoftware.com/xml/user}ui-enumeration"": ""all"", ""{http://www.tableausoftware.com/xml/user}ui-marker"": ""enumerate""}]"
1_1Aspectosdemogrficos_Informacincensal,DHBEvolucinTemporal,1.1 Aspectos demogr├íficos_Informaci├│n censal.twb,Distribución Territorial - Filtro,[federated.0qiz8oi1sb3cd813zi06q01yhyh5].[none:Calculation_334673811823804420:nk],categorical,"{""class"": ""categorical"", ""column"": ""[federated.0qiz8oi1sb3cd813zi06q01yhyh5].[none:Calculation_334673811823804420:nk]"", ""filter-group"": ""27""}","[{""function"": ""member"", ""level"": ""[none:Calculation_334673811823804420:nk]"", ""member"": ""true"", ""{http://www.tableausoftware.com/xml/user}ui-domain"": ""relevant"", ""{http://www.tableausoftware.com/xml/user}ui-enumeration"": ""inclusive"", ""{http://www.tableausoftware.com/xml/user}ui-marker"": ""enumerate""}]"
1_1Aspectosdemogrficos_Informacincensal,DHBEvolucinTemporal,1.1 Aspectos demogr├íficos_Informaci├│n censal.twb,Distribución Territorial - Filtro,[federated.0qiz8oi1sb3cd813zi06q01yhyh5].[none:Calculation_334673811825987589:nk],categorical,"{""class"": ""categorical"", ""column"": ""[federated.0qiz8oi1sb3cd813zi06q01yhyh5].[none:Calculation_334673811825987589:nk]""}","[{""function"": ""member"", ""level"": ""[none:Calculation_334673811825987589:nk]"", ""member"": ""true"", ""{http://www.tableausoftware.com/xml/user}ui-domain"": ""relevant"", ""{http://www.tableausoftware.com/xml/user}ui-enumeration"": ""inclusive"", ""{http://www.tableausoftware.com/xml/user}ui-marker"": ""enumerate""}]"
1_1Aspectosdemogrficos_Informacincensal,DHBEvolucinTemporal,1.1 Aspectos demogr├íficos_Informaci├│n censal.twb,Distribución Territorial - Filtro,[federated.0qiz8oi1sb3cd813zi06q01yhyh5].[none:INDICADOR_NOMBRE (Indicadores):nk],categorical,"{""class"": ""categorical"", ""column"": ""[federated.0qiz8oi1sb3cd813zi06q01yhyh5].[none:INDICADOR_NOMBRE (Indicadores):nk]"", ""filter-group"": ""10""}","[{""function"": ""level-members"", ""level"": ""[none:INDICADOR_NOMBRE (Indicadores):nk]"", ""{http://www.tableausoftware.com/xml/user}ui-enumeration"": ""all"", ""{http://www.tableausoftware.com/xml/user}ui-marker"": ""enumerate""}]"
1_1Aspectosdemogrficos_Informacincensal,DHBEvolucinTemporal,1.1 Aspectos demogr├íficos_Informaci├│n censal.twb,Distribución Territorial - Filtro Indicador,[federated.0qiz8oi1sb3cd813zi06q01yhyh5].[DATOS_MAPA],categorical,"{""class"": ""categorical"", ""column"": ""[federated.0qiz8oi1sb3cd813zi06q01yhyh5].[DATOS_MAPA]"", ""filter-group"": ""9""}",[]
1_1Aspectosdemogrficos_Informacincensal,DHBEvolucinTemporal,1.1 Aspectos demogr├íficos_Informaci├│n censal.twb,Distribución Territorial - Filtro Indicador,[federated.0qiz8oi1sb3cd813zi06q01yhyh5].[none:ANIO:ok],categorical,"{""class"": ""categorical"", ""column"": ""[federated.0qiz8oi1sb3cd813zi06q01yhyh5].[none:ANIO:ok]"", ""filter-group"": ""4""}","[{""function"": ""level-members"", ""level"": ""[none:ANIO:ok]"", ""{http://www.tableausoftware.com/xml/user}ui-enumeration"": ""all"", ""{http://www.tableausoftware.com/xml/user}ui-marker"": ""enumerate""}]"
1_1Aspectosdemogrficos_Informacincensal,DHBEvolucinTemporal,1.1 Aspectos demogr├íficos_Informaci├│n censal.twb,Distribución Territorial - Filtro Indicador,[federated.0qiz8oi1sb3cd813zi06q01yhyh5].[none:Calculation_334673811823804420:nk],categorical,"{""class"": ""categorical"", ""column"": ""[federated.0qiz8oi1sb3cd813zi06q01yhyh5].[none:Calculation_334673811823804420:nk]"", ""filter-group"": ""27""}","[{""function"": ""member"", ""level"": ""[none:Calculation_334673811823804420:nk]"", ""member"": ""true"", ""{http://www.tableausoftware.com/xml/user}ui-domain"": ""relevant"", ""{http://www.tableausoftware.com/xml/user}ui-enumeration"": ""inclusive"", ""{http://www.tableausoftware.com/xml/user}ui-marker"": ""enumerate""}]"
1_1Aspectosdemogrficos_Informacincensal,DHBEvolucinTemporal,1.1 Aspectos demogr├íficos_Informaci├│n censal.twb,Distribución Territorial - Filtro Indicador,[federated.0qiz8oi1sb3cd813zi06q01yhyh5].[none:INDICADOR_NOMBRE (Indicadores):nk],categorical,"{""class"": ""categorical"", ""column"": ""[federated.0qiz8oi1sb3cd813zi06q01yhyh5].[none:INDICADOR_NOMBRE (Indicadores):nk]"", ""filter-group"": ""10""}","[{""function"": ""level-members"", ""level"": ""[none:INDICADOR_NOMBRE (Indicadores):nk]"", ""{http://www.tableausoftware.com/xml/user}ui-enumeration"": ""all"", ""{http://www.tableausoftware.com/xml/user}ui-marker"": ""enumerate""}]"
1_1Aspectosdemogrficos_Informacincensal,DHBEvolucinTemporal,1.1 Aspectos demogr├íficos_Informaci├│n censal.twb,Distribución Territorial - Provincial Aperturas - Barras,[federated.0qiz8oi1sb3cd813zi06q01yhyh5].[DATOS_MAPA],categorical,"{""class"": ""categorical"", ""column"": ""[federated.0qiz8oi1sb3cd813zi06q01yhyh5].[DATOS_MAPA]"", ""filter-group"": ""9""}",[]
1_1Aspectosdemogrficos_Informacincensal,DHBEvolucinTemporal,1.1 Aspectos demogr├íficos_Informaci├│n censal.twb,Distribución Territorial - Provincial Aperturas - Barras,[federated.0qiz8oi1sb3cd813zi06q01yhyh5].[none:ANIO:ok],categorical,"{""class"": ""categorical"", ""column"": ""[federated.0qiz8oi1sb3cd813zi06q01yhyh5].[none:ANIO:ok]"", ""filter-group"": ""4""}","[{""function"": ""level-members"", ""level"": ""[none:ANIO:ok]"", ""{http://www.tableausoftware.com/xml/user}ui-enumeration"": ""all"", ""{http://www.tableausoftware.com/xml/user}ui-marker"": ""enumerate""}]"
1_1Aspectosdemogrficos_Informacincensal,DHBEvolucinTemporal,1.1 Aspectos demogr├íficos_Informaci├│n censal.twb,Distribución Territorial - Provincial Aperturas - Barras,[federated.0qiz8oi1sb3cd813zi06q01yhyh5].[none:BTN Mostrar Gráficos Cruces Relevantes (copy) (copy)_54254335887220741:nk],categorical,"{""class"": ""categorical"", ""column"": ""[federated.0qiz8oi1sb3cd813zi06q01yhyh5].[none:BTN Mostrar Gráficos Cruces Relevantes (copy) (copy)_54254335887220741:nk]"", ""filter-group"": ""19""}","[{""function"": ""member"", ""level"": ""[none:BTN Mostrar Gráficos Cruces Relevantes (copy) (copy)_54254335887220741:nk]"", ""member"": ""true"", ""{http://www.tableausoftware.com/xml/user}ui-domain"": ""relevant"", ""{http://www.tableausoftware.com/xml/user}ui-enumeration"": ""inclusive"", ""{http://www.tableausoftware.com/xml/user}ui-marker"": ""enumerate""}]"
1_1Aspectosdemogrficos_Informacincensal,DHBEvolucinTemporal,1.1 Aspectos demogr├íficos_Informaci├│n censal.twb,Distribución Territorial - Provincial Aperturas - Barras,[federated.0qiz8oi1sb3cd813zi06q01yhyh5].[none:Calculation_334673811823804420:nk],categorical,"{""class"": ""categorical"", ""column"": ""[federated.0qiz8oi1sb3cd813zi06q01yhyh5].[none:Calculation_334673811823804420:nk]"", ""filter-group"": ""27""}","[{""function"": ""member"", ""level"": ""[none:Calculation_334673811823804420:nk]"", ""member"": ""true"", ""{http://www.tableausoftware.com/xml/user}ui-domain"": ""relevant"", ""{http://www.tableausoftware.com/xml/user}ui-enumeration"": ""inclusive"", ""{http://www.tableausoftware.com/xml/user}ui-marker"": ""enumerate""}]"
1_1Aspectosdemogrficos_Informacincensal,DHBEvolucinTemporal,1.1 Aspectos demogr├íficos_Informaci├│n censal.twb,Distribución Territorial - Provincial Aperturas - Barras,[federated.0qiz8oi1sb3cd813zi06q01yhyh5].[none:Calculation_334673811825987589:nk],categorical,"{""class"": ""categorical"", ""column"": ""[federated.0qiz8oi1sb3cd813zi06q01yhyh5].[none:Calculation_334673811825987589:nk]""}","[{""function"": ""member"", ""level"": ""[none:Calculation_334673811825987589:nk]"", ""member"": ""true"", ""{http://www.tableausoftware.com/xml/user}ui-domain"": ""relevant"", ""{http://www.tableausoftware.com/xml/user}ui-enumeration"": ""inclusive"", ""{http://www.tableausoftware.com/xml/user}ui-marker"": ""enumerate""}]"
1_1Aspectosdemogrficos_Informacincensal,DHBEvolucinTemporal,1.1 Aspectos demogr├íficos_Informaci├│n censal.twb,Distribución Territorial - Provincial Aperturas - Barras,[federated.0qiz8oi1sb3cd813zi06q01yhyh5].[none:INDICADOR_NOMBRE (Indicadores):nk],categorical,"{""class"": ""categorical"", ""column"": ""[federated.0qiz8oi1sb3cd813zi06q01yhyh5].[none:INDICADOR_NOMBRE (Indicadores):nk]"", ""filter-group"": ""10""}","[{""function"": ""level-members"", ""level"": ""[none:INDICADOR_NOMBRE (Indicadores):nk]"", ""{http://www.tableausoftware.com/xml/user}ui-enumeration"": ""all"", ""{http://www.tableausoftware.com/xml/user}ui-marker"": ""enumerate""}]"
1_1Aspectosdemogrficos_Informacincensal,DHBEvolucinTemporal,1.1 Aspectos demogr├íficos_Informaci├│n censal.twb,Distribución Territorial - Provincial Geográfico,[federated.0qiz8oi1sb3cd813zi06q01yhyh5].[DATOS_MAPA],categorical,"{""class"": ""categorical"", ""column"": ""[federated.0qiz8oi1sb3cd813zi06q01yhyh5].[DATOS_MAPA]"", ""filter-group"": ""9""}",[]
1_1Aspectosdemogrficos_Informacincensal,DHBEvolucinTemporal,1.1 Aspectos demogr├íficos_Informaci├│n censal.twb,Distribución Territorial - Provincial Geográfico,[federated.0qiz8oi1sb3cd813zi06q01yhyh5].[none:ANIO:ok],categorical,"{""class"": ""categorical"", ""column"": ""[federated.0qiz8oi1sb3cd813zi06q01yhyh5].[none:ANIO:ok]"", ""filter-group"": ""4""}","[{""function"": ""level-members"", ""level"": ""[none:ANIO:ok]"", ""{http://www.tableausoftware.com/xml/user}ui-enumeration"": ""all"", ""{http://www.tableausoftware.com/xml/user}ui-marker"": ""enumerate""}]"
1_1Aspectosdemogrficos_Informacincensal,DHBEvolucinTemporal,1.1 Aspectos demogr├íficos_Informaci├│n censal.twb,Distribución Territorial - Provincial Geográfico,[federated.0qiz8oi1sb3cd813zi06q01yhyh5].[none:BTN Mostrar Gráficos Cruces Relevantes (copy) (copy)_54254335887220741:nk],categorical,"{""class"": ""categorical"", ""column"": ""[federated.0qiz8oi1sb3cd813zi06q01yhyh5].[none:BTN Mostrar Gráficos Cruces Relevantes (copy) (copy)_54254335887220741:nk]"", ""filter-group"": ""19""}","[{""function"": ""member"", ""level"": ""[none:BTN Mostrar Gráficos Cruces Relevantes (copy) (copy)_54254335887220741:nk]"", ""member"": ""true"", ""{http://www.tableausoftware.com/xml/user}ui-domain"": ""relevant"", ""{http://www.tableausoftware.com/xml/user}ui-enumeration"": ""inclusive"", ""{http://www.tableausoftware.com/xml/user}ui-marker"": ""enumerate""}]"
1_1Aspectosdemogrficos_Informacincensal,DHBEvolucinTemporal,1.1 Aspectos demogr├íficos_Informaci├│n censal.twb,Distribución Territorial - Provincial Geográfico,[federated.0qiz8oi1sb3cd813zi06q01yhyh5].[none:Calculation_334673811823804420:nk],categorical,"{""class"": ""categorical"", ""column"": ""[federated.0qiz8oi1sb3cd813zi06q01yhyh5].[none:Calculation_334673811823804420:nk]"", ""filter-group"": ""27""}","[{""function"": ""member"", ""level"": ""[none:Calculation_334673811823804420:nk]"", ""member"": ""true"", ""{http://www.tableausoftware.com/xml/user}ui-domain"": ""relevant"", ""{http://www.tableausoftware.com/xml/user}ui-enumeration"": ""inclusive"", ""{http://www.tableausoftware.com/xml/user}ui-marker"": ""enumerate""}]"
1_1Aspectosdemogrficos_Informacincensal,DHBEvolucinTemporal,1.1 Aspectos demogr├íficos_Informaci├│n censal.twb,Distribución Territorial - Provincial Geográfico,[federated.0qiz8oi1sb3cd813zi06q01yhyh5].[none:Calculation_334673811825987589:nk],categorical,"{""class"": ""categorical"", ""column"": ""[federated.0qiz8oi1sb3cd813zi06q01yhyh5].[none:Calculation_334673811825987589:nk]""}","[{""function"": ""member"", ""level"": ""[none:Calculation_334673811825987589:nk]"", ""member"": ""true"", ""{http://www.tableausoftware.com/xml/user}ui-domain"": ""relevant"", ""{http://www.tableausoftware.com/xml/user}ui-enumeration"": ""inclusive"", ""{http://www.tableausoftware.com/xml/user}ui-marker"": ""enumerate""}]"
1_1Aspectosdemogrficos_Informacincensal,DHBEvolucinTemporal,1.1 Aspectos demogr├íficos_Informaci├│n censal.twb,Distribución Territorial - Provincial Geográfico,[federated.0qiz8oi1sb3cd813zi06q01yhyh5].[none:INDICADOR_NOMBRE (Indicadores):nk],categorical,"{""class"": ""categorical"", ""column"": ""[federated.0qiz8oi1sb3cd813zi06q01yhyh5].[none:INDICADOR_NOMBRE (Indicadores):nk]"", ""filter-group"": ""10""}","[{""function"": ""level-members"", ""level"": ""[none:INDICADOR_NOMBRE (Indicadores):nk]"", ""{http://www.tableausoftware.com/xml/user}ui-enumeration"": ""all"", ""{http://www.tableausoftware.com/xml/user}ui-marker"": ""enumerate""}]"
1_1Aspectosdemogrficos_Informacincensal,DHBEvolucinTemporal,1.1 Aspectos demogr├íficos_Informaci├│n censal.twb,Distribución Territorial - Provincial Tabla,[federated.0qiz8oi1sb3cd813zi06q01yhyh5].[DATOS_MAPA],categorical,"{""class"": ""categorical"", ""column"": ""[federated.0qiz8oi1sb3cd813zi06q01yhyh5].[DATOS_MAPA]"", ""filter-group"": ""9""}",[]
1_1Aspectosdemogrficos_Informacincensal,DHBEvolucinTemporal,1.1 Aspectos demogr├íficos_Informaci├│n censal.twb,Distribución Territorial - Provincial Tabla,[federated.0qiz8oi1sb3cd813zi06q01yhyh5].[none:ANIO:ok],categorical,"{""class"": ""categorical"", ""column"": ""[federated.0qiz8oi1sb3cd813zi06q01yhyh5].[none:ANIO:ok]"", ""filter-group"": ""4""}","[{""function"": ""level-members"", ""level"": ""[none:ANIO:ok]"", ""{http://www.tableausoftware.com/xml/user}ui-enumeration"": ""all"", ""{http://www.tableausoftware.com/xml/user}ui-marker"": ""enumerate""}]"
1_1Aspectosdemogrficos_Informacincensal,DHBEvolucinTemporal,1.1 Aspectos demogr├íficos_Informaci├│n censal.twb,Distribución Territorial - Provincial Tabla,[federated.0qiz8oi1sb3cd813zi06q01yhyh5].[none:BTN Mostrar Gráficos Cruces Relevantes (copy) (copy)_54254335887220741:nk],categorical,"{""class"": ""categorical"", ""column"": ""[federated.0qiz8oi1sb3cd813zi06q01yhyh5].[none:BTN Mostrar Gráficos Cruces Relevantes (copy) (copy)_54254335887220741:nk]"", ""filter-group"": ""19""}","[{""function"": ""member"", ""level"": ""[none:BTN Mostrar Gráficos Cruces Relevantes (copy) (copy)_54254335887220741:nk]"", ""member"": ""true"", ""{http://www.tableausoftware.com/xml/user}ui-domain"": ""relevant"", ""{http://www.tableausoftware.com/xml/user}ui-enumeration"": ""inclusive"", ""{http://www.tableausoftware.com/xml/user}ui-marker"": ""enumerate""}]"
1_1Aspectosdemogrficos_Informacincensal,DHBEvolucinTemporal,1.1 Aspectos demogr├íficos_Informaci├│n censal.twb,Distribución Territorial - Provincial Tabla,[federated.0qiz8oi1sb3cd813zi06q01yhyh5].[none:Calculation_334673811823804420:nk],categorical,"{""class"": ""categorical"", ""column"": ""[federated.0qiz8oi1sb3cd813zi06q01yhyh5].[none:Calculation_334673811823804420:nk]"", ""filter-group"": ""27""}","[{""function"": ""member"", ""level"": ""[none:Calculation_334673811823804420:nk]"", ""member"": ""true"", ""{http://www.tableausoftware.com/xml/user}ui-domain"": ""relevant"", ""{http://www.tableausoftware.com/xml/user}ui-enumeration"": ""inclusive"", ""{http://www.tableausoftware.com/xml/user}ui-marker"": ""enumerate""}]"
1_1Aspectosdemogrficos_Informacincensal,DHBEvolucinTemporal,1.1 Aspectos demogr├íficos_Informaci├│n censal.twb,Distribución Territorial - Provincial Tabla,[federated.0qiz8oi1sb3cd813zi06q01yhyh5].[none:Calculation_334673811825987589:nk],categorical,"{""class"": ""categorical"", ""column"": ""[federated.0qiz8oi1sb3cd813zi06q01yhyh5].[none:Calculation_334673811825987589:nk]""}","[{""function"": ""member"", ""level"": ""[none:Calculation_334673811825987589:nk]"", ""member"": ""true"", ""{http://www.tableausoftware.com/xml/user}ui-domain"": ""relevant"", ""{http://www.tableausoftware.com/xml/user}ui-enumeration"": ""inclusive"", ""{http://www.tableausoftware.com/xml/user}ui-marker"": ""enumerate""}]"
1_1Aspectosdemogrficos_Informacincensal,DHBEvolucinTemporal,1.1 Aspectos demogr├íficos_Informaci├│n censal.twb,Distribución Territorial - Provincial Tabla,[federated.0qiz8oi1sb3cd813zi06q01yhyh5].[none:INDICADOR_NOMBRE (Indicadores):nk],categorical,"{""class"": ""categorical"", ""column"": ""[federated.0qiz8oi1sb3cd813zi06q01yhyh5].[none:INDICADOR_NOMBRE (Indicadores):nk]"", ""filter-group"": ""10""}","[{""function"": ""level-members"", ""level"": ""[none:INDICADOR_NOMBRE (Indicadores):nk]"", ""{http://www.tableausoftware.com/xml/user}ui-enumeration"": ""all"", ""{http://www.tableausoftware.com/xml/user}ui-marker"": ""enumerate""}]"
1_1Aspectosdemogrficos_Informacincensal,DHBEvolucinTemporal,1.1 Aspectos demogr├íficos_Informaci├│n censal.twb,Distribución Territorial - Regional Geográfico,[federated.0qiz8oi1sb3cd813zi06q01yhyh5].[DATOS_MAPA],categorical,"{""class"": ""categorical"", ""column"": ""[federated.0qiz8oi1sb3cd813zi06q01yhyh5].[DATOS_MAPA]"", ""filter-group"": ""9""}",[]
1_1Aspectosdemogrficos_Informacincensal,DHBEvolucinTemporal,1.1 Aspectos demogr├íficos_Informaci├│n censal.twb,Distribución Territorial - Regional Geográfico,[federated.0qiz8oi1sb3cd813zi06q01yhyh5].[none:ANIO:ok],categorical,"{""class"": ""categorical"", ""column"": ""[federated.0qiz8oi1sb3cd813zi06q01yhyh5].[none:ANIO:ok]"", ""filter-group"": ""4""}","[{""function"": ""level-members"", ""level"": ""[none:ANIO:ok]"", ""{http://www.tableausoftware.com/xml/user}ui-enumeration"": ""all"", ""{http://www.tableausoftware.com/xml/user}ui-marker"": ""enumerate""}]"
1_1Aspectosdemogrficos_Informacincensal,DHBEvolucinTemporal,1.1 Aspectos demogr├íficos_Informaci├│n censal.twb,Distribución Territorial - Regional Geográfico,[federated.0qiz8oi1sb3cd813zi06q01yhyh5].[none:BTN Mostrar Gráficos Cruces Relevantes (copy) (copy)_54254335887220741:nk],categorical,"{""class"": ""categorical"", ""column"": ""[federated.0qiz8oi1sb3cd813zi06q01yhyh5].[none:BTN Mostrar Gráficos Cruces Relevantes (copy) (copy)_54254335887220741:nk]"", ""filter-group"": ""19""}","[{""function"": ""member"", ""level"": ""[none:BTN Mostrar Gráficos Cruces Relevantes (copy) (copy)_54254335887220741:nk]"", ""member"": ""true"", ""{http://www.tableausoftware.com/xml/user}ui-domain"": ""relevant"", ""{http://www.tableausoftware.com/xml/user}ui-enumeration"": ""inclusive"", ""{http://www.tableausoftware.com/xml/user}ui-marker"": ""enumerate""}]"
1_1Aspectosdemogrficos_Informacincensal,DHBEvolucinTemporal,1.1 Aspectos demogr├íficos_Informaci├│n censal.twb,Distribución Territorial - Regional Geográfico,[federated.0qiz8oi1sb3cd813zi06q01yhyh5].[none:Calculation_334673811823804420:nk],categorical,"{""class"": ""categorical"", ""column"": ""[federated.0qiz8oi1sb3cd813zi06q01yhyh5].[none:Calculation_334673811823804420:nk]"", ""filter-group"": ""27""}","[{""function"": ""member"", ""level"": ""[none:Calculation_334673811823804420:nk]"", ""member"": ""true"", ""{http://www.tableausoftware.com/xml/user}ui-domain"": ""relevant"", ""{http://www.tableausoftware.com/xml/user}ui-enumeration"": ""inclusive"", ""{http://www.tableausoftware.com/xml/user}ui-marker"": ""enumerate""}]"
1_1Aspectosdemogrficos_Informacincensal,DHBEvolucinTemporal,1.1 Aspectos demogr├íficos_Informaci├│n censal.twb,Distribución Territorial - Regional Geográfico,[federated.0qiz8oi1sb3cd813zi06q01yhyh5].[none:Calculation_334673811825987589:nk],categorical,"{""class"": ""categorical"", ""column"": ""[federated.0qiz8oi1sb3cd813zi06q01yhyh5].[none:Calculation_334673811825987589:nk]""}","[{""function"": ""member"", ""level"": ""[none:Calculation_334673811825987589:nk]"", ""member"": ""true"", ""{http://www.tableausoftware.com/xml/user}ui-domain"": ""relevant"", ""{http://www.tableausoftware.com/xml/user}ui-enumeration"": ""inclusive"", ""{http://www.tableausoftware.com/xml/user}ui-marker"": ""enumerate""}]"
1_1Aspectosdemogrficos_Informacincensal,DHBEvolucinTemporal,1.1 Aspectos demogr├íficos_Informaci├│n censal.twb,Distribución Territorial - Regional Geográfico,[federated.0qiz8oi1sb3cd813zi06q01yhyh5].[none:INDICADOR_NOMBRE (Indicadores):nk],categorical,"{""class"": ""categorical"", ""column"": ""[federated.0qiz8oi1sb3cd813zi06q01yhyh5].[none:INDICADOR_NOMBRE (Indicadores):nk]"", ""filter-group"": ""10""}","[{""function"": ""level-members"", ""level"": ""[none:INDICADOR_NOMBRE (Indicadores):nk]"", ""{http://www.tableausoftware.com/xml/user}ui-enumeration"": ""all"", ""{http://www.tableausoftware.com/xml/user}ui-marker"": ""enumerate""}]"
1_1Aspectosdemogrficos_Informacincensal,DHBEvolucinTemporal,1.1 Aspectos demogr├íficos_Informaci├│n censal.twb,Distribución Territorial - Regional Tabla,[federated.0qiz8oi1sb3cd813zi06q01yhyh5].[DATOS_MAPA],categorical,"{""class"": ""categorical"", ""column"": ""[federated.0qiz8oi1sb3cd813zi06q01yhyh5].[DATOS_MAPA]"", ""filter-group"": ""9""}",[]
1_1Aspectosdemogrficos_Informacincensal,DHBEvolucinTemporal,1.1 Aspectos demogr├íficos_Informaci├│n censal.twb,Distribución Territorial - Regional Tabla,[federated.0qiz8oi1sb3cd813zi06q01yhyh5].[none:ANIO:ok],categorical,"{""class"": ""categorical"", ""column"": ""[federated.0qiz8oi1sb3cd813zi06q01yhyh5].[none:ANIO:ok]"", ""filter-group"": ""4""}","[{""function"": ""level-members"", ""level"": ""[none:ANIO:ok]"", ""{http://www.tableausoftware.com/xml/user}ui-enumeration"": ""all"", ""{http://www.tableausoftware.com/xml/user}ui-marker"": ""enumerate""}]"
1_1Aspectosdemogrficos_Informacincensal,DHBEvolucinTemporal,1.1 Aspectos demogr├íficos_Informaci├│n censal.twb,Distribución Territorial - Regional Tabla,[federated.0qiz8oi1sb3cd813zi06q01yhyh5].[none:BTN Mostrar Gráficos Cruces Relevantes (copy) (copy)_54254335887220741:nk],categorical,"{""class"": ""categorical"", ""column"": ""[federated.0qiz8oi1sb3cd813zi06q01yhyh5].[none:BTN Mostrar Gráficos Cruces Relevantes (copy) (copy)_54254335887220741:nk]"", ""filter-group"": ""19""}","[{""function"": ""member"", ""level"": ""[none:BTN Mostrar Gráficos Cruces Relevantes (copy) (copy)_54254335887220741:nk]"", ""member"": ""true"", ""{http://www.tableausoftware.com/xml/user}ui-domain"": ""relevant"", ""{http://www.tableausoftware.com/xml/user}ui-enumeration"": ""inclusive"", ""{http://www.tableausoftware.com/xml/user}ui-marker"": ""enumerate""}]"
1_1Aspectosdemogrficos_Informacincensal,DHBEvolucinTemporal,1.1 Aspectos demogr├íficos_Informaci├│n censal.twb,Distribución Territorial - Regional Tabla,[federated.0qiz8oi1sb3cd813zi06q01yhyh5].[none:Calculation_334673811823804420:nk],categorical,"{""class"": ""categorical"", ""column"": ""[federated.0qiz8oi1sb3cd813zi06q01yhyh5].[none:Calculation_334673811823804420:nk]"", ""filter-group"": ""27""}","[{""function"": ""member"", ""level"": ""[none:Calculation_334673811823804420:nk]"", ""member"": ""true"", ""{http://www.tableausoftware.com/xml/user}ui-domain"": ""relevant"", ""{http://www.tableausoftware.com/xml/user}ui-enumeration"": ""inclusive"", ""{http://www.tableausoftware.com/xml/user}ui-marker"": ""enumerate""}]"
1_1Aspectosdemogrficos_Informacincensal,DHBEvolucinTemporal,1.1 Aspectos demogr├íficos_Informaci├│n censal.twb,Distribución Territorial - Regional Tabla,[federated.0qiz8oi1sb3cd813zi06q01yhyh5].[none:Calculation_334673811825987589:nk],categorical,"{""class"": ""categorical"", ""column"": ""[federated.0qiz8oi1sb3cd813zi06q01yhyh5].[none:Calculation_334673811825987589:nk]""}","[{""function"": ""member"", ""level"": ""[none:Calculation_334673811825987589:nk]"", ""member"": ""true"", ""{http://www.tableausoftware.com/xml/user}ui-domain"": ""relevant"", ""{http://www.tableausoftware.com/xml/user}ui-enumeration"": ""inclusive"", ""{http://www.tableausoftware.com/xml/user}ui-marker"": ""enumerate""}]"
1_1Aspectosdemogrficos_Informacincensal,DHBEvolucinTemporal,1.1 Aspectos demogr├íficos_Informaci├│n censal.twb,Distribución Territorial - Regional Tabla,[federated.0qiz8oi1sb3cd813zi06q01yhyh5].[none:INDICADOR_NOMBRE (Indicadores):nk],categorical,"{""class"": ""categorical"", ""column"": ""[federated.0qiz8oi1sb3cd813zi06q01yhyh5].[none:INDICADOR_NOMBRE (Indicadores):nk]"", ""filter-group"": ""10""}","[{""function"": ""level-members"", ""level"": ""[none:INDICADOR_NOMBRE (Indicadores):nk]"", ""{http://www.tableausoftware.com/xml/user}ui-enumeration"": ""all"", ""{http://www.tableausoftware.com/xml/user}ui-marker"": ""enumerate""}]"
1_1Aspectosdemogrficos_Informacincensal,DHBEvolucinTemporal,1.1 Aspectos demogr├íficos_Informaci├│n censal.twb,Distribución Territorial - Tapa valores geográfico,[federated.0qiz8oi1sb3cd813zi06q01yhyh5].[DATOS_MAPA],categorical,"{""class"": ""categorical"", ""column"": ""[federated.0qiz8oi1sb3cd813zi06q01yhyh5].[DATOS_MAPA]"", ""filter-group"": ""9""}",[]
1_1Aspectosdemogrficos_Informacincensal,DHBEvolucinTemporal,1.1 Aspectos demogr├íficos_Informaci├│n censal.twb,Distribución Territorial - Tapa valores geográfico,[federated.0qiz8oi1sb3cd813zi06q01yhyh5].[none:ANIO:ok],categorical,"{""class"": ""categorical"", ""column"": ""[federated.0qiz8oi1sb3cd813zi06q01yhyh5].[none:ANIO:ok]"", ""filter-group"": ""4""}","[{""function"": ""level-members"", ""level"": ""[none:ANIO:ok]"", ""{http://www.tableausoftware.com/xml/user}ui-enumeration"": ""all"", ""{http://www.tableausoftware.com/xml/user}ui-marker"": ""enumerate""}]"
1_1Aspectosdemogrficos_Informacincensal,DHBEvolucinTemporal,1.1 Aspectos demogr├íficos_Informaci├│n censal.twb,Distribución Territorial - Tapa valores geográfico,[federated.0qiz8oi1sb3cd813zi06q01yhyh5].[none:Calculation_334673811823804420:nk],categorical,"{""class"": ""categorical"", ""column"": ""[federated.0qiz8oi1sb3cd813zi06q01yhyh5].[none:Calculation_334673811823804420:nk]"", ""filter-group"": ""27""}","[{""function"": ""member"", ""level"": ""[none:Calculation_334673811823804420:nk]"", ""member"": ""true"", ""{http://www.tableausoftware.com/xml/user}ui-domain"": ""relevant"", ""{http://www.tableausoftware.com/xml/user}ui-enumeration"": ""inclusive"", ""{http://www.tableausoftware.com/xml/user}ui-marker"": ""enumerate""}]"
1_1Aspectosdemogrficos_Informacincensal,DHBEvolucinTemporal,1.1 Aspectos demogr├íficos_Informaci├│n censal.twb,Distribución Territorial - Tapa valores geográfico,[federated.0qiz8oi1sb3cd813zi06q01yhyh5].[none:Calculation_334673811825987589:nk],categorical,"{""class"": ""categorical"", ""column"": ""[federated.0qiz8oi1sb3cd813zi06q01yhyh5].[none:Calculation_334673811825987589:nk]""}","[{""function"": ""member"", ""level"": ""[none:Calculation_334673811825987589:nk]"", ""member"": ""false"", ""{http://www.tableausoftware.com/xml/user}ui-domain"": ""relevant"", ""{http://www.tableausoftware.com/xml/user}ui-enumeration"": ""inclusive"", ""{http://www.tableausoftware.com/xml/user}ui-marker"": ""enumerate""}]"
1_1Aspectosdemogrficos_Informacincensal,DHBEvolucinTemporal,1.1 Aspectos demogr├íficos_Informaci├│n censal.twb,Distribución Territorial - Tapa valores geográfico,[federated.0qiz8oi1sb3cd813zi06q01yhyh5].[none:INDICADOR_NOMBRE (Indicadores):nk],categorical,"{""class"": ""categorical"", ""column"": ""[federated.0qiz8oi1sb3cd813zi06q01yhyh5].[none:INDICADOR_NOMBRE (Indicadores):nk]"", ""filter-group"": ""10""}","[{""function"": ""level-members"", ""level"": ""[none:INDICADOR_NOMBRE (Indicadores):nk]"", ""{http://www.tableausoftware.com/xml/user}ui-enumeration"": ""all"", ""{http://www.tableausoftware.com/xml/user}ui-marker"": ""enumerate""}]"
1_1Aspectosdemogrficos_Informacincensal,DHBEvolucinTemporal,1.1 Aspectos demogr├íficos_Informaci├│n censal.twb,Distribución Territorial - Título,[federated.0qiz8oi1sb3cd813zi06q01yhyh5].[DATOS_MAPA],categorical,"{""class"": ""categorical"", ""column"": ""[federated.0qiz8oi1sb3cd813zi06q01yhyh5].[DATOS_MAPA]"", ""filter-group"": ""9""}",[]
1_1Aspectosdemogrficos_Informacincensal,DHBEvolucinTemporal,1.1 Aspectos demogr├íficos_Informaci├│n censal.twb,Distribución Territorial - Título,[federated.0qiz8oi1sb3cd813zi06q01yhyh5].[none:ANIO:ok],categorical,"{""class"": ""categorical"", ""column"": ""[federated.0qiz8oi1sb3cd813zi06q01yhyh5].[none:ANIO:ok]"", ""filter-group"": ""4""}","[{""function"": ""level-members"", ""level"": ""[none:ANIO:ok]"", ""{http://www.tableausoftware.com/xml/user}ui-enumeration"": ""all"", ""{http://www.tableausoftware.com/xml/user}ui-marker"": ""enumerate""}]"
1_1Aspectosdemogrficos_Informacincensal,DHBEvolucinTemporal,1.1 Aspectos demogr├íficos_Informaci├│n censal.twb,Distribución Territorial - Título,[federated.0qiz8oi1sb3cd813zi06q01yhyh5].[none:BTN Mostrar Gráficos Cruces Relevantes (copy) (copy)_54254335887220741:nk],categorical,"{""class"": ""categorical"", ""column"": ""[federated.0qiz8oi1sb3cd813zi06q01yhyh5].[none:BTN Mostrar Gráficos Cruces Relevantes (copy) (copy)_54254335887220741:nk]"", ""filter-group"": ""19""}","[{""function"": ""member"", ""level"": ""[none:BTN Mostrar Gráficos Cruces Relevantes (copy) (copy)_54254335887220741:nk]"", ""member"": ""true"", ""{http://www.tableausoftware.com/xml/user}ui-domain"": ""relevant"", ""{http://www.tableausoftware.com/xml/user}ui-enumeration"": ""inclusive"", ""{http://www.tableausoftware.com/xml/user}ui-marker"": ""enumerate""}]"
1_1Aspectosdemogrficos_Informacincensal,DHBEvolucinTemporal,1.1 Aspectos demogr├íficos_Informaci├│n censal.twb,Distribución Territorial - Título,[federated.0qiz8oi1sb3cd813zi06q01yhyh5].[none:Calculation_334673811823804420:nk],categorical,"{""class"": ""categorical"", ""column"": ""[federated.0qiz8oi1sb3cd813zi06q01yhyh5].[none:Calculation_334673811823804420:nk]"", ""filter-group"": ""27""}","[{""function"": ""member"", ""level"": ""[none:Calculation_334673811823804420:nk]"", ""member"": ""true"", ""{http://www.tableausoftware.com/xml/user}ui-domain"": ""relevant"", ""{http://www.tableausoftware.com/xml/user}ui-enumeration"": ""inclusive"", ""{http://www.tableausoftware.com/xml/user}ui-marker"": ""enumerate""}]"
1_1Aspectosdemogrficos_Informacincensal,DHBEvolucinTemporal,1.1 Aspectos demogr├íficos_Informaci├│n censal.twb,Distribución Territorial - Título,[federated.0qiz8oi1sb3cd813zi06q01yhyh5].[none:Calculation_334673811825987589:nk],categorical,"{""class"": ""categorical"", ""column"": ""[federated.0qiz8oi1sb3cd813zi06q01yhyh5].[none:Calculation_334673811825987589:nk]""}","[{""function"": ""member"", ""level"": ""[none:Calculation_334673811825987589:nk]"", ""member"": ""true"", ""{http://www.tableausoftware.com/xml/user}ui-domain"": ""relevant"", ""{http://www.tableausoftware.com/xml/user}ui-enumeration"": ""inclusive"", ""{http://www.tableausoftware.com/xml/user}ui-marker"": ""enumerate""}]"
1_1Aspectosdemogrficos_Informacincensal,DHBEvolucinTemporal,1.1 Aspectos demogr├íficos_Informaci├│n censal.twb,Distribución Territorial - Título,[federated.0qiz8oi1sb3cd813zi06q01yhyh5].[none:INDICADOR_NOMBRE (Indicadores):nk],categorical,"{""class"": ""categorical"", ""column"": ""[federated.0qiz8oi1sb3cd813zi06q01yhyh5].[none:INDICADOR_NOMBRE (Indicadores):nk]"", ""filter-group"": ""10""}","[{""function"": ""level-members"", ""level"": ""[none:INDICADOR_NOMBRE (Indicadores):nk]"", ""{http://www.tableausoftware.com/xml/user}ui-enumeration"": ""all"", ""{http://www.tableausoftware.com/xml/user}ui-marker"": ""enumerate""}]"
1_1Aspectosdemogrficos_Informacincensal,DHBEvolucinTemporal,1.1 Aspectos demogr├íficos_Informaci├│n censal.twb,Evolución Temporal - BTN Mostrar Gráficos,[federated.0qiz8oi1sb3cd813zi06q01yhyh5].[none:BTN Mostrar Gráficos Cruces Relevantes (copy)_54254335887208452:nk],categorical,"{""class"": ""categorical"", ""column"": ""[federated.0qiz8oi1sb3cd813zi06q01yhyh5].[none:BTN Mostrar Gráficos Cruces Relevantes (copy)_54254335887208452:nk]""}","[{""function"": ""member"", ""level"": ""[none:BTN Mostrar Gráficos Cruces Relevantes (copy)_54254335887208452:nk]"", ""member"": ""false"", ""{http://www.tableausoftware.com/xml/user}ui-domain"": ""relevant"", ""{http://www.tableausoftware.com/xml/user}ui-enumeration"": ""inclusive"", ""{http://www.tableausoftware.com/xml/user}ui-marker"": ""enumerate""}]"
1_1Aspectosdemogrficos_Informacincensal,DHBEvolucinTemporal,1.1 Aspectos demogr├íficos_Informaci├│n censal.twb,Evolución Temporal - Filtro,[federated.0qiz8oi1sb3cd813zi06q01yhyh5].[DATOS_SERIES_TEMPORALES_1],categorical,"{""class"": ""categorical"", ""column"": ""[federated.0qiz8oi1sb3cd813zi06q01yhyh5].[DATOS_SERIES_TEMPORALES_1]"", ""filter-group"": ""20""}","[{""function"": ""level-members"", ""level"": ""[TIPO_DE_DATO]"", ""{http://www.tableausoftware.com/xml/user}ui-enumeration"": ""all"", ""{http://www.tableausoftware.com/xml/user}ui-marker"": ""enumerate""}]"
1_1Aspectosdemogrficos_Informacincensal,DHBEvolucinTemporal,1.1 Aspectos demogr├íficos_Informaci├│n censal.twb,Evolución Temporal - Filtro,[federated.0qiz8oi1sb3cd813zi06q01yhyh5].[none:APERTURA_NIVEL_1:nk],categorical,"{""class"": ""categorical"", ""column"": ""[federated.0qiz8oi1sb3cd813zi06q01yhyh5].[none:APERTURA_NIVEL_1:nk]"", ""filter-group"": ""21""}","[{""function"": ""level-members"", ""level"": ""[none:APERTURA_NIVEL_1:nk]"", ""{http://www.tableausoftware.com/xml/user}ui-enumeration"": ""all"", ""{http://www.tableausoftware.com/xml/user}ui-marker"": ""enumerate""}]"
1_1Aspectosdemogrficos_Informacincensal,DHBEvolucinTemporal,1.1 Aspectos demogr├íficos_Informaci├│n censal.twb,Evolución Temporal - Filtro,[federated.0qiz8oi1sb3cd813zi06q01yhyh5].[none:Calculation_334673811823804420:nk],categorical,"{""class"": ""categorical"", ""column"": ""[federated.0qiz8oi1sb3cd813zi06q01yhyh5].[none:Calculation_334673811823804420:nk]"", ""filter-group"": ""27""}","[{""function"": ""member"", ""level"": ""[none:Calculation_334673811823804420:nk]"", ""member"": ""true"", ""{http://www.tableausoftware.com/xml/user}ui-domain"": ""relevant"", ""{http://www.tableausoftware.com/xml/user}ui-enumeration"": ""inclusive"", ""{http://www.tableausoftware.com/xml/user}ui-marker"": ""enumerate""}]"
1_1Aspectosdemogrficos_Informacincensal,DHBEvolucinTemporal,1.1 Aspectos demogr├íficos_Informaci├│n censal.twb,Evolución Temporal - Filtro,[federated.0qiz8oi1sb3cd813zi06q01yhyh5].[none:Calculation_334673811825987589:nk],categorical,"{""class"": ""categorical"", ""column"": ""[federated.0qiz8oi1sb3cd813zi06q01yhyh5].[none:Calculation_334673811825987589:nk]""}","[{""function"": ""member"", ""level"": ""[none:Calculation_334673811825987589:nk]"", ""member"": ""true"", ""{http://www.tableausoftware.com/xml/user}ui-domain"": ""relevant"", ""{http://www.tableausoftware.com/xml/user}ui-enumeration"": ""inclusive"", ""{http://www.tableausoftware.com/xml/user}ui-marker"": ""enumerate""}]"
1_1Aspectosdemogrficos_Informacincensal,DHBEvolucinTemporal,1.1 Aspectos demogr├íficos_Informaci├│n censal.twb,Evolución Temporal - Filtro,[federated.0qiz8oi1sb3cd813zi06q01yhyh5].[none:INDICADOR_NOMBRE (Indicadores):nk],categorical,"{""class"": ""categorical"", ""column"": ""[federated.0qiz8oi1sb3cd813zi06q01yhyh5].[none:INDICADOR_NOMBRE (Indicadores):nk]"", ""filter-group"": ""22""}","[{""function"": ""level-members"", ""level"": ""[none:INDICADOR_NOMBRE (Indicadores):nk]"", ""{http://www.tableausoftware.com/xml/user}ui-enumeration"": ""all"", ""{http://www.tableausoftware.com/xml/user}ui-marker"": ""enumerate""}]"
1_1Aspectosdemogrficos_Informacincensal,DHBEvolucinTemporal,1.1 Aspectos demogr├íficos_Informaci├│n censal.twb,Evolución Temporal - Filtro Indicador,[federated.0qiz8oi1sb3cd813zi06q01yhyh5].[DATOS_SERIES_TEMPORALES_1],categorical,"{""class"": ""categorical"", ""column"": ""[federated.0qiz8oi1sb3cd813zi06q01yhyh5].[DATOS_SERIES_TEMPORALES_1]"", ""filter-group"": ""20""}","[{""function"": ""level-members"", ""level"": ""[TIPO_DE_DATO]"", ""{http://www.tableausoftware.com/xml/user}ui-enumeration"": ""all"", ""{http://www.tableausoftware.com/xml/user}ui-marker"": ""enumerate""}]"
1_1Aspectosdemogrficos_Informacincensal,DHBEvolucinTemporal,1.1 Aspectos demogr├íficos_Informaci├│n censal.twb,Evolución Temporal - Filtro Indicador,[federated.0qiz8oi1sb3cd813zi06q01yhyh5].[none:APERTURA_NIVEL_1:nk],categorical,"{""class"": ""categorical"", ""column"": ""[federated.0qiz8oi1sb3cd813zi06q01yhyh5].[none:APERTURA_NIVEL_1:nk]"", ""filter-group"": ""21""}","[{""function"": ""level-members"", ""level"": ""[none:APERTURA_NIVEL_1:nk]"", ""{http://www.tableausoftware.com/xml/user}ui-enumeration"": ""all"", ""{http://www.tableausoftware.com/xml/user}ui-marker"": ""enumerate""}]"
1_1Aspectosdemogrficos_Informacincensal,DHBEvolucinTemporal,1.1 Aspectos demogr├íficos_Informaci├│n censal.twb,Evolución Temporal - Filtro Indicador,[federated.0qiz8oi1sb3cd813zi06q01yhyh5].[none:Calculation_334673811823804420:nk],categorical,"{""class"": ""categorical"", ""column"": ""[federated.0qiz8oi1sb3cd813zi06q01yhyh5].[none:Calculation_334673811823804420:nk]"", ""filter-group"": ""27""}","[{""function"": ""member"", ""level"": ""[none:Calculation_334673811823804420:nk]"", ""member"": ""true"", ""{http://www.tableausoftware.com/xml/user}ui-domain"": ""relevant"", ""{http://www.tableausoftware.com/xml/user}ui-enumeration"": ""inclusive"", ""{http://www.tableausoftware.com/xml/user}ui-marker"": ""enumerate""}]"
1_1Aspectosdemogrficos_Informacincensal,DHBEvolucinTemporal,1.1 Aspectos demogr├íficos_Informaci├│n censal.twb,Evolución Temporal - Filtro Indicador,[federated.0qiz8oi1sb3cd813zi06q01yhyh5].[none:INDICADOR_NOMBRE (Indicadores):nk],categorical,"{""class"": ""categorical"", ""column"": ""[federated.0qiz8oi1sb3cd813zi06q01yhyh5].[none:INDICADOR_NOMBRE (Indicadores):nk]"", ""filter-group"": ""22""}","[{""function"": ""level-members"", ""level"": ""[none:INDICADOR_NOMBRE (Indicadores):nk]"", ""{http://www.tableausoftware.com/xml/user}ui-enumeration"": ""all"", ""{http://www.tableausoftware.com/xml/user}ui-marker"": ""enumerate""}]"
1_1Aspectosdemogrficos_Informacincensal,DHBEvolucinTemporal,1.1 Aspectos demogr├íficos_Informaci├│n censal.twb,Evolución Temporal - Lineas x año,[federated.0qiz8oi1sb3cd813zi06q01yhyh5].[DATOS_SERIES_TEMPORALES_1],categorical,"{""class"": ""categorical"", ""column"": ""[federated.0qiz8oi1sb3cd813zi06q01yhyh5].[DATOS_SERIES_TEMPORALES_1]"", ""filter-group"": ""20""}","[{""function"": ""level-members"", ""level"": ""[TIPO_DE_DATO]"", ""{http://www.tableausoftware.com/xml/user}ui-enumeration"": ""all"", ""{http://www.tableausoftware.com/xml/user}ui-marker"": ""enumerate""}]"
1_1Aspectosdemogrficos_Informacincensal,DHBEvolucinTemporal,1.1 Aspectos demogr├íficos_Informaci├│n censal.twb,Evolución Temporal - Lineas x año,[federated.0qiz8oi1sb3cd813zi06q01yhyh5].[attr:APERTURA_NIVEL_1:nk],categorical,"{""class"": ""categorical"", ""column"": ""[federated.0qiz8oi1sb3cd813zi06q01yhyh5].[attr:APERTURA_NIVEL_1:nk]""}","[{""function"": ""level-members"", ""level"": ""[attr:APERTURA_NIVEL_1:nk]"", ""{http://www.tableausoftware.com/xml/user}ui-enumeration"": ""all"", ""{http://www.tableausoftware.com/xml/user}ui-marker"": ""enumerate""}]"
1_1Aspectosdemogrficos_Informacincensal,DHBEvolucinTemporal,1.1 Aspectos demogr├íficos_Informaci├│n censal.twb,Evolución Temporal - Lineas x año,[federated.0qiz8oi1sb3cd813zi06q01yhyh5].[attr:INDICADOR_NOMBRE (Indicadores):nk],categorical,"{""class"": ""categorical"", ""column"": ""[federated.0qiz8oi1sb3cd813zi06q01yhyh5].[attr:INDICADOR_NOMBRE (Indicadores):nk]""}","[{""function"": ""level-members"", ""level"": ""[attr:INDICADOR_NOMBRE (Indicadores):nk]"", ""{http://www.tableausoftware.com/xml/user}ui-enumeration"": ""all"", ""{http://www.tableausoftware.com/xml/user}ui-marker"": ""enumerate""}]"
1_1Aspectosdemogrficos_Informacincensal,DHBEvolucinTemporal,1.1 Aspectos demogr├íficos_Informaci├│n censal.twb,Evolución Temporal - Lineas x año,[federated.0qiz8oi1sb3cd813zi06q01yhyh5].[none:APERTURA_NIVEL_1:nk],categorical,"{""class"": ""categorical"", ""column"": ""[federated.0qiz8oi1sb3cd813zi06q01yhyh5].[none:APERTURA_NIVEL_1:nk]"", ""filter-group"": ""21""}","[{""function"": ""level-members"", ""level"": ""[none:APERTURA_NIVEL_1:nk]"", ""{http://www.tableausoftware.com/xml/user}ui-enumeration"": ""all"", ""{http://www.tableausoftware.com/xml/user}ui-marker"": ""enumerate""}]"
1_1Aspectosdemogrficos_Informacincensal,DHBEvolucinTemporal,1.1 Aspectos demogr├íficos_Informaci├│n censal.twb,Evolución Temporal - Lineas x año,[federated.0qiz8oi1sb3cd813zi06q01yhyh5].[none:BTN Mostrar Gráficos Cruces Relevantes (copy)_54254335887208452:nk],categorical,"{""class"": ""categorical"", ""column"": ""[federated.0qiz8oi1sb3cd813zi06q01yhyh5].[none:BTN Mostrar Gráficos Cruces Relevantes (copy)_54254335887208452:nk]""}","[{""function"": ""member"", ""level"": ""[none:BTN Mostrar Gráficos Cruces Relevantes (copy)_54254335887208452:nk]"", ""member"": ""true"", ""{http://www.tableausoftware.com/xml/user}ui-domain"": ""relevant"", ""{http://www.tableausoftware.com/xml/user}ui-enumeration"": ""inclusive"", ""{http://www.tableausoftware.com/xml/user}ui-marker"": ""enumerate""}]"
1_1Aspectosdemogrficos_Informacincensal,DHBEvolucinTemporal,1.1 Aspectos demogr├íficos_Informaci├│n censal.twb,Evolución Temporal - Lineas x año,[federated.0qiz8oi1sb3cd813zi06q01yhyh5].[none:Calculation_334673811823804420:nk],categorical,"{""class"": ""categorical"", ""column"": ""[federated.0qiz8oi1sb3cd813zi06q01yhyh5].[none:Calculation_334673811823804420:nk]"", ""filter-group"": ""27""}","[{""function"": ""member"", ""level"": ""[none:Calculation_334673811823804420:nk]"", ""member"": ""true"", ""{http://www.tableausoftware.com/xml/user}ui-domain"": ""relevant"", ""{http://www.tableausoftware.com/xml/user}ui-enumeration"": ""inclusive"", ""{http://www.tableausoftware.com/xml/user}ui-marker"": ""enumerate""}]"
1_1Aspectosdemogrficos_Informacincensal,DHBEvolucinTemporal,1.1 Aspectos demogr├íficos_Informaci├│n censal.twb,Evolución Temporal - Lineas x año,[federated.0qiz8oi1sb3cd813zi06q01yhyh5].[none:Calculation_334673811825987589:nk],categorical,"{""class"": ""categorical"", ""column"": ""[federated.0qiz8oi1sb3cd813zi06q01yhyh5].[none:Calculation_334673811825987589:nk]""}","[{""function"": ""member"", ""level"": ""[none:Calculation_334673811825987589:nk]"", ""member"": ""true"", ""{http://www.tableausoftware.com/xml/user}ui-domain"": ""relevant"", ""{http://www.tableausoftware.com/xml/user}ui-enumeration"": ""inclusive"", ""{http://www.tableausoftware.com/xml/user}ui-marker"": ""enumerate""}]"
1_1Aspectosdemogrficos_Informacincensal,DHBEvolucinTemporal,1.1 Aspectos demogr├íficos_Informaci├│n censal.twb,Evolución Temporal - Lineas x año,[federated.0qiz8oi1sb3cd813zi06q01yhyh5].[none:INDICADOR_NOMBRE (Indicadores):nk],categorical,"{""class"": ""categorical"", ""column"": ""[federated.0qiz8oi1sb3cd813zi06q01yhyh5].[none:INDICADOR_NOMBRE (Indicadores):nk]"", ""filter-group"": ""22""}","[{""function"": ""level-members"", ""level"": ""[none:INDICADOR_NOMBRE (Indicadores):nk]"", ""{http://www.tableausoftware.com/xml/user}ui-enumeration"": ""all"", ""{http://www.tableausoftware.com/xml/user}ui-marker"": ""enumerate""}]"
1_1Aspectosdemogrficos_Informacincensal,DHBEvolucinTemporal,1.1 Aspectos demogr├íficos_Informaci├│n censal.twb,Evolución Temporal - Lineas x período,[federated.0qiz8oi1sb3cd813zi06q01yhyh5].[DATOS_SERIES_TEMPORALES_1],categorical,"{""class"": ""categorical"", ""column"": ""[federated.0qiz8oi1sb3cd813zi06q01yhyh5].[DATOS_SERIES_TEMPORALES_1]"", ""filter-group"": ""20""}","[{""function"": ""level-members"", ""level"": ""[TIPO_DE_DATO]"", ""{http://www.tableausoftware.com/xml/user}ui-enumeration"": ""all"", ""{http://www.tableausoftware.com/xml/user}ui-marker"": ""enumerate""}]"
1_1Aspectosdemogrficos_Informacincensal,DHBEvolucinTemporal,1.1 Aspectos demogr├íficos_Informaci├│n censal.twb,Evolución Temporal - Lineas x período,[federated.0qiz8oi1sb3cd813zi06q01yhyh5].[none:APERTURA_NIVEL_1:nk],categorical,"{""class"": ""categorical"", ""column"": ""[federated.0qiz8oi1sb3cd813zi06q01yhyh5].[none:APERTURA_NIVEL_1:nk]"", ""filter-group"": ""21""}","[{""function"": ""level-members"", ""level"": ""[none:APERTURA_NIVEL_1:nk]"", ""{http://www.tableausoftware.com/xml/user}ui-enumeration"": ""all"", ""{http://www.tableausoftware.com/xml/user}ui-marker"": ""enumerate""}]"
1_1Aspectosdemogrficos_Informacincensal,DHBEvolucinTemporal,1.1 Aspectos demogr├íficos_Informaci├│n censal.twb,Evolución Temporal - Lineas x período,[federated.0qiz8oi1sb3cd813zi06q01yhyh5].[none:BTN Mostrar Gráficos Cruces Relevantes (copy)_54254335887208452:nk],categorical,"{""class"": ""categorical"", ""column"": ""[federated.0qiz8oi1sb3cd813zi06q01yhyh5].[none:BTN Mostrar Gráficos Cruces Relevantes (copy)_54254335887208452:nk]"", ""filter-group"": ""16""}","[{""function"": ""member"", ""level"": ""[none:BTN Mostrar Gráficos Cruces Relevantes (copy)_54254335887208452:nk]"", ""member"": ""true"", ""{http://www.tableausoftware.com/xml/user}ui-domain"": ""relevant"", ""{http://www.tableausoftware.com/xml/user}ui-enumeration"": ""inclusive"", ""{http://www.tableausoftware.com/xml/user}ui-marker"": ""enumerate""}]"
1_1Aspectosdemogrficos_Informacincensal,DHBEvolucinTemporal,1.1 Aspectos demogr├íficos_Informaci├│n censal.twb,Evolución Temporal - Lineas x período,[federated.0qiz8oi1sb3cd813zi06q01yhyh5].[none:Calculation_334673811823804420:nk],categorical,"{""class"": ""categorical"", ""column"": ""[federated.0qiz8oi1sb3cd813zi06q01yhyh5].[none:Calculation_334673811823804420:nk]"", ""filter-group"": ""27""}","[{""function"": ""member"", ""level"": ""[none:Calculation_334673811823804420:nk]"", ""member"": ""true"", ""{http://www.tableausoftware.com/xml/user}ui-domain"": ""relevant"", ""{http://www.tableausoftware.com/xml/user}ui-enumeration"": ""inclusive"", ""{http://www.tableausoftware.com/xml/user}ui-marker"": ""enumerate""}]"
1_1Aspectosdemogrficos_Informacincensal,DHBEvolucinTemporal,1.1 Aspectos demogr├íficos_Informaci├│n censal.twb,Evolución Temporal - Lineas x período,[federated.0qiz8oi1sb3cd813zi06q01yhyh5].[none:Calculation_334673811825987589:nk],categorical,"{""class"": ""categorical"", ""column"": ""[federated.0qiz8oi1sb3cd813zi06q01yhyh5].[none:Calculation_334673811825987589:nk]""}","[{""function"": ""member"", ""level"": ""[none:Calculation_334673811825987589:nk]"", ""member"": ""true"", ""{http://www.tableausoftware.com/xml/user}ui-domain"": ""relevant"", ""{http://www.tableausoftware.com/xml/user}ui-enumeration"": ""inclusive"", ""{http://www.tableausoftware.com/xml/user}ui-marker"": ""enumerate""}]"
1_1Aspectosdemogrficos_Informacincensal,DHBEvolucinTemporal,1.1 Aspectos demogr├íficos_Informaci├│n censal.twb,Evolución Temporal - Lineas x período,[federated.0qiz8oi1sb3cd813zi06q01yhyh5].[none:INDICADOR_NOMBRE (Indicadores):nk],categorical,"{""class"": ""categorical"", ""column"": ""[federated.0qiz8oi1sb3cd813zi06q01yhyh5].[none:INDICADOR_NOMBRE (Indicadores):nk]"", ""filter-group"": ""22""}","[{""function"": ""level-members"", ""level"": ""[none:INDICADOR_NOMBRE (Indicadores):nk]"", ""{http://www.tableausoftware.com/xml/user}ui-enumeration"": ""all"", ""{http://www.tableausoftware.com/xml/user}ui-marker"": ""enumerate""}]"
1_1Aspectosdemogrficos_Informacincensal,DHBEvolucinTemporal,1.1 Aspectos demogr├íficos_Informaci├│n censal.twb,Evolución Temporal . BTN,"[federated.0qiz8oi1sb3cd813zi06q01yhyh5].[Action (BTN Limpiar filtros,SELECCIONE)]",categorical,"{""class"": ""categorical"", ""column"": ""[federated.0qiz8oi1sb3cd813zi06q01yhyh5].[Action (BTN Limpiar filtros,SELECCIONE)]""}","[{""function"": ""crossjoin"", ""{http://www.tableausoftware.com/xml/user}ui-action-filter"": ""[Action88_A2306F1AF23E4F9CAD37CD015AD97FBE]"", ""{http://www.tableausoftware.com/xml/user}ui-domain"": ""database"", ""{http://www.tableausoftware.com/xml/user}ui-enumeration"": ""inclusive"", ""{http://www.tableausoftware.com/xml/user}ui-marker"": ""enumerate""}, {""function"": ""member"", ""level"": ""[BTN Distribuciones (copy)_4723009404404842516]"", ""member"": ""\""Limpiar filtros\""""}, {""function"": ""member"", ""level"": ""[Calculation_4723009402545549324]"", ""member"": ""\""Seleccione\""""}]"
1_1Aspectosdemogrficos_Informacincensal,DHBEvolucinTemporal,1.1 Aspectos demogr├íficos_Informaci├│n censal.twb,Evolución Temporal . BTN,[federated.0qiz8oi1sb3cd813zi06q01yhyh5].[DATOS_SERIES_TEMPORALES_1],categorical,"{""class"": ""categorical"", ""column"": ""[federated.0qiz8oi1sb3cd813zi06q01yhyh5].[DATOS_SERIES_TEMPORALES_1]"", ""filter-group"": ""20""}","[{""function"": ""level-members"", ""level"": ""[TIPO_DE_DATO]"", ""{http://www.tableausoftware.com/xml/user}ui-enumeration"": ""all"", ""{http://www.tableausoftware.com/xml/user}ui-marker"": ""enumerate""}]"
1_1Aspectosdemogrficos_Informacincensal,DHBEvolucinTemporal,1.1 Aspectos demogr├íficos_Informaci├│n censal.twb,Evolución Temporal . BTN,[federated.0qiz8oi1sb3cd813zi06q01yhyh5].[none:Calculation_334673811823804420:nk],categorical,"{""class"": ""categorical"", ""column"": ""[federated.0qiz8oi1sb3cd813zi06q01yhyh5].[none:Calculation_334673811823804420:nk]"", ""filter-group"": ""27""}","[{""function"": ""member"", ""level"": ""[none:Calculation_334673811823804420:nk]"", ""member"": ""true"", ""{http://www.tableausoftware.com/xml/user}ui-domain"": ""relevant"", ""{http://www.tableausoftware.com/xml/user}ui-enumeration"": ""inclusive"", ""{http://www.tableausoftware.com/xml/user}ui-marker"": ""enumerate""}]"
1_1Aspectosdemogrficos_Informacincensal,DHBEvolucinTemporal,1.1 Aspectos demogr├íficos_Informaci├│n censal.twb,Evolución Temporal . BTN,[federated.0qiz8oi1sb3cd813zi06q01yhyh5].[none:TABLERO_NOMBRE (Tableros):nk],categorical,"{""class"": ""categorical"", ""column"": ""[federated.0qiz8oi1sb3cd813zi06q01yhyh5].[none:TABLERO_NOMBRE (Tableros):nk]"", ""filter-group"": ""18""}","[{""expression"": ""[TABLERO_NOMBRE (Tableros)] = [Parameters].[Parámetro 2]"", ""function"": ""filter"", ""{http://www.tableausoftware.com/xml/user}ui-marker"": ""filter-by""}, {""function"": ""level-members"", ""level"": ""[none:TABLERO_NOMBRE (Tableros):nk]"", ""{http://www.tableausoftware.com/xml/user}ui-enumeration"": ""all"", ""{http://www.tableausoftware.com/xml/user}ui-marker"": ""enumerate""}]"
1_1Aspectosdemogrficos_Informacincensal,DHBEvolucinTemporal,1.1 Aspectos demogr├íficos_Informaci├│n censal.twb,Evolución temporal - Título,[federated.0qiz8oi1sb3cd813zi06q01yhyh5].[DATOS_SERIES_TEMPORALES_1],categorical,"{""class"": ""categorical"", ""column"": ""[federated.0qiz8oi1sb3cd813zi06q01yhyh5].[DATOS_SERIES_TEMPORALES_1]"", ""filter-group"": ""20""}","[{""function"": ""level-members"", ""level"": ""[TIPO_DE_DATO]"", ""{http://www.tableausoftware.com/xml/user}ui-enumeration"": ""all"", ""{http://www.tableausoftware.com/xml/user}ui-marker"": ""enumerate""}]"
1_1Aspectosdemogrficos_Informacincensal,DHBEvolucinTemporal,1.1 Aspectos demogr├íficos_Informaci├│n censal.twb,Evolución temporal - Título,[federated.0qiz8oi1sb3cd813zi06q01yhyh5].[none:BTN Mostrar Gráficos Cruces Relevantes (copy)_54254335887208452:nk],categorical,"{""class"": ""categorical"", ""column"": ""[federated.0qiz8oi1sb3cd813zi06q01yhyh5].[none:BTN Mostrar Gráficos Cruces Relevantes (copy)_54254335887208452:nk]"", ""filter-group"": ""16""}","[{""function"": ""member"", ""level"": ""[none:BTN Mostrar Gráficos Cruces Relevantes (copy)_54254335887208452:nk]"", ""member"": ""true"", ""{http://www.tableausoftware.com/xml/user}ui-domain"": ""relevant"", ""{http://www.tableausoftware.com/xml/user}ui-enumeration"": ""inclusive"", ""{http://www.tableausoftware.com/xml/user}ui-marker"": ""enumerate""}]"
1_1Aspectosdemogrficos_Informacincensal,DHBEvolucinTemporal,1.1 Aspectos demogr├íficos_Informaci├│n censal.twb,Evolución temporal - Título,[federated.0qiz8oi1sb3cd813zi06q01yhyh5].[none:Calculation_334673811823804420:nk],categorical,"{""class"": ""categorical"", ""column"": ""[federated.0qiz8oi1sb3cd813zi06q01yhyh5].[none:Calculation_334673811823804420:nk]"", ""filter-group"": ""27""}","[{""function"": ""member"", ""level"": ""[none:Calculation_334673811823804420:nk]"", ""member"": ""true"", ""{http://www.tableausoftware.com/xml/user}ui-domain"": ""relevant"", ""{http://www.tableausoftware.com/xml/user}ui-enumeration"": ""inclusive"", ""{http://www.tableausoftware.com/xml/user}ui-marker"": ""enumerate""}]"
1_1Aspectosdemogrficos_Informacincensal,DHBEvolucinTemporal,1.1 Aspectos demogr├íficos_Informaci├│n censal.twb,Evolución temporal - Título,[federated.0qiz8oi1sb3cd813zi06q01yhyh5].[none:INDICADOR_NOMBRE (Indicadores):nk],categorical,"{""class"": ""categorical"", ""column"": ""[federated.0qiz8oi1sb3cd813zi06q01yhyh5].[none:INDICADOR_NOMBRE (Indicadores):nk]"", ""filter-group"": ""22""}","[{""function"": ""level-members"", ""level"": ""[none:INDICADOR_NOMBRE (Indicadores):nk]"", ""{http://www.tableausoftware.com/xml/user}ui-enumeration"": ""all"", ""{http://www.tableausoftware.com/xml/user}ui-marker"": ""enumerate""}]"
1_1Aspectosdemogrficos_Informacincensal,DHBEvolucinTemporal,1.1 Aspectos demogr├íficos_Informaci├│n censal.twb,Home - BTN,"[federated.0qiz8oi1sb3cd813zi06q01yhyh5].[Action (BTN Limpiar filtros,SELECCIONE)]",categorical,"{""class"": ""categorical"", ""column"": ""[federated.0qiz8oi1sb3cd813zi06q01yhyh5].[Action (BTN Limpiar filtros,SELECCIONE)]""}","[{""function"": ""crossjoin"", ""{http://www.tableausoftware.com/xml/user}ui-action-filter"": ""[Action88_A2306F1AF23E4F9CAD37CD015AD97FBE]"", ""{http://www.tableausoftware.com/xml/user}ui-domain"": ""database"", ""{http://www.tableausoftware.com/xml/user}ui-enumeration"": ""inclusive"", ""{http://www.tableausoftware.com/xml/user}ui-marker"": ""enumerate""}, {""function"": ""member"", ""level"": ""[BTN Distribuciones (copy)_4723009404404842516]"", ""member"": ""\""Limpiar filtros\""""}, {""function"": ""member"", ""level"": ""[Calculation_4723009402545549324]"", ""member"": ""\""Seleccione\""""}]"
1_1Aspectosdemogrficos_Informacincensal,DHBEvolucinTemporal,1.1 Aspectos demogr├íficos_Informaci├│n censal.twb,Indicador - Datos,[federated.0qiz8oi1sb3cd813zi06q01yhyh5].[none:TABLERO_NOMBRE (Tableros):nk],categorical,"{""class"": ""categorical"", ""column"": ""[federated.0qiz8oi1sb3cd813zi06q01yhyh5].[none:TABLERO_NOMBRE (Tableros):nk]"", ""filter-group"": ""18""}","[{""expression"": ""[TABLERO_NOMBRE (Tableros)] = [Parameters].[Parámetro 2]"", ""function"": ""filter"", ""{http://www.tableausoftware.com/xml/user}ui-marker"": ""filter-by""}, {""function"": ""level-members"", ""level"": ""[none:TABLERO_NOMBRE (Tableros):nk]"", ""{http://www.tableausoftware.com/xml/user}ui-enumeration"": ""all"", ""{http://www.tableausoftware.com/xml/user}ui-marker"": ""enumerate""}]"
1_1Aspectosdemogrficos_Informacincensal,DHBEvolucinTemporal,1.1 Aspectos demogr├íficos_Informaci├│n censal.twb,Indicador - Datos,[federated.0qiz8oi1sb3cd813zi06q01yhyh5].[none:Visualizar Gráfico Tabla (copia)_2772247096855269376:nk],categorical,"{""class"": ""categorical"", ""column"": ""[federated.0qiz8oi1sb3cd813zi06q01yhyh5].[none:Visualizar Gráfico Tabla (copia)_2772247096855269376:nk]""}","[{""function"": ""member"", ""level"": ""[none:Visualizar Gráfico Tabla (copia)_2772247096855269376:nk]"", ""member"": ""true"", ""{http://www.tableausoftware.com/xml/user}ui-domain"": ""relevant"", ""{http://www.tableausoftware.com/xml/user}ui-enumeration"": ""inclusive"", ""{http://www.tableausoftware.com/xml/user}ui-marker"": ""enumerate""}]"
1_1Aspectosdemogrficos_Informacincensal,DHBEvolucinTemporal,1.1 Aspectos demogr├íficos_Informaci├│n censal.twb,Limpiar Filtros - BTN,"[federated.0qiz8oi1sb3cd813zi06q01yhyh5].[Action (BTN Limpiar filtros,SELECCIONE)]",categorical,"{""class"": ""categorical"", ""column"": ""[federated.0qiz8oi1sb3cd813zi06q01yhyh5].[Action (BTN Limpiar filtros,SELECCIONE)]""}","[{""function"": ""crossjoin"", ""{http://www.tableausoftware.com/xml/user}ui-action-filter"": ""[Action88_A2306F1AF23E4F9CAD37CD015AD97FBE]"", ""{http://www.tableausoftware.com/xml/user}ui-domain"": ""database"", ""{http://www.tableausoftware.com/xml/user}ui-enumeration"": ""inclusive"", ""{http://www.tableausoftware.com/xml/user}ui-marker"": ""enumerate""}, {""function"": ""member"", ""level"": ""[BTN Distribuciones (copy)_4723009404404842516]"", ""member"": ""\""Limpiar filtros\""""}, {""function"": ""member"", ""level"": ""[Calculation_4723009402545549324]"", ""member"": ""\""Seleccione\""""}]"
1_1Aspectosdemogrficos_Informacincensal,DHBEvolucinTemporal,1.1 Aspectos demogr├íficos_Informaci├│n censal.twb,Mapa Indicadores - BTN Abrir,"[federated.0qiz8oi1sb3cd813zi06q01yhyh5].[Action (BTN Limpiar filtros,SELECCIONE)]",categorical,"{""class"": ""categorical"", ""column"": ""[federated.0qiz8oi1sb3cd813zi06q01yhyh5].[Action (BTN Limpiar filtros,SELECCIONE)]""}","[{""function"": ""crossjoin"", ""{http://www.tableausoftware.com/xml/user}ui-action-filter"": ""[Action88_A2306F1AF23E4F9CAD37CD015AD97FBE]"", ""{http://www.tableausoftware.com/xml/user}ui-domain"": ""database"", ""{http://www.tableausoftware.com/xml/user}ui-enumeration"": ""inclusive"", ""{http://www.tableausoftware.com/xml/user}ui-marker"": ""enumerate""}, {""function"": ""member"", ""level"": ""[BTN Distribuciones (copy)_4723009404404842516]"", ""member"": ""\""Limpiar filtros\""""}, {""function"": ""member"", ""level"": ""[Calculation_4723009402545549324]"", ""member"": ""\""Seleccione\""""}]"
1_1Aspectosdemogrficos_Informacincensal,DHBEvolucinTemporal,1.1 Aspectos demogr├íficos_Informaci├│n censal.twb,Mapa Indicadores - BTN Abrir,[federated.0qiz8oi1sb3cd813zi06q01yhyh5].[none:Visualizar Gráfico Tabla (copia)_2772247096855269376:nk],categorical,"{""class"": ""categorical"", ""column"": ""[federated.0qiz8oi1sb3cd813zi06q01yhyh5].[none:Visualizar Gráfico Tabla (copia)_2772247096855269376:nk]""}","[{""function"": ""member"", ""level"": ""[none:Visualizar Gráfico Tabla (copia)_2772247096855269376:nk]"", ""member"": ""false"", ""{http://www.tableausoftware.com/xml/user}ui-domain"": ""relevant"", ""{http://www.tableausoftware.com/xml/user}ui-enumeration"": ""inclusive"", ""{http://www.tableausoftware.com/xml/user}ui-marker"": ""enumerate""}]"
1_1Aspectosdemogrficos_Informacincensal,DHBEvolucinTemporal,1.1 Aspectos demogr├íficos_Informaci├│n censal.twb,Mapa Indicadores - BTN Cerrar,"[federated.0qiz8oi1sb3cd813zi06q01yhyh5].[Action (BTN Limpiar filtros,SELECCIONE)]",categorical,"{""class"": ""categorical"", ""column"": ""[federated.0qiz8oi1sb3cd813zi06q01yhyh5].[Action (BTN Limpiar filtros,SELECCIONE)]""}","[{""function"": ""crossjoin"", ""{http://www.tableausoftware.com/xml/user}ui-action-filter"": ""[Action88_A2306F1AF23E4F9CAD37CD015AD97FBE]"", ""{http://www.tableausoftware.com/xml/user}ui-domain"": ""database"", ""{http://www.tableausoftware.com/xml/user}ui-enumeration"": ""inclusive"", ""{http://www.tableausoftware.com/xml/user}ui-marker"": ""enumerate""}, {""function"": ""member"", ""level"": ""[BTN Distribuciones (copy)_4723009404404842516]"", ""member"": ""\""Limpiar filtros\""""}, {""function"": ""member"", ""level"": ""[Calculation_4723009402545549324]"", ""member"": ""\""Seleccione\""""}]"
1_1Aspectosdemogrficos_Informacincensal,DHBEvolucinTemporal,1.1 Aspectos demogr├íficos_Informaci├│n censal.twb,Mapa Indicadores - BTN Cerrar,[federated.0qiz8oi1sb3cd813zi06q01yhyh5].[none:Visualizar Gráfico Tabla (copia)_2772247096855269376:nk],categorical,"{""class"": ""categorical"", ""column"": ""[federated.0qiz8oi1sb3cd813zi06q01yhyh5].[none:Visualizar Gráfico Tabla (copia)_2772247096855269376:nk]""}","[{""function"": ""member"", ""level"": ""[none:Visualizar Gráfico Tabla (copia)_2772247096855269376:nk]"", ""member"": ""true"", ""{http://www.tableausoftware.com/xml/user}ui-domain"": ""relevant"", ""{http://www.tableausoftware.com/xml/user}ui-enumeration"": ""inclusive"", ""{http://www.tableausoftware.com/xml/user}ui-marker"": ""enumerate""}]"
1_1Aspectosdemogrficos_Informacincensal,DHBEvolucinTemporal,1.1 Aspectos demogr├íficos_Informaci├│n censal.twb,Mapa Indicadores - Tabla,"[federated.0qiz8oi1sb3cd813zi06q01yhyh5].[Action (BTN Limpiar filtros,SELECCIONE)]",categorical,"{""class"": ""categorical"", ""column"": ""[federated.0qiz8oi1sb3cd813zi06q01yhyh5].[Action (BTN Limpiar filtros,SELECCIONE)]""}","[{""function"": ""crossjoin"", ""{http://www.tableausoftware.com/xml/user}ui-action-filter"": ""[Action88_A2306F1AF23E4F9CAD37CD015AD97FBE]"", ""{http://www.tableausoftware.com/xml/user}ui-domain"": ""database"", ""{http://www.tableausoftware.com/xml/user}ui-enumeration"": ""inclusive"", ""{http://www.tableausoftware.com/xml/user}ui-marker"": ""enumerate""}, {""function"": ""member"", ""level"": ""[BTN Distribuciones (copy)_4723009404404842516]"", ""member"": ""\""Limpiar filtros\""""}, {""function"": ""member"", ""level"": ""[Calculation_4723009402545549324]"", ""member"": ""\""Seleccione\""""}]"
1_1Aspectosdemogrficos_Informacincensal,DHBEvolucinTemporal,1.1 Aspectos demogr├íficos_Informaci├│n censal.twb,Mapa Indicadores - Tabla,[federated.0qiz8oi1sb3cd813zi06q01yhyh5].[none:TABLERO_NOMBRE (Tableros):nk],categorical,"{""class"": ""categorical"", ""column"": ""[federated.0qiz8oi1sb3cd813zi06q01yhyh5].[none:TABLERO_NOMBRE (Tableros):nk]"", ""filter-group"": ""18""}","[{""expression"": ""[TABLERO_NOMBRE (Tableros)] = [Parameters].[Parámetro 2]"", ""function"": ""filter"", ""{http://www.tableausoftware.com/xml/user}ui-marker"": ""filter-by""}, {""function"": ""level-members"", ""level"": ""[none:TABLERO_NOMBRE (Tableros):nk]"", ""{http://www.tableausoftware.com/xml/user}ui-enumeration"": ""all"", ""{http://www.tableausoftware.com/xml/user}ui-marker"": ""enumerate""}]"
1_1Aspectosdemogrficos_Informacincensal,DHBEvolucinTemporal,1.1 Aspectos demogr├íficos_Informaci├│n censal.twb,Mapa Indicadores - Tabla,[federated.0qiz8oi1sb3cd813zi06q01yhyh5].[none:Visualizar Gráfico Tabla (copia)_2772247096855269376:nk],categorical,"{""class"": ""categorical"", ""column"": ""[federated.0qiz8oi1sb3cd813zi06q01yhyh5].[none:Visualizar Gráfico Tabla (copia)_2772247096855269376:nk]""}","[{""function"": ""member"", ""level"": ""[none:Visualizar Gráfico Tabla (copia)_2772247096855269376:nk]"", ""member"": ""true"", ""{http://www.tableausoftware.com/xml/user}ui-domain"": ""relevant"", ""{http://www.tableausoftware.com/xml/user}ui-enumeration"": ""inclusive"", ""{http://www.tableausoftware.com/xml/user}ui-marker"": ""enumerate""}]"
1_1Aspectosdemogrficos_Informacincensal,DHBEvolucinTemporal,1.1 Aspectos demogr├íficos_Informaci├│n censal.twb,Mapa Indicadores - Titulo,"[federated.0qiz8oi1sb3cd813zi06q01yhyh5].[Action (BTN Limpiar filtros,SELECCIONE)]",categorical,"{""class"": ""categorical"", ""column"": ""[federated.0qiz8oi1sb3cd813zi06q01yhyh5].[Action (BTN Limpiar filtros,SELECCIONE)]""}","[{""function"": ""crossjoin"", ""{http://www.tableausoftware.com/xml/user}ui-action-filter"": ""[Action88_A2306F1AF23E4F9CAD37CD015AD97FBE]"", ""{http://www.tableausoftware.com/xml/user}ui-domain"": ""database"", ""{http://www.tableausoftware.com/xml/user}ui-enumeration"": ""inclusive"", ""{http://www.tableausoftware.com/xml/user}ui-marker"": ""enumerate""}, {""function"": ""member"", ""level"": ""[BTN Distribuciones (copy)_4723009404404842516]"", ""member"": ""\""Limpiar filtros\""""}, {""function"": ""member"", ""level"": ""[Calculation_4723009402545549324]"", ""member"": ""\""Seleccione\""""}]"
1_1Aspectosdemogrficos_Informacincensal,DHBEvolucinTemporal,1.1 Aspectos demogr├íficos_Informaci├│n censal.twb,Tablero - BTN Documentación,"[federated.0qiz8oi1sb3cd813zi06q01yhyh5].[Action (BTN Limpiar filtros,SELECCIONE)]",categorical,"{""class"": ""categorical"", ""column"": ""[federated.0qiz8oi1sb3cd813zi06q01yhyh5].[Action (BTN Limpiar filtros,SELECCIONE)]""}","[{""function"": ""crossjoin"", ""{http://www.tableausoftware.com/xml/user}ui-action-filter"": ""[Action88_A2306F1AF23E4F9CAD37CD015AD97FBE]"", ""{http://www.tableausoftware.com/xml/user}ui-domain"": ""database"", ""{http://www.tableausoftware.com/xml/user}ui-enumeration"": ""inclusive"", ""{http://www.tableausoftware.com/xml/user}ui-marker"": ""enumerate""}, {""function"": ""member"", ""level"": ""[BTN Distribuciones (copy)_4723009404404842516]"", ""member"": ""\""Limpiar filtros\""""}, {""function"": ""member"", ""level"": ""[Calculation_4723009402545549324]"", ""member"": ""\""Seleccione\""""}]"
1_1Aspectosdemogrficos_Informacincensal,DHBEvolucinTemporal,1.1 Aspectos demogr├íficos_Informaci├│n censal.twb,Tablero - BTN Documentación,[federated.0qiz8oi1sb3cd813zi06q01yhyh5].[none:TABLERO_NOMBRE (Tableros):nk],categorical,"{""class"": ""categorical"", ""column"": ""[federated.0qiz8oi1sb3cd813zi06q01yhyh5].[none:TABLERO_NOMBRE (Tableros):nk]"", ""filter-group"": ""18""}","[{""expression"": ""[TABLERO_NOMBRE (Tableros)] = [Parameters].[Parámetro 2]"", ""function"": ""filter"", ""{http://www.tableausoftware.com/xml/user}ui-marker"": ""filter-by""}, {""function"": ""level-members"", ""level"": ""[none:TABLERO_NOMBRE (Tableros):nk]"", ""{http://www.tableausoftware.com/xml/user}ui-enumeration"": ""all"", ""{http://www.tableausoftware.com/xml/user}ui-marker"": ""enumerate""}]"
1_1Aspectosdemogrficos_Informacincensal,DHBEvolucinTemporal,1.1 Aspectos demogr├íficos_Informaci├│n censal.twb,Tablero - BTN Ficha indicadores,"[federated.0qiz8oi1sb3cd813zi06q01yhyh5].[Action (BTN Limpiar filtros,SELECCIONE)]",categorical,"{""class"": ""categorical"", ""column"": ""[federated.0qiz8oi1sb3cd813zi06q01yhyh5].[Action (BTN Limpiar filtros,SELECCIONE)]""}","[{""function"": ""crossjoin"", ""{http://www.tableausoftware.com/xml/user}ui-action-filter"": ""[Action88_A2306F1AF23E4F9CAD37CD015AD97FBE]"", ""{http://www.tableausoftware.com/xml/user}ui-domain"": ""database"", ""{http://www.tableausoftware.com/xml/user}ui-enumeration"": ""inclusive"", ""{http://www.tableausoftware.com/xml/user}ui-marker"": ""enumerate""}, {""function"": ""member"", ""level"": ""[BTN Distribuciones (copy)_4723009404404842516]"", ""member"": ""\""Limpiar filtros\""""}, {""function"": ""member"", ""level"": ""[Calculation_4723009402545549324]"", ""member"": ""\""Seleccione\""""}]"
1_1Aspectosdemogrficos_Informacincensal,DHBEvolucinTemporal,1.1 Aspectos demogr├íficos_Informaci├│n censal.twb,Tablero - BTN Ficha indicadores,[federated.0qiz8oi1sb3cd813zi06q01yhyh5].[none:TABLERO_NOMBRE (Tableros):nk],categorical,"{""class"": ""categorical"", ""column"": ""[federated.0qiz8oi1sb3cd813zi06q01yhyh5].[none:TABLERO_NOMBRE (Tableros):nk]"", ""filter-group"": ""18""}","[{""expression"": ""[TABLERO_NOMBRE (Tableros)] = [Parameters].[Parámetro 2]"", ""function"": ""filter"", ""{http://www.tableausoftware.com/xml/user}ui-marker"": ""filter-by""}, {""function"": ""level-members"", ""level"": ""[none:TABLERO_NOMBRE (Tableros):nk]"", ""{http://www.tableausoftware.com/xml/user}ui-enumeration"": ""all"", ""{http://www.tableausoftware.com/xml/user}ui-marker"": ""enumerate""}]"
1_1Aspectosdemogrficos_Informacincensal,DHBEvolucinTemporal,1.1 Aspectos demogr├íficos_Informaci├│n censal.twb,Tablero - BTN Reportes,"[federated.0qiz8oi1sb3cd813zi06q01yhyh5].[Action (BTN Limpiar filtros,SELECCIONE)]",categorical,"{""class"": ""categorical"", ""column"": ""[federated.0qiz8oi1sb3cd813zi06q01yhyh5].[Action (BTN Limpiar filtros,SELECCIONE)]""}","[{""function"": ""crossjoin"", ""{http://www.tableausoftware.com/xml/user}ui-action-filter"": ""[Action88_A2306F1AF23E4F9CAD37CD015AD97FBE]"", ""{http://www.tableausoftware.com/xml/user}ui-domain"": ""database"", ""{http://www.tableausoftware.com/xml/user}ui-enumeration"": ""inclusive"", ""{http://www.tableausoftware.com/xml/user}ui-marker"": ""enumerate""}, {""function"": ""member"", ""level"": ""[BTN Distribuciones (copy)_4723009404404842516]"", ""member"": ""\""Limpiar filtros\""""}, {""function"": ""member"", ""level"": ""[Calculation_4723009402545549324]"", ""member"": ""\""Seleccione\""""}]"
1_1Aspectosdemogrficos_Informacincensal,DHBEvolucinTemporal,1.1 Aspectos demogr├íficos_Informaci├│n censal.twb,Tablero - BTN Reportes,[federated.0qiz8oi1sb3cd813zi06q01yhyh5].[none:TABLERO_NOMBRE (Tableros):nk],categorical,"{""class"": ""categorical"", ""column"": ""[federated.0qiz8oi1sb3cd813zi06q01yhyh5].[none:TABLERO_NOMBRE (Tableros):nk]"", ""filter-group"": ""18""}","[{""expression"": ""[TABLERO_NOMBRE (Tableros)] = [Parameters].[Parámetro 2]"", ""function"": ""filter"", ""{http://www.tableausoftware.com/xml/user}ui-marker"": ""filter-by""}, {""function"": ""level-members"", ""level"": ""[none:TABLERO_NOMBRE (Tableros):nk]"", ""{http://www.tableausoftware.com/xml/user}ui-enumeration"": ""all"", ""{http://www.tableausoftware.com/xml/user}ui-marker"": ""enumerate""}]"
1_1Aspectosdemogrficos_Informacincensal,DHBEvolucinTemporal,1.1 Aspectos demogr├íficos_Informaci├│n censal.twb,Tablero - Datos,"[federated.0qiz8oi1sb3cd813zi06q01yhyh5].[Action (BTN Limpiar filtros,SELECCIONE)]",categorical,"{""class"": ""categorical"", ""column"": ""[federated.0qiz8oi1sb3cd813zi06q01yhyh5].[Action (BTN Limpiar filtros,SELECCIONE)]""}","[{""function"": ""crossjoin"", ""{http://www.tableausoftware.com/xml/user}ui-action-filter"": ""[Action88_A2306F1AF23E4F9CAD37CD015AD97FBE]"", ""{http://www.tableausoftware.com/xml/user}ui-domain"": ""database"", ""{http://www.tableausoftware.com/xml/user}ui-enumeration"": ""inclusive"", ""{http://www.tableausoftware.com/xml/user}ui-marker"": ""enumerate""}, {""function"": ""member"", ""level"": ""[BTN Distribuciones (copy)_4723009404404842516]"", ""member"": ""\""Limpiar filtros\""""}, {""function"": ""member"", ""level"": ""[Calculation_4723009402545549324]"", ""member"": ""\""Seleccione\""""}]"
1_1Aspectosdemogrficos_Informacincensal,DHBEvolucinTemporal,1.1 Aspectos demogr├íficos_Informaci├│n censal.twb,Tablero - Datos,[federated.0qiz8oi1sb3cd813zi06q01yhyh5].[none:TABLERO_NOMBRE (Tableros):nk],categorical,"{""class"": ""categorical"", ""column"": ""[federated.0qiz8oi1sb3cd813zi06q01yhyh5].[none:TABLERO_NOMBRE (Tableros):nk]"", ""filter-group"": ""18""}","[{""expression"": ""[TABLERO_NOMBRE (Tableros)] = [Parameters].[Parámetro 2]"", ""function"": ""filter"", ""{http://www.tableausoftware.com/xml/user}ui-marker"": ""filter-by""}, {""function"": ""level-members"", ""level"": ""[none:TABLERO_NOMBRE (Tableros):nk]"", ""{http://www.tableausoftware.com/xml/user}ui-enumeration"": ""all"", ""{http://www.tableausoftware.com/xml/user}ui-marker"": ""enumerate""}]"
1_1Aspectosdemogrficos_Informacincensal,DHBEvolucinTemporal,1.1 Aspectos demogr├íficos_Informaci├│n censal.twb,Tablero - Datos,[federated.0qiz8oi1sb3cd813zi06q01yhyh5].[none:TEMA_NOMBRE (Temas):nk],categorical,"{""class"": ""categorical"", ""column"": ""[federated.0qiz8oi1sb3cd813zi06q01yhyh5].[none:TEMA_NOMBRE (Temas):nk]""}","[{""function"": ""level-members"", ""level"": ""[none:TEMA_NOMBRE (Temas):nk]"", ""{http://www.tableausoftware.com/xml/user}ui-enumeration"": ""all"", ""{http://www.tableausoftware.com/xml/user}ui-marker"": ""enumerate""}]"
1_1Aspectosdemogrficos_Informacincensal,DHBEvolucinTemporal,1.1 Aspectos demogr├íficos_Informaci├│n censal.twb,Tablero - Gráficos,[federated.0qiz8oi1sb3cd813zi06q01yhyh5].[none:TABLERO_NOMBRE (Tableros):nk],categorical,"{""class"": ""categorical"", ""column"": ""[federated.0qiz8oi1sb3cd813zi06q01yhyh5].[none:TABLERO_NOMBRE (Tableros):nk]"", ""filter-group"": ""18""}","[{""expression"": ""[TABLERO_NOMBRE (Tableros)] = [Parameters].[Parámetro 2]"", ""function"": ""filter"", ""{http://www.tableausoftware.com/xml/user}ui-marker"": ""filter-by""}, {""function"": ""level-members"", ""level"": ""[none:TABLERO_NOMBRE (Tableros):nk]"", ""{http://www.tableausoftware.com/xml/user}ui-enumeration"": ""all"", ""{http://www.tableausoftware.com/xml/user}ui-marker"": ""enumerate""}]"
1_1Aspectosdemogrficos_Informacincensal,DHBEvolucinTemporal,1.1 Aspectos demogr├íficos_Informaci├│n censal.twb,Tablero - Secciones,[federated.0qiz8oi1sb3cd813zi06q01yhyh5].[none:TABLERO_NOMBRE (Tableros):nk],categorical,"{""class"": ""categorical"", ""column"": ""[federated.0qiz8oi1sb3cd813zi06q01yhyh5].[none:TABLERO_NOMBRE (Tableros):nk]"", ""filter-group"": ""18""}","[{""expression"": ""[TABLERO_NOMBRE (Tableros)] = [Parameters].[Parámetro 2]"", ""function"": ""filter"", ""{http://www.tableausoftware.com/xml/user}ui-marker"": ""filter-by""}, {""function"": ""level-members"", ""level"": ""[none:TABLERO_NOMBRE (Tableros):nk]"", ""{http://www.tableausoftware.com/xml/user}ui-enumeration"": ""all"", ""{http://www.tableausoftware.com/xml/user}ui-marker"": ""enumerate""}]"
1_1Aspectosdemogrficos_Informacincensal,DHBEvolucinTemporal,1.1 Aspectos demogr├íficos_Informaci├│n censal.twb,Temas - Tabla,[federated.0qiz8oi1sb3cd813zi06q01yhyh5].[none:TEMA_DE_SISTEMA:nk],categorical,"{""class"": ""categorical"", ""column"": ""[federated.0qiz8oi1sb3cd813zi06q01yhyh5].[none:TEMA_DE_SISTEMA:nk]""}","[{""function"": ""member"", ""level"": ""[none:TEMA_DE_SISTEMA:nk]"", ""member"": ""\""false\"""", ""{http://www.tableausoftware.com/xml/user}ui-domain"": ""relevant"", ""{http://www.tableausoftware.com/xml/user}ui-enumeration"": ""inclusive"", ""{http://www.tableausoftware.com/xml/user}ui-marker"": ""enumerate""}]"
1_1Aspectosdemogrficos_Informacincensal,DHBEvolucinTemporal,1.1 Aspectos demogr├íficos_Informaci├│n censal.twb,Temas - Tabla (2),[federated.0qiz8oi1sb3cd813zi06q01yhyh5].[none:TEMA_DE_SISTEMA:nk],categorical,"{""class"": ""categorical"", ""column"": ""[federated.0qiz8oi1sb3cd813zi06q01yhyh5].[none:TEMA_DE_SISTEMA:nk]""}","[{""function"": ""member"", ""level"": ""[none:TEMA_DE_SISTEMA:nk]"", ""member"": ""\""false\"""", ""{http://www.tableausoftware.com/xml/user}ui-domain"": ""relevant"", ""{http://www.tableausoftware.com/xml/user}ui-enumeration"": ""inclusive"", ""{http://www.tableausoftware.com/xml/user}ui-marker"": ""enumerate""}]"
1_1Aspectosdemogrficos_Informacincensal,DHBEvolucinTemporal,1.1 Aspectos demogr├íficos_Informaci├│n censal.twb,Temas - Tabla (3),[federated.0qiz8oi1sb3cd813zi06q01yhyh5].[none:TEMA_DE_SISTEMA:nk],categorical,"{""class"": ""categorical"", ""column"": ""[federated.0qiz8oi1sb3cd813zi06q01yhyh5].[none:TEMA_DE_SISTEMA:nk]""}","[{""function"": ""member"", ""level"": ""[none:TEMA_DE_SISTEMA:nk]"", ""member"": ""\""false\"""", ""{http://www.tableausoftware.com/xml/user}ui-domain"": ""relevant"", ""{http://www.tableausoftware.com/xml/user}ui-enumeration"": ""inclusive"", ""{http://www.tableausoftware.com/xml/user}ui-marker"": ""enumerate""}]"
2_1aTasasdepobreza,DHBEvolucinTemporal,2.1a Tasas de pobreza.twb,Admin SM - BTN Instructivo Navegación,"[federated.0qiz8oi1sb3cd813zi06q01yhyh5].[Action (BTN Limpiar filtros,SELECCIONE)]",categorical,"{""class"": ""categorical"", ""column"": ""[federated.0qiz8oi1sb3cd813zi06q01yhyh5].[Action (BTN Limpiar filtros,SELECCIONE)]""}","[{""function"": ""crossjoin"", ""{http://www.tableausoftware.com/xml/user}ui-action-filter"": ""[Action88_A2306F1AF23E4F9CAD37CD015AD97FBE]"", ""{http://www.tableausoftware.com/xml/user}ui-domain"": ""database"", ""{http://www.tableausoftware.com/xml/user}ui-enumeration"": ""inclusive"", ""{http://www.tableausoftware.com/xml/user}ui-marker"": ""enumerate""}, {""function"": ""member"", ""level"": ""[BTN Distribuciones (copy)_4723009404404842516]"", ""member"": ""\""Limpiar filtros\""""}, {""function"": ""member"", ""level"": ""[Calculation_4723009402545549324]"", ""member"": ""\""Seleccione\""""}]"
2_1aTasasdepobreza,DHBEvolucinTemporal,2.1a Tasas de pobreza.twb,Admin SM - Contacto,"[federated.0qiz8oi1sb3cd813zi06q01yhyh5].[Action (BTN Limpiar filtros,SELECCIONE)]",categorical,"{""class"": ""categorical"", ""column"": ""[federated.0qiz8oi1sb3cd813zi06q01yhyh5].[Action (BTN Limpiar filtros,SELECCIONE)]""}","[{""function"": ""crossjoin"", ""{http://www.tableausoftware.com/xml/user}ui-action-filter"": ""[Action88_A2306F1AF23E4F9CAD37CD015AD97FBE]"", ""{http://www.tableausoftware.com/xml/user}ui-domain"": ""database"", ""{http://www.tableausoftware.com/xml/user}ui-enumeration"": ""inclusive"", ""{http://www.tableausoftware.com/xml/user}ui-marker"": ""enumerate""}, {""function"": ""member"", ""level"": ""[BTN Distribuciones (copy)_4723009404404842516]"", ""member"": ""\""Limpiar filtros\""""}, {""function"": ""member"", ""level"": ""[Calculation_4723009402545549324]"", ""member"": ""\""Seleccione\""""}]"
2_1aTasasdepobreza,DHBEvolucinTemporal,2.1a Tasas de pobreza.twb,Caracteristicas - BTN Mostrar Gráficos,"[federated.0qiz8oi1sb3cd813zi06q01yhyh5].[Action (BTN Limpiar filtros,SELECCIONE)]",categorical,"{""class"": ""categorical"", ""column"": ""[federated.0qiz8oi1sb3cd813zi06q01yhyh5].[Action (BTN Limpiar filtros,SELECCIONE)]""}","[{""function"": ""crossjoin"", ""{http://www.tableausoftware.com/xml/user}ui-action-filter"": ""[Action88_A2306F1AF23E4F9CAD37CD015AD97FBE]"", ""{http://www.tableausoftware.com/xml/user}ui-domain"": ""database"", ""{http://www.tableausoftware.com/xml/user}ui-enumeration"": ""inclusive"", ""{http://www.tableausoftware.com/xml/user}ui-marker"": ""enumerate""}, {""function"": ""member"", ""level"": ""[BTN Distribuciones (copy)_4723009404404842516]"", ""member"": ""\""Limpiar filtros\""""}, {""function"": ""member"", ""level"": ""[Calculation_4723009402545549324]"", ""member"": ""\""Seleccione\""""}]"
2_1aTasasdepobreza,DHBEvolucinTemporal,2.1a Tasas de pobreza.twb,Caracteristicas - BTN Mostrar Gráficos,[federated.0qiz8oi1sb3cd813zi06q01yhyh5].[none:Visualizar Indicadores (copy)_4723009404655362069:nk],categorical,"{""class"": ""categorical"", ""column"": ""[federated.0qiz8oi1sb3cd813zi06q01yhyh5].[none:Visualizar Indicadores (copy)_4723009404655362069:nk]""}","[{""function"": ""member"", ""level"": ""[none:Visualizar Indicadores (copy)_4723009404655362069:nk]"", ""member"": ""false"", ""{http://www.tableausoftware.com/xml/user}ui-domain"": ""relevant"", ""{http://www.tableausoftware.com/xml/user}ui-enumeration"": ""inclusive"", ""{http://www.tableausoftware.com/xml/user}ui-marker"": ""enumerate""}]"
2_1aTasasdepobreza,DHBEvolucinTemporal,2.1a Tasas de pobreza.twb,Características - BTN,"[federated.0qiz8oi1sb3cd813zi06q01yhyh5].[Action (BTN Limpiar filtros,SELECCIONE)]",categorical,"{""class"": ""categorical"", ""column"": ""[federated.0qiz8oi1sb3cd813zi06q01yhyh5].[Action (BTN Limpiar filtros,SELECCIONE)]""}","[{""function"": ""crossjoin"", ""{http://www.tableausoftware.com/xml/user}ui-action-filter"": ""[Action88_A2306F1AF23E4F9CAD37CD015AD97FBE]"", ""{http://www.tableausoftware.com/xml/user}ui-domain"": ""database"", ""{http://www.tableausoftware.com/xml/user}ui-enumeration"": ""inclusive"", ""{http://www.tableausoftware.com/xml/user}ui-marker"": ""enumerate""}, {""function"": ""member"", ""level"": ""[BTN Distribuciones (copy)_4723009404404842516]"", ""member"": ""\""Limpiar filtros\""""}, {""function"": ""member"", ""level"": ""[Calculation_4723009402545549324]"", ""member"": ""\""Seleccione\""""}]"
2_1aTasasdepobreza,DHBEvolucinTemporal,2.1a Tasas de pobreza.twb,Características - BTN,[federated.0qiz8oi1sb3cd813zi06q01yhyh5].[DATOS_DISTRIBUCIONES_1],categorical,"{""class"": ""categorical"", ""column"": ""[federated.0qiz8oi1sb3cd813zi06q01yhyh5].[DATOS_DISTRIBUCIONES_1]"", ""filter-group"": ""26""}","[{""function"": ""level-members"", ""level"": ""[TIPO_DE_DATO]"", ""{http://www.tableausoftware.com/xml/user}ui-enumeration"": ""all"", ""{http://www.tableausoftware.com/xml/user}ui-marker"": ""enumerate""}]"
2_1aTasasdepobreza,DHBEvolucinTemporal,2.1a Tasas de pobreza.twb,Características - BTN,[federated.0qiz8oi1sb3cd813zi06q01yhyh5].[none:Calculation_334673811823804420:nk],categorical,"{""class"": ""categorical"", ""column"": ""[federated.0qiz8oi1sb3cd813zi06q01yhyh5].[none:Calculation_334673811823804420:nk]"", ""filter-group"": ""27""}","[{""function"": ""member"", ""level"": ""[none:Calculation_334673811823804420:nk]"", ""member"": ""true"", ""{http://www.tableausoftware.com/xml/user}ui-domain"": ""relevant"", ""{http://www.tableausoftware.com/xml/user}ui-enumeration"": ""inclusive"", ""{http://www.tableausoftware.com/xml/user}ui-marker"": ""enumerate""}]"
2_1aTasasdepobreza,DHBEvolucinTemporal,2.1a Tasas de pobreza.twb,Características - Barras,[federated.0qiz8oi1sb3cd813zi06q01yhyh5].[DATOS_DISTRIBUCIONES_1],categorical,"{""class"": ""categorical"", ""column"": ""[federated.0qiz8oi1sb3cd813zi06q01yhyh5].[DATOS_DISTRIBUCIONES_1]"", ""filter-group"": ""26""}","[{""function"": ""level-members"", ""level"": ""[TIPO_DE_DATO]"", ""{http://www.tableausoftware.com/xml/user}ui-enumeration"": ""all"", ""{http://www.tableausoftware.com/xml/user}ui-marker"": ""enumerate""}]"
2_1aTasasdepobreza,DHBEvolucinTemporal,2.1a Tasas de pobreza.twb,Características - Barras,[federated.0qiz8oi1sb3cd813zi06q01yhyh5].[none:ANIO:ok],categorical,"{""class"": ""categorical"", ""column"": ""[federated.0qiz8oi1sb3cd813zi06q01yhyh5].[none:ANIO:ok]"", ""filter-group"": ""6""}","[{""function"": ""level-members"", ""level"": ""[none:ANIO:ok]"", ""{http://www.tableausoftware.com/xml/user}ui-enumeration"": ""all"", ""{http://www.tableausoftware.com/xml/user}ui-marker"": ""enumerate""}]"
2_1aTasasdepobreza,DHBEvolucinTemporal,2.1a Tasas de pobreza.twb,Características - Barras,[federated.0qiz8oi1sb3cd813zi06q01yhyh5].[none:APERTURA_NIVEL_1:nk],categorical,"{""class"": ""categorical"", ""column"": ""[federated.0qiz8oi1sb3cd813zi06q01yhyh5].[none:APERTURA_NIVEL_1:nk]"", ""filter-group"": ""11""}","[{""function"": ""level-members"", ""level"": ""[none:APERTURA_NIVEL_1:nk]"", ""{http://www.tableausoftware.com/xml/user}ui-enumeration"": ""all"", ""{http://www.tableausoftware.com/xml/user}ui-marker"": ""enumerate""}]"
2_1aTasasdepobreza,DHBEvolucinTemporal,2.1a Tasas de pobreza.twb,Características - Barras,[federated.0qiz8oi1sb3cd813zi06q01yhyh5].[none:Calculation_334673811823804420:nk],categorical,"{""class"": ""categorical"", ""column"": ""[federated.0qiz8oi1sb3cd813zi06q01yhyh5].[none:Calculation_334673811823804420:nk]"", ""filter-group"": ""27""}","[{""function"": ""member"", ""level"": ""[none:Calculation_334673811823804420:nk]"", ""member"": ""true"", ""{http://www.tableausoftware.com/xml/user}ui-domain"": ""relevant"", ""{http://www.tableausoftware.com/xml/user}ui-enumeration"": ""inclusive"", ""{http://www.tableausoftware.com/xml/user}ui-marker"": ""enumerate""}]"
2_1aTasasdepobreza,DHBEvolucinTemporal,2.1a Tasas de pobreza.twb,Características - Barras,[federated.0qiz8oi1sb3cd813zi06q01yhyh5].[none:Calculation_334673811825987589:nk],categorical,"{""class"": ""categorical"", ""column"": ""[federated.0qiz8oi1sb3cd813zi06q01yhyh5].[none:Calculation_334673811825987589:nk]"", ""filter-group"": ""8""}","[{""function"": ""member"", ""level"": ""[none:Calculation_334673811825987589:nk]"", ""member"": ""true"", ""{http://www.tableausoftware.com/xml/user}ui-domain"": ""relevant"", ""{http://www.tableausoftware.com/xml/user}ui-enumeration"": ""inclusive"", ""{http://www.tableausoftware.com/xml/user}ui-marker"": ""enumerate""}]"
2_1aTasasdepobreza,DHBEvolucinTemporal,2.1a Tasas de pobreza.twb,Características - Barras,[federated.0qiz8oi1sb3cd813zi06q01yhyh5].[none:Distribuciones - Visualizar Gráfico Torta (copy)_159666739711741954:qk],quantitative,"{""class"": ""quantitative"", ""column"": ""[federated.0qiz8oi1sb3cd813zi06q01yhyh5].[none:Distribuciones - Visualizar Gráfico Torta (copy)_159666739711741954:qk]"", ""included-values"": ""in-range-or-null""}",[]
2_1aTasasdepobreza,DHBEvolucinTemporal,2.1a Tasas de pobreza.twb,Características - Barras,[federated.0qiz8oi1sb3cd813zi06q01yhyh5].[none:INDICADOR_NOMBRE (Indicadores):nk],categorical,"{""class"": ""categorical"", ""column"": ""[federated.0qiz8oi1sb3cd813zi06q01yhyh5].[none:INDICADOR_NOMBRE (Indicadores):nk]"", ""filter-group"": ""7""}","[{""function"": ""level-members"", ""level"": ""[none:INDICADOR_NOMBRE (Indicadores):nk]"", ""{http://www.tableausoftware.com/xml/user}ui-enumeration"": ""all"", ""{http://www.tableausoftware.com/xml/user}ui-marker"": ""enumerate""}]"
2_1aTasasdepobreza,DHBEvolucinTemporal,2.1a Tasas de pobreza.twb,Características - Barras,[federated.0qiz8oi1sb3cd813zi06q01yhyh5].[none:UNIDAD_GEOGRAFICA_NOMBRE:nk],categorical,"{""class"": ""categorical"", ""column"": ""[federated.0qiz8oi1sb3cd813zi06q01yhyh5].[none:UNIDAD_GEOGRAFICA_NOMBRE:nk]"", ""filter-group"": ""17""}","[{""function"": ""level-members"", ""level"": ""[none:UNIDAD_GEOGRAFICA_NOMBRE:nk]"", ""{http://www.tableausoftware.com/xml/user}ui-enumeration"": ""all"", ""{http://www.tableausoftware.com/xml/user}ui-marker"": ""enumerate""}]"
2_1aTasasdepobreza,DHBEvolucinTemporal,2.1a Tasas de pobreza.twb,Características - Barras,[federated.0qiz8oi1sb3cd813zi06q01yhyh5].[none:Visualizar Indicadores (copy)_4723009404679073821:nk],categorical,"{""class"": ""categorical"", ""column"": ""[federated.0qiz8oi1sb3cd813zi06q01yhyh5].[none:Visualizar Indicadores (copy)_4723009404679073821:nk]"", ""filter-group"": ""12""}","[{""function"": ""member"", ""level"": ""[none:Visualizar Indicadores (copy)_4723009404679073821:nk]"", ""member"": ""true"", ""{http://www.tableausoftware.com/xml/user}ui-domain"": ""relevant"", ""{http://www.tableausoftware.com/xml/user}ui-enumeration"": ""inclusive"", ""{http://www.tableausoftware.com/xml/user}ui-marker"": ""enumerate""}]"
2_1aTasasdepobreza,DHBEvolucinTemporal,2.1a Tasas de pobreza.twb,Características - Filtro,[federated.0qiz8oi1sb3cd813zi06q01yhyh5].[DATOS_DISTRIBUCIONES_1],categorical,"{""class"": ""categorical"", ""column"": ""[federated.0qiz8oi1sb3cd813zi06q01yhyh5].[DATOS_DISTRIBUCIONES_1]"", ""filter-group"": ""26""}","[{""function"": ""level-members"", ""level"": ""[TIPO_DE_DATO]"", ""{http://www.tableausoftware.com/xml/user}ui-enumeration"": ""all"", ""{http://www.tableausoftware.com/xml/user}ui-marker"": ""enumerate""}]"
2_1aTasasdepobreza,DHBEvolucinTemporal,2.1a Tasas de pobreza.twb,Características - Filtro,[federated.0qiz8oi1sb3cd813zi06q01yhyh5].[none:ANIO:ok],categorical,"{""class"": ""categorical"", ""column"": ""[federated.0qiz8oi1sb3cd813zi06q01yhyh5].[none:ANIO:ok]"", ""filter-group"": ""6""}","[{""function"": ""level-members"", ""level"": ""[none:ANIO:ok]"", ""{http://www.tableausoftware.com/xml/user}ui-enumeration"": ""all"", ""{http://www.tableausoftware.com/xml/user}ui-marker"": ""enumerate""}]"
2_1aTasasdepobreza,DHBEvolucinTemporal,2.1a Tasas de pobreza.twb,Características - Filtro,[federated.0qiz8oi1sb3cd813zi06q01yhyh5].[none:APERTURA_NIVEL_1:nk],categorical,"{""class"": ""categorical"", ""column"": ""[federated.0qiz8oi1sb3cd813zi06q01yhyh5].[none:APERTURA_NIVEL_1:nk]"", ""filter-group"": ""11""}","[{""function"": ""level-members"", ""level"": ""[none:APERTURA_NIVEL_1:nk]"", ""{http://www.tableausoftware.com/xml/user}ui-enumeration"": ""all"", ""{http://www.tableausoftware.com/xml/user}ui-marker"": ""enumerate""}]"
2_1aTasasdepobreza,DHBEvolucinTemporal,2.1a Tasas de pobreza.twb,Características - Filtro,[federated.0qiz8oi1sb3cd813zi06q01yhyh5].[none:Calculation_334673811823804420:nk],categorical,"{""class"": ""categorical"", ""column"": ""[federated.0qiz8oi1sb3cd813zi06q01yhyh5].[none:Calculation_334673811823804420:nk]"", ""filter-group"": ""27""}","[{""function"": ""member"", ""level"": ""[none:Calculation_334673811823804420:nk]"", ""member"": ""true"", ""{http://www.tableausoftware.com/xml/user}ui-domain"": ""relevant"", ""{http://www.tableausoftware.com/xml/user}ui-enumeration"": ""inclusive"", ""{http://www.tableausoftware.com/xml/user}ui-marker"": ""enumerate""}]"
2_1aTasasdepobreza,DHBEvolucinTemporal,2.1a Tasas de pobreza.twb,Características - Filtro,[federated.0qiz8oi1sb3cd813zi06q01yhyh5].[none:Calculation_334673811825987589:nk],categorical,"{""class"": ""categorical"", ""column"": ""[federated.0qiz8oi1sb3cd813zi06q01yhyh5].[none:Calculation_334673811825987589:nk]""}","[{""function"": ""member"", ""level"": ""[none:Calculation_334673811825987589:nk]"", ""member"": ""true"", ""{http://www.tableausoftware.com/xml/user}ui-domain"": ""relevant"", ""{http://www.tableausoftware.com/xml/user}ui-enumeration"": ""inclusive"", ""{http://www.tableausoftware.com/xml/user}ui-marker"": ""enumerate""}]"
2_1aTasasdepobreza,DHBEvolucinTemporal,2.1a Tasas de pobreza.twb,Características - Filtro,[federated.0qiz8oi1sb3cd813zi06q01yhyh5].[none:INDICADOR_NOMBRE (Indicadores):nk],categorical,"{""class"": ""categorical"", ""column"": ""[federated.0qiz8oi1sb3cd813zi06q01yhyh5].[none:INDICADOR_NOMBRE (Indicadores):nk]"", ""filter-group"": ""7""}","[{""function"": ""level-members"", ""level"": ""[none:INDICADOR_NOMBRE (Indicadores):nk]"", ""{http://www.tableausoftware.com/xml/user}ui-enumeration"": ""all"", ""{http://www.tableausoftware.com/xml/user}ui-marker"": ""enumerate""}]"
2_1aTasasdepobreza,DHBEvolucinTemporal,2.1a Tasas de pobreza.twb,Características - Filtro,[federated.0qiz8oi1sb3cd813zi06q01yhyh5].[none:UNIDAD_GEOGRAFICA_NOMBRE:nk],categorical,"{""class"": ""categorical"", ""column"": ""[federated.0qiz8oi1sb3cd813zi06q01yhyh5].[none:UNIDAD_GEOGRAFICA_NOMBRE:nk]"", ""filter-group"": ""17""}","[{""function"": ""level-members"", ""level"": ""[none:UNIDAD_GEOGRAFICA_NOMBRE:nk]"", ""{http://www.tableausoftware.com/xml/user}ui-enumeration"": ""all"", ""{http://www.tableausoftware.com/xml/user}ui-marker"": ""enumerate""}]"
2_1aTasasdepobreza,DHBEvolucinTemporal,2.1a Tasas de pobreza.twb,Características - Jerarquía,[federated.0qiz8oi1sb3cd813zi06q01yhyh5].[DATOS_DISTRIBUCIONES_1],categorical,"{""class"": ""categorical"", ""column"": ""[federated.0qiz8oi1sb3cd813zi06q01yhyh5].[DATOS_DISTRIBUCIONES_1]"", ""filter-group"": ""26""}","[{""function"": ""level-members"", ""level"": ""[TIPO_DE_DATO]"", ""{http://www.tableausoftware.com/xml/user}ui-enumeration"": ""all"", ""{http://www.tableausoftware.com/xml/user}ui-marker"": ""enumerate""}]"
2_1aTasasdepobreza,DHBEvolucinTemporal,2.1a Tasas de pobreza.twb,Características - Jerarquía,[federated.0qiz8oi1sb3cd813zi06q01yhyh5].[none:ANIO:ok],categorical,"{""class"": ""categorical"", ""column"": ""[federated.0qiz8oi1sb3cd813zi06q01yhyh5].[none:ANIO:ok]"", ""filter-group"": ""6""}","[{""function"": ""level-members"", ""level"": ""[none:ANIO:ok]"", ""{http://www.tableausoftware.com/xml/user}ui-enumeration"": ""all"", ""{http://www.tableausoftware.com/xml/user}ui-marker"": ""enumerate""}]"
2_1aTasasdepobreza,DHBEvolucinTemporal,2.1a Tasas de pobreza.twb,Características - Jerarquía,[federated.0qiz8oi1sb3cd813zi06q01yhyh5].[none:APERTURA_NIVEL_1:nk],categorical,"{""class"": ""categorical"", ""column"": ""[federated.0qiz8oi1sb3cd813zi06q01yhyh5].[none:APERTURA_NIVEL_1:nk]"", ""filter-group"": ""11""}","[{""function"": ""level-members"", ""level"": ""[none:APERTURA_NIVEL_1:nk]"", ""{http://www.tableausoftware.com/xml/user}ui-enumeration"": ""all"", ""{http://www.tableausoftware.com/xml/user}ui-marker"": ""enumerate""}]"
2_1aTasasdepobreza,DHBEvolucinTemporal,2.1a Tasas de pobreza.twb,Características - Jerarquía,[federated.0qiz8oi1sb3cd813zi06q01yhyh5].[none:Calculation_334673811823804420:nk],categorical,"{""class"": ""categorical"", ""column"": ""[federated.0qiz8oi1sb3cd813zi06q01yhyh5].[none:Calculation_334673811823804420:nk]"", ""filter-group"": ""27""}","[{""function"": ""member"", ""level"": ""[none:Calculation_334673811823804420:nk]"", ""member"": ""true"", ""{http://www.tableausoftware.com/xml/user}ui-domain"": ""relevant"", ""{http://www.tableausoftware.com/xml/user}ui-enumeration"": ""inclusive"", ""{http://www.tableausoftware.com/xml/user}ui-marker"": ""enumerate""}]"
2_1aTasasdepobreza,DHBEvolucinTemporal,2.1a Tasas de pobreza.twb,Características - Jerarquía,[federated.0qiz8oi1sb3cd813zi06q01yhyh5].[none:Calculation_334673811825987589:nk],categorical,"{""class"": ""categorical"", ""column"": ""[federated.0qiz8oi1sb3cd813zi06q01yhyh5].[none:Calculation_334673811825987589:nk]"", ""filter-group"": ""8""}","[{""function"": ""member"", ""level"": ""[none:Calculation_334673811825987589:nk]"", ""member"": ""true"", ""{http://www.tableausoftware.com/xml/user}ui-domain"": ""relevant"", ""{http://www.tableausoftware.com/xml/user}ui-enumeration"": ""inclusive"", ""{http://www.tableausoftware.com/xml/user}ui-marker"": ""enumerate""}]"
2_1aTasasdepobreza,DHBEvolucinTemporal,2.1a Tasas de pobreza.twb,Características - Jerarquía,[federated.0qiz8oi1sb3cd813zi06q01yhyh5].[none:INDICADOR_NOMBRE (Indicadores):nk],categorical,"{""class"": ""categorical"", ""column"": ""[federated.0qiz8oi1sb3cd813zi06q01yhyh5].[none:INDICADOR_NOMBRE (Indicadores):nk]"", ""filter-group"": ""7""}","[{""function"": ""level-members"", ""level"": ""[none:INDICADOR_NOMBRE (Indicadores):nk]"", ""{http://www.tableausoftware.com/xml/user}ui-enumeration"": ""all"", ""{http://www.tableausoftware.com/xml/user}ui-marker"": ""enumerate""}]"
2_1aTasasdepobreza,DHBEvolucinTemporal,2.1a Tasas de pobreza.twb,Características - Jerarquía,[federated.0qiz8oi1sb3cd813zi06q01yhyh5].[none:UNIDAD_GEOGRAFICA_NOMBRE:nk],categorical,"{""class"": ""categorical"", ""column"": ""[federated.0qiz8oi1sb3cd813zi06q01yhyh5].[none:UNIDAD_GEOGRAFICA_NOMBRE:nk]"", ""filter-group"": ""17""}","[{""function"": ""level-members"", ""level"": ""[none:UNIDAD_GEOGRAFICA_NOMBRE:nk]"", ""{http://www.tableausoftware.com/xml/user}ui-enumeration"": ""all"", ""{http://www.tableausoftware.com/xml/user}ui-marker"": ""enumerate""}]"
2_1aTasasdepobreza,DHBEvolucinTemporal,2.1a Tasas de pobreza.twb,Características - Jerarquía,[federated.0qiz8oi1sb3cd813zi06q01yhyh5].[none:Visualizar Gráfico Tabla (copia)_1886797147614306325:qk],quantitative,"{""class"": ""quantitative"", ""column"": ""[federated.0qiz8oi1sb3cd813zi06q01yhyh5].[none:Visualizar Gráfico Tabla (copia)_1886797147614306325:qk]"", ""included-values"": ""in-range-or-null""}",[]
2_1aTasasdepobreza,DHBEvolucinTemporal,2.1a Tasas de pobreza.twb,Características - Jerarquía,[federated.0qiz8oi1sb3cd813zi06q01yhyh5].[none:Visualizar Indicadores (copy)_4723009404679073821:nk],categorical,"{""class"": ""categorical"", ""column"": ""[federated.0qiz8oi1sb3cd813zi06q01yhyh5].[none:Visualizar Indicadores (copy)_4723009404679073821:nk]"", ""filter-group"": ""12""}","[{""function"": ""member"", ""level"": ""[none:Visualizar Indicadores (copy)_4723009404679073821:nk]"", ""member"": ""true"", ""{http://www.tableausoftware.com/xml/user}ui-domain"": ""relevant"", ""{http://www.tableausoftware.com/xml/user}ui-enumeration"": ""inclusive"", ""{http://www.tableausoftware.com/xml/user}ui-marker"": ""enumerate""}]"
2_1aTasasdepobreza,DHBEvolucinTemporal,2.1a Tasas de pobreza.twb,Características - Torta,[federated.0qiz8oi1sb3cd813zi06q01yhyh5].[DATOS_DISTRIBUCIONES_1],categorical,"{""class"": ""categorical"", ""column"": ""[federated.0qiz8oi1sb3cd813zi06q01yhyh5].[DATOS_DISTRIBUCIONES_1]"", ""filter-group"": ""26""}","[{""function"": ""level-members"", ""level"": ""[TIPO_DE_DATO]"", ""{http://www.tableausoftware.com/xml/user}ui-enumeration"": ""all"", ""{http://www.tableausoftware.com/xml/user}ui-marker"": ""enumerate""}]"
2_1aTasasdepobreza,DHBEvolucinTemporal,2.1a Tasas de pobreza.twb,Características - Torta,[federated.0qiz8oi1sb3cd813zi06q01yhyh5].[attr:APERTURA_NIVEL_1:nk],categorical,"{""class"": ""categorical"", ""column"": ""[federated.0qiz8oi1sb3cd813zi06q01yhyh5].[attr:APERTURA_NIVEL_1:nk]""}","[{""function"": ""except"", ""{http://www.tableausoftware.com/xml/user}ui-domain"": ""relevant"", ""{http://www.tableausoftware.com/xml/user}ui-enumeration"": ""exclusive"", ""{http://www.tableausoftware.com/xml/user}ui-manual-selection"": ""true"", ""{http://www.tableausoftware.com/xml/user}ui-manual-selection-all-when-empty"": ""true"", ""{http://www.tableausoftware.com/xml/user}ui-marker"": ""enumerate""}, {""function"": ""level-members"", ""level"": ""[attr:APERTURA_NIVEL_1:nk]""}, {""function"": ""member"", ""level"": ""[attr:APERTURA_NIVEL_1:nk]"", ""member"": ""\""Crédito vigente\""""}]"
2_1aTasasdepobreza,DHBEvolucinTemporal,2.1a Tasas de pobreza.twb,Características - Torta,[federated.0qiz8oi1sb3cd813zi06q01yhyh5].[none:ANIO:ok],categorical,"{""class"": ""categorical"", ""column"": ""[federated.0qiz8oi1sb3cd813zi06q01yhyh5].[none:ANIO:ok]"", ""filter-group"": ""6""}","[{""function"": ""level-members"", ""level"": ""[none:ANIO:ok]"", ""{http://www.tableausoftware.com/xml/user}ui-enumeration"": ""all"", ""{http://www.tableausoftware.com/xml/user}ui-marker"": ""enumerate""}]"
2_1aTasasdepobreza,DHBEvolucinTemporal,2.1a Tasas de pobreza.twb,Características - Torta,[federated.0qiz8oi1sb3cd813zi06q01yhyh5].[none:APERTURA_NIVEL_1:nk],categorical,"{""class"": ""categorical"", ""column"": ""[federated.0qiz8oi1sb3cd813zi06q01yhyh5].[none:APERTURA_NIVEL_1:nk]"", ""filter-group"": ""11""}","[{""function"": ""level-members"", ""level"": ""[none:APERTURA_NIVEL_1:nk]"", ""{http://www.tableausoftware.com/xml/user}ui-enumeration"": ""all"", ""{http://www.tableausoftware.com/xml/user}ui-marker"": ""enumerate""}]"
2_1aTasasdepobreza,DHBEvolucinTemporal,2.1a Tasas de pobreza.twb,Características - Torta,[federated.0qiz8oi1sb3cd813zi06q01yhyh5].[none:Calculation_334673811823804420:nk],categorical,"{""class"": ""categorical"", ""column"": ""[federated.0qiz8oi1sb3cd813zi06q01yhyh5].[none:Calculation_334673811823804420:nk]"", ""filter-group"": ""27""}","[{""function"": ""member"", ""level"": ""[none:Calculation_334673811823804420:nk]"", ""member"": ""true"", ""{http://www.tableausoftware.com/xml/user}ui-domain"": ""relevant"", ""{http://www.tableausoftware.com/xml/user}ui-enumeration"": ""inclusive"", ""{http://www.tableausoftware.com/xml/user}ui-marker"": ""enumerate""}]"
2_1aTasasdepobreza,DHBEvolucinTemporal,2.1a Tasas de pobreza.twb,Características - Torta,[federated.0qiz8oi1sb3cd813zi06q01yhyh5].[none:Calculation_334673811825987589:nk],categorical,"{""class"": ""categorical"", ""column"": ""[federated.0qiz8oi1sb3cd813zi06q01yhyh5].[none:Calculation_334673811825987589:nk]"", ""filter-group"": ""8""}","[{""function"": ""member"", ""level"": ""[none:Calculation_334673811825987589:nk]"", ""member"": ""true"", ""{http://www.tableausoftware.com/xml/user}ui-domain"": ""relevant"", ""{http://www.tableausoftware.com/xml/user}ui-enumeration"": ""inclusive"", ""{http://www.tableausoftware.com/xml/user}ui-marker"": ""enumerate""}]"
2_1aTasasdepobreza,DHBEvolucinTemporal,2.1a Tasas de pobreza.twb,Características - Torta,[federated.0qiz8oi1sb3cd813zi06q01yhyh5].[none:INDICADOR_NOMBRE (Indicadores):nk],categorical,"{""class"": ""categorical"", ""column"": ""[federated.0qiz8oi1sb3cd813zi06q01yhyh5].[none:INDICADOR_NOMBRE (Indicadores):nk]"", ""filter-group"": ""7""}","[{""function"": ""level-members"", ""level"": ""[none:INDICADOR_NOMBRE (Indicadores):nk]"", ""{http://www.tableausoftware.com/xml/user}ui-enumeration"": ""all"", ""{http://www.tableausoftware.com/xml/user}ui-marker"": ""enumerate""}]"
2_1aTasasdepobreza,DHBEvolucinTemporal,2.1a Tasas de pobreza.twb,Características - Torta,[federated.0qiz8oi1sb3cd813zi06q01yhyh5].[none:UNIDAD_GEOGRAFICA_NOMBRE:nk],categorical,"{""class"": ""categorical"", ""column"": ""[federated.0qiz8oi1sb3cd813zi06q01yhyh5].[none:UNIDAD_GEOGRAFICA_NOMBRE:nk]"", ""filter-group"": ""17""}","[{""function"": ""level-members"", ""level"": ""[none:UNIDAD_GEOGRAFICA_NOMBRE:nk]"", ""{http://www.tableausoftware.com/xml/user}ui-enumeration"": ""all"", ""{http://www.tableausoftware.com/xml/user}ui-marker"": ""enumerate""}]"
2_1aTasasdepobreza,DHBEvolucinTemporal,2.1a Tasas de pobreza.twb,Características - Torta,[federated.0qiz8oi1sb3cd813zi06q01yhyh5].[none:Visualizar Gráfico Jerarquía (copia)_1886797147614466070:qk],quantitative,"{""class"": ""quantitative"", ""column"": ""[federated.0qiz8oi1sb3cd813zi06q01yhyh5].[none:Visualizar Gráfico Jerarquía (copia)_1886797147614466070:qk]"", ""included-values"": ""in-range-or-null""}",[]
2_1aTasasdepobreza,DHBEvolucinTemporal,2.1a Tasas de pobreza.twb,Características - Torta,[federated.0qiz8oi1sb3cd813zi06q01yhyh5].[none:Visualizar Indicadores (copy)_4723009404679073821:nk],categorical,"{""class"": ""categorical"", ""column"": ""[federated.0qiz8oi1sb3cd813zi06q01yhyh5].[none:Visualizar Indicadores (copy)_4723009404679073821:nk]"", ""filter-group"": ""12""}","[{""function"": ""member"", ""level"": ""[none:Visualizar Indicadores (copy)_4723009404679073821:nk]"", ""member"": ""true"", ""{http://www.tableausoftware.com/xml/user}ui-domain"": ""relevant"", ""{http://www.tableausoftware.com/xml/user}ui-enumeration"": ""inclusive"", ""{http://www.tableausoftware.com/xml/user}ui-marker"": ""enumerate""}]"
2_1aTasasdepobreza,DHBEvolucinTemporal,2.1a Tasas de pobreza.twb,Características - Título,[federated.0qiz8oi1sb3cd813zi06q01yhyh5].[DATOS_DISTRIBUCIONES_1],categorical,"{""class"": ""categorical"", ""column"": ""[federated.0qiz8oi1sb3cd813zi06q01yhyh5].[DATOS_DISTRIBUCIONES_1]"", ""filter-group"": ""26""}","[{""function"": ""level-members"", ""level"": ""[TIPO_DE_DATO]"", ""{http://www.tableausoftware.com/xml/user}ui-enumeration"": ""all"", ""{http://www.tableausoftware.com/xml/user}ui-marker"": ""enumerate""}]"
2_1aTasasdepobreza,DHBEvolucinTemporal,2.1a Tasas de pobreza.twb,Características - Título,[federated.0qiz8oi1sb3cd813zi06q01yhyh5].[none:ANIO:ok],categorical,"{""class"": ""categorical"", ""column"": ""[federated.0qiz8oi1sb3cd813zi06q01yhyh5].[none:ANIO:ok]"", ""filter-group"": ""6""}","[{""function"": ""level-members"", ""level"": ""[none:ANIO:ok]"", ""{http://www.tableausoftware.com/xml/user}ui-enumeration"": ""all"", ""{http://www.tableausoftware.com/xml/user}ui-marker"": ""enumerate""}]"
2_1aTasasdepobreza,DHBEvolucinTemporal,2.1a Tasas de pobreza.twb,Características - Título,[federated.0qiz8oi1sb3cd813zi06q01yhyh5].[none:APERTURA_NIVEL_1:nk],categorical,"{""class"": ""categorical"", ""column"": ""[federated.0qiz8oi1sb3cd813zi06q01yhyh5].[none:APERTURA_NIVEL_1:nk]"", ""filter-group"": ""11""}","[{""function"": ""level-members"", ""level"": ""[none:APERTURA_NIVEL_1:nk]"", ""{http://www.tableausoftware.com/xml/user}ui-enumeration"": ""all"", ""{http://www.tableausoftware.com/xml/user}ui-marker"": ""enumerate""}]"
2_1aTasasdepobreza,DHBEvolucinTemporal,2.1a Tasas de pobreza.twb,Características - Título,[federated.0qiz8oi1sb3cd813zi06q01yhyh5].[none:Calculation_334673811823804420:nk],categorical,"{""class"": ""categorical"", ""column"": ""[federated.0qiz8oi1sb3cd813zi06q01yhyh5].[none:Calculation_334673811823804420:nk]"", ""filter-group"": ""27""}","[{""function"": ""member"", ""level"": ""[none:Calculation_334673811823804420:nk]"", ""member"": ""true"", ""{http://www.tableausoftware.com/xml/user}ui-domain"": ""relevant"", ""{http://www.tableausoftware.com/xml/user}ui-enumeration"": ""inclusive"", ""{http://www.tableausoftware.com/xml/user}ui-marker"": ""enumerate""}]"
2_1aTasasdepobreza,DHBEvolucinTemporal,2.1a Tasas de pobreza.twb,Características - Título,[federated.0qiz8oi1sb3cd813zi06q01yhyh5].[none:Calculation_334673811825987589:nk],categorical,"{""class"": ""categorical"", ""column"": ""[federated.0qiz8oi1sb3cd813zi06q01yhyh5].[none:Calculation_334673811825987589:nk]"", ""filter-group"": ""8""}","[{""function"": ""member"", ""level"": ""[none:Calculation_334673811825987589:nk]"", ""member"": ""true"", ""{http://www.tableausoftware.com/xml/user}ui-domain"": ""relevant"", ""{http://www.tableausoftware.com/xml/user}ui-enumeration"": ""inclusive"", ""{http://www.tableausoftware.com/xml/user}ui-marker"": ""enumerate""}]"
2_1aTasasdepobreza,DHBEvolucinTemporal,2.1a Tasas de pobreza.twb,Características - Título,[federated.0qiz8oi1sb3cd813zi06q01yhyh5].[none:INDICADOR_NOMBRE (Indicadores):nk],categorical,"{""class"": ""categorical"", ""column"": ""[federated.0qiz8oi1sb3cd813zi06q01yhyh5].[none:INDICADOR_NOMBRE (Indicadores):nk]"", ""filter-group"": ""7""}","[{""function"": ""level-members"", ""level"": ""[none:INDICADOR_NOMBRE (Indicadores):nk]"", ""{http://www.tableausoftware.com/xml/user}ui-enumeration"": ""all"", ""{http://www.tableausoftware.com/xml/user}ui-marker"": ""enumerate""}]"
2_1aTasasdepobreza,DHBEvolucinTemporal,2.1a Tasas de pobreza.twb,Características - Título,[federated.0qiz8oi1sb3cd813zi06q01yhyh5].[none:UNIDAD_GEOGRAFICA_NOMBRE:nk],categorical,"{""class"": ""categorical"", ""column"": ""[federated.0qiz8oi1sb3cd813zi06q01yhyh5].[none:UNIDAD_GEOGRAFICA_NOMBRE:nk]"", ""filter-group"": ""17""}","[{""function"": ""level-members"", ""level"": ""[none:UNIDAD_GEOGRAFICA_NOMBRE:nk]"", ""{http://www.tableausoftware.com/xml/user}ui-enumeration"": ""all"", ""{http://www.tableausoftware.com/xml/user}ui-marker"": ""enumerate""}]"
2_1aTasasdepobreza,DHBEvolucinTemporal,2.1a Tasas de pobreza.twb,Características - Título,[federated.0qiz8oi1sb3cd813zi06q01yhyh5].[none:Visualizar Indicadores (copy)_4723009404679073821:nk],categorical,"{""class"": ""categorical"", ""column"": ""[federated.0qiz8oi1sb3cd813zi06q01yhyh5].[none:Visualizar Indicadores (copy)_4723009404679073821:nk]"", ""filter-group"": ""12""}","[{""function"": ""member"", ""level"": ""[none:Visualizar Indicadores (copy)_4723009404679073821:nk]"", ""member"": ""true"", ""{http://www.tableausoftware.com/xml/user}ui-domain"": ""relevant"", ""{http://www.tableausoftware.com/xml/user}ui-enumeration"": ""inclusive"", ""{http://www.tableausoftware.com/xml/user}ui-marker"": ""enumerate""}]"
2_1aTasasdepobreza,DHBEvolucinTemporal,2.1a Tasas de pobreza.twb,Características- Filtro Indicador,[federated.0qiz8oi1sb3cd813zi06q01yhyh5].[DATOS_DISTRIBUCIONES_1],categorical,"{""class"": ""categorical"", ""column"": ""[federated.0qiz8oi1sb3cd813zi06q01yhyh5].[DATOS_DISTRIBUCIONES_1]"", ""filter-group"": ""26""}","[{""function"": ""level-members"", ""level"": ""[TIPO_DE_DATO]"", ""{http://www.tableausoftware.com/xml/user}ui-enumeration"": ""all"", ""{http://www.tableausoftware.com/xml/user}ui-marker"": ""enumerate""}]"
2_1aTasasdepobreza,DHBEvolucinTemporal,2.1a Tasas de pobreza.twb,Características- Filtro Indicador,[federated.0qiz8oi1sb3cd813zi06q01yhyh5].[none:ANIO:ok],categorical,"{""class"": ""categorical"", ""column"": ""[federated.0qiz8oi1sb3cd813zi06q01yhyh5].[none:ANIO:ok]"", ""filter-group"": ""6""}","[{""function"": ""level-members"", ""level"": ""[none:ANIO:ok]"", ""{http://www.tableausoftware.com/xml/user}ui-enumeration"": ""all"", ""{http://www.tableausoftware.com/xml/user}ui-marker"": ""enumerate""}]"
2_1aTasasdepobreza,DHBEvolucinTemporal,2.1a Tasas de pobreza.twb,Características- Filtro Indicador,[federated.0qiz8oi1sb3cd813zi06q01yhyh5].[none:APERTURA_NIVEL_1:nk],categorical,"{""class"": ""categorical"", ""column"": ""[federated.0qiz8oi1sb3cd813zi06q01yhyh5].[none:APERTURA_NIVEL_1:nk]"", ""filter-group"": ""11""}","[{""function"": ""level-members"", ""level"": ""[none:APERTURA_NIVEL_1:nk]"", ""{http://www.tableausoftware.com/xml/user}ui-enumeration"": ""all"", ""{http://www.tableausoftware.com/xml/user}ui-marker"": ""enumerate""}]"
2_1aTasasdepobreza,DHBEvolucinTemporal,2.1a Tasas de pobreza.twb,Características- Filtro Indicador,[federated.0qiz8oi1sb3cd813zi06q01yhyh5].[none:Calculation_334673811823804420:nk],categorical,"{""class"": ""categorical"", ""column"": ""[federated.0qiz8oi1sb3cd813zi06q01yhyh5].[none:Calculation_334673811823804420:nk]"", ""filter-group"": ""27""}","[{""function"": ""member"", ""level"": ""[none:Calculation_334673811823804420:nk]"", ""member"": ""true"", ""{http://www.tableausoftware.com/xml/user}ui-domain"": ""relevant"", ""{http://www.tableausoftware.com/xml/user}ui-enumeration"": ""inclusive"", ""{http://www.tableausoftware.com/xml/user}ui-marker"": ""enumerate""}]"
2_1aTasasdepobreza,DHBEvolucinTemporal,2.1a Tasas de pobreza.twb,Características- Filtro Indicador,[federated.0qiz8oi1sb3cd813zi06q01yhyh5].[none:INDICADOR_NOMBRE (Indicadores):nk],categorical,"{""class"": ""categorical"", ""column"": ""[federated.0qiz8oi1sb3cd813zi06q01yhyh5].[none:INDICADOR_NOMBRE (Indicadores):nk]"", ""filter-group"": ""7""}","[{""function"": ""level-members"", ""level"": ""[none:INDICADOR_NOMBRE (Indicadores):nk]"", ""{http://www.tableausoftware.com/xml/user}ui-enumeration"": ""all"", ""{http://www.tableausoftware.com/xml/user}ui-marker"": ""enumerate""}]"
2_1aTasasdepobreza,DHBEvolucinTemporal,2.1a Tasas de pobreza.twb,Características- Filtro Indicador,[federated.0qiz8oi1sb3cd813zi06q01yhyh5].[none:UNIDAD_GEOGRAFICA_NOMBRE:nk],categorical,"{""class"": ""categorical"", ""column"": ""[federated.0qiz8oi1sb3cd813zi06q01yhyh5].[none:UNIDAD_GEOGRAFICA_NOMBRE:nk]"", ""filter-group"": ""17""}","[{""function"": ""level-members"", ""level"": ""[none:UNIDAD_GEOGRAFICA_NOMBRE:nk]"", ""{http://www.tableausoftware.com/xml/user}ui-enumeration"": ""all"", ""{http://www.tableausoftware.com/xml/user}ui-marker"": ""enumerate""}]"
2_1aTasasdepobreza,DHBEvolucinTemporal,2.1a Tasas de pobreza.twb,Cruces Relevantes - Aperturas - Barras,[federated.0qiz8oi1sb3cd813zi06q01yhyh5].[DATOS_APERTURAS_1],categorical,"{""class"": ""categorical"", ""column"": ""[federated.0qiz8oi1sb3cd813zi06q01yhyh5].[DATOS_APERTURAS_1]"", ""filter-group"": ""14""}","[{""function"": ""level-members"", ""level"": ""[TIPO_DE_DATO]"", ""{http://www.tableausoftware.com/xml/user}ui-enumeration"": ""all"", ""{http://www.tableausoftware.com/xml/user}ui-marker"": ""enumerate""}]"
2_1aTasasdepobreza,DHBEvolucinTemporal,2.1a Tasas de pobreza.twb,Cruces Relevantes - Aperturas - Barras,[federated.0qiz8oi1sb3cd813zi06q01yhyh5].[attr:APERTURA_DESCRIPCION:nk],categorical,"{""class"": ""categorical"", ""column"": ""[federated.0qiz8oi1sb3cd813zi06q01yhyh5].[attr:APERTURA_DESCRIPCION:nk]""}","[{""function"": ""level-members"", ""level"": ""[attr:APERTURA_DESCRIPCION:nk]"", ""{http://www.tableausoftware.com/xml/user}ui-enumeration"": ""all"", ""{http://www.tableausoftware.com/xml/user}ui-marker"": ""enumerate""}]"
2_1aTasasdepobreza,DHBEvolucinTemporal,2.1a Tasas de pobreza.twb,Cruces Relevantes - Aperturas - Barras,[federated.0qiz8oi1sb3cd813zi06q01yhyh5].[none:ANIO:ok],categorical,"{""class"": ""categorical"", ""column"": ""[federated.0qiz8oi1sb3cd813zi06q01yhyh5].[none:ANIO:ok]"", ""filter-group"": ""5""}","[{""function"": ""level-members"", ""level"": ""[none:ANIO:ok]"", ""{http://www.tableausoftware.com/xml/user}ui-enumeration"": ""all"", ""{http://www.tableausoftware.com/xml/user}ui-marker"": ""enumerate""}]"
2_1aTasasdepobreza,DHBEvolucinTemporal,2.1a Tasas de pobreza.twb,Cruces Relevantes - Aperturas - Barras,[federated.0qiz8oi1sb3cd813zi06q01yhyh5].[none:APERTURA_DESCRIPCION:nk],categorical,"{""class"": ""categorical"", ""column"": ""[federated.0qiz8oi1sb3cd813zi06q01yhyh5].[none:APERTURA_DESCRIPCION:nk]"", ""filter-group"": ""15""}","[{""function"": ""level-members"", ""level"": ""[none:APERTURA_DESCRIPCION:nk]"", ""{http://www.tableausoftware.com/xml/user}ui-enumeration"": ""all"", ""{http://www.tableausoftware.com/xml/user}ui-marker"": ""enumerate""}]"
2_1aTasasdepobreza,DHBEvolucinTemporal,2.1a Tasas de pobreza.twb,Cruces Relevantes - Aperturas - Barras,[federated.0qiz8oi1sb3cd813zi06q01yhyh5].[none:BTN Mostrar Gráficos Caracteristicas (copy)_54254335857942529:nk],categorical,"{""class"": ""categorical"", ""column"": ""[federated.0qiz8oi1sb3cd813zi06q01yhyh5].[none:BTN Mostrar Gráficos Caracteristicas (copy)_54254335857942529:nk]""}","[{""function"": ""member"", ""level"": ""[none:BTN Mostrar Gráficos Caracteristicas (copy)_54254335857942529:nk]"", ""member"": ""true"", ""{http://www.tableausoftware.com/xml/user}ui-domain"": ""relevant"", ""{http://www.tableausoftware.com/xml/user}ui-enumeration"": ""inclusive"", ""{http://www.tableausoftware.com/xml/user}ui-marker"": ""enumerate""}]"
2_1aTasasdepobreza,DHBEvolucinTemporal,2.1a Tasas de pobreza.twb,Cruces Relevantes - Aperturas - Barras,[federated.0qiz8oi1sb3cd813zi06q01yhyh5].[none:Calculation_334673811823804420:nk],categorical,"{""class"": ""categorical"", ""column"": ""[federated.0qiz8oi1sb3cd813zi06q01yhyh5].[none:Calculation_334673811823804420:nk]"", ""filter-group"": ""27""}","[{""function"": ""member"", ""level"": ""[none:Calculation_334673811823804420:nk]"", ""member"": ""true"", ""{http://www.tableausoftware.com/xml/user}ui-domain"": ""relevant"", ""{http://www.tableausoftware.com/xml/user}ui-enumeration"": ""inclusive"", ""{http://www.tableausoftware.com/xml/user}ui-marker"": ""enumerate""}]"
2_1aTasasdepobreza,DHBEvolucinTemporal,2.1a Tasas de pobreza.twb,Cruces Relevantes - Aperturas - Barras,[federated.0qiz8oi1sb3cd813zi06q01yhyh5].[none:Calculation_334673811825987589:nk],categorical,"{""class"": ""categorical"", ""column"": ""[federated.0qiz8oi1sb3cd813zi06q01yhyh5].[none:Calculation_334673811825987589:nk]""}","[{""function"": ""member"", ""level"": ""[none:Calculation_334673811825987589:nk]"", ""member"": ""true"", ""{http://www.tableausoftware.com/xml/user}ui-domain"": ""relevant"", ""{http://www.tableausoftware.com/xml/user}ui-enumeration"": ""inclusive"", ""{http://www.tableausoftware.com/xml/user}ui-marker"": ""enumerate""}]"
2_1aTasasdepobreza,DHBEvolucinTemporal,2.1a Tasas de pobreza.twb,Cruces Relevantes - Aperturas - Barras,[federated.0qiz8oi1sb3cd813zi06q01yhyh5].[none:Calculation_5425289489148153872:nk],categorical,"{""class"": ""categorical"", ""column"": ""[federated.0qiz8oi1sb3cd813zi06q01yhyh5].[none:Calculation_5425289489148153872:nk]""}","[{""function"": ""member"", ""level"": ""[none:Calculation_5425289489148153872:nk]"", ""member"": ""false"", ""{http://www.tableausoftware.com/xml/user}ui-domain"": ""relevant"", ""{http://www.tableausoftware.com/xml/user}ui-enumeration"": ""inclusive"", ""{http://www.tableausoftware.com/xml/user}ui-marker"": ""enumerate""}]"
2_1aTasasdepobreza,DHBEvolucinTemporal,2.1a Tasas de pobreza.twb,Cruces Relevantes - Aperturas - Barras,[federated.0qiz8oi1sb3cd813zi06q01yhyh5].[none:INDICADOR_NOMBRE (Indicadores):nk],categorical,"{""class"": ""categorical"", ""column"": ""[federated.0qiz8oi1sb3cd813zi06q01yhyh5].[none:INDICADOR_NOMBRE (Indicadores):nk]"", ""filter-group"": ""3""}","[{""function"": ""level-members"", ""level"": ""[none:INDICADOR_NOMBRE (Indicadores):nk]"", ""{http://www.tableausoftware.com/xml/user}ui-enumeration"": ""all"", ""{http://www.tableausoftware.com/xml/user}ui-marker"": ""enumerate""}]"
2_1aTasasdepobreza,DHBEvolucinTemporal,2.1a Tasas de pobreza.twb,Cruces Relevantes - Aperturas - Barras,[federated.0qiz8oi1sb3cd813zi06q01yhyh5].[none:UNIDAD_GEOGRAFICA_NOMBRE:nk],categorical,"{""class"": ""categorical"", ""column"": ""[federated.0qiz8oi1sb3cd813zi06q01yhyh5].[none:UNIDAD_GEOGRAFICA_NOMBRE:nk]"", ""filter-group"": ""23""}","[{""function"": ""level-members"", ""level"": ""[none:UNIDAD_GEOGRAFICA_NOMBRE:nk]"", ""{http://www.tableausoftware.com/xml/user}ui-enumeration"": ""all"", ""{http://www.tableausoftware.com/xml/user}ui-marker"": ""enumerate""}]"
2_1aTasasdepobreza,DHBEvolucinTemporal,2.1a Tasas de pobreza.twb,Cruces Relevantes - Aperturas - Barras,[federated.0qiz8oi1sb3cd813zi06q01yhyh5].[none:Visualizar Desagregaciones (copia)_541839333440749569:qk],quantitative,"{""class"": ""quantitative"", ""column"": ""[federated.0qiz8oi1sb3cd813zi06q01yhyh5].[none:Visualizar Desagregaciones (copia)_541839333440749569:qk]"", ""included-values"": ""in-range-or-null""}",[]
2_1aTasasdepobreza,DHBEvolucinTemporal,2.1a Tasas de pobreza.twb,Cruces Relevantes - Aperturas - Tabla,[federated.0qiz8oi1sb3cd813zi06q01yhyh5].[DATOS_APERTURAS_1],categorical,"{""class"": ""categorical"", ""column"": ""[federated.0qiz8oi1sb3cd813zi06q01yhyh5].[DATOS_APERTURAS_1]"", ""filter-group"": ""14""}","[{""function"": ""level-members"", ""level"": ""[TIPO_DE_DATO]"", ""{http://www.tableausoftware.com/xml/user}ui-enumeration"": ""all"", ""{http://www.tableausoftware.com/xml/user}ui-marker"": ""enumerate""}]"
2_1aTasasdepobreza,DHBEvolucinTemporal,2.1a Tasas de pobreza.twb,Cruces Relevantes - Aperturas - Tabla,[federated.0qiz8oi1sb3cd813zi06q01yhyh5].[none:ANIO:ok],categorical,"{""class"": ""categorical"", ""column"": ""[federated.0qiz8oi1sb3cd813zi06q01yhyh5].[none:ANIO:ok]"", ""filter-group"": ""5""}","[{""function"": ""level-members"", ""level"": ""[none:ANIO:ok]"", ""{http://www.tableausoftware.com/xml/user}ui-enumeration"": ""all"", ""{http://www.tableausoftware.com/xml/user}ui-marker"": ""enumerate""}]"
2_1aTasasdepobreza,DHBEvolucinTemporal,2.1a Tasas de pobreza.twb,Cruces Relevantes - Aperturas - Tabla,[federated.0qiz8oi1sb3cd813zi06q01yhyh5].[none:APERTURA_DESCRIPCION:nk],categorical,"{""class"": ""categorical"", ""column"": ""[federated.0qiz8oi1sb3cd813zi06q01yhyh5].[none:APERTURA_DESCRIPCION:nk]"", ""filter-group"": ""15""}","[{""function"": ""level-members"", ""level"": ""[none:APERTURA_DESCRIPCION:nk]"", ""{http://www.tableausoftware.com/xml/user}ui-enumeration"": ""all"", ""{http://www.tableausoftware.com/xml/user}ui-marker"": ""enumerate""}]"
2_1aTasasdepobreza,DHBEvolucinTemporal,2.1a Tasas de pobreza.twb,Cruces Relevantes - Aperturas - Tabla,[federated.0qiz8oi1sb3cd813zi06q01yhyh5].[none:BTN Mostrar Gráficos Caracteristicas (copy)_54254335857942529:nk],categorical,"{""class"": ""categorical"", ""column"": ""[federated.0qiz8oi1sb3cd813zi06q01yhyh5].[none:BTN Mostrar Gráficos Caracteristicas (copy)_54254335857942529:nk]""}","[{""function"": ""member"", ""level"": ""[none:BTN Mostrar Gráficos Caracteristicas (copy)_54254335857942529:nk]"", ""member"": ""true"", ""{http://www.tableausoftware.com/xml/user}ui-domain"": ""relevant"", ""{http://www.tableausoftware.com/xml/user}ui-enumeration"": ""inclusive"", ""{http://www.tableausoftware.com/xml/user}ui-marker"": ""enumerate""}]"
2_1aTasasdepobreza,DHBEvolucinTemporal,2.1a Tasas de pobreza.twb,Cruces Relevantes - Aperturas - Tabla,[federated.0qiz8oi1sb3cd813zi06q01yhyh5].[none:Calculation_334673811823804420:nk],categorical,"{""class"": ""categorical"", ""column"": ""[federated.0qiz8oi1sb3cd813zi06q01yhyh5].[none:Calculation_334673811823804420:nk]"", ""filter-group"": ""27""}","[{""function"": ""member"", ""level"": ""[none:Calculation_334673811823804420:nk]"", ""member"": ""true"", ""{http://www.tableausoftware.com/xml/user}ui-domain"": ""relevant"", ""{http://www.tableausoftware.com/xml/user}ui-enumeration"": ""inclusive"", ""{http://www.tableausoftware.com/xml/user}ui-marker"": ""enumerate""}]"
2_1aTasasdepobreza,DHBEvolucinTemporal,2.1a Tasas de pobreza.twb,Cruces Relevantes - Aperturas - Tabla,[federated.0qiz8oi1sb3cd813zi06q01yhyh5].[none:Calculation_334673811825987589:nk],categorical,"{""class"": ""categorical"", ""column"": ""[federated.0qiz8oi1sb3cd813zi06q01yhyh5].[none:Calculation_334673811825987589:nk]""}","[{""function"": ""member"", ""level"": ""[none:Calculation_334673811825987589:nk]"", ""member"": ""true"", ""{http://www.tableausoftware.com/xml/user}ui-domain"": ""relevant"", ""{http://www.tableausoftware.com/xml/user}ui-enumeration"": ""inclusive"", ""{http://www.tableausoftware.com/xml/user}ui-marker"": ""enumerate""}]"
2_1aTasasdepobreza,DHBEvolucinTemporal,2.1a Tasas de pobreza.twb,Cruces Relevantes - Aperturas - Tabla,[federated.0qiz8oi1sb3cd813zi06q01yhyh5].[none:Calculation_5425289489148153872:nk],categorical,"{""class"": ""categorical"", ""column"": ""[federated.0qiz8oi1sb3cd813zi06q01yhyh5].[none:Calculation_5425289489148153872:nk]""}","[{""function"": ""member"", ""level"": ""[none:Calculation_5425289489148153872:nk]"", ""member"": ""false"", ""{http://www.tableausoftware.com/xml/user}ui-domain"": ""relevant"", ""{http://www.tableausoftware.com/xml/user}ui-enumeration"": ""inclusive"", ""{http://www.tableausoftware.com/xml/user}ui-marker"": ""enumerate""}]"
2_1aTasasdepobreza,DHBEvolucinTemporal,2.1a Tasas de pobreza.twb,Cruces Relevantes - Aperturas - Tabla,[federated.0qiz8oi1sb3cd813zi06q01yhyh5].[none:INDICADOR_NOMBRE (Indicadores):nk],categorical,"{""class"": ""categorical"", ""column"": ""[federated.0qiz8oi1sb3cd813zi06q01yhyh5].[none:INDICADOR_NOMBRE (Indicadores):nk]"", ""filter-group"": ""3""}","[{""function"": ""level-members"", ""level"": ""[none:INDICADOR_NOMBRE (Indicadores):nk]"", ""{http://www.tableausoftware.com/xml/user}ui-enumeration"": ""all"", ""{http://www.tableausoftware.com/xml/user}ui-marker"": ""enumerate""}]"
2_1aTasasdepobreza,DHBEvolucinTemporal,2.1a Tasas de pobreza.twb,Cruces Relevantes - Aperturas - Tabla,[federated.0qiz8oi1sb3cd813zi06q01yhyh5].[none:UNIDAD_GEOGRAFICA_NOMBRE:nk],categorical,"{""class"": ""categorical"", ""column"": ""[federated.0qiz8oi1sb3cd813zi06q01yhyh5].[none:UNIDAD_GEOGRAFICA_NOMBRE:nk]"", ""filter-group"": ""23""}","[{""function"": ""level-members"", ""level"": ""[none:UNIDAD_GEOGRAFICA_NOMBRE:nk]"", ""{http://www.tableausoftware.com/xml/user}ui-enumeration"": ""all"", ""{http://www.tableausoftware.com/xml/user}ui-marker"": ""enumerate""}]"
2_1aTasasdepobreza,DHBEvolucinTemporal,2.1a Tasas de pobreza.twb,Cruces Relevantes - Aperturas - Tabla,[federated.0qiz8oi1sb3cd813zi06q01yhyh5].[none:Visualizar Desagregaciones Barra (copia)_541839333440913410:qk],quantitative,"{""class"": ""quantitative"", ""column"": ""[federated.0qiz8oi1sb3cd813zi06q01yhyh5].[none:Visualizar Desagregaciones Barra (copia)_541839333440913410:qk]"", ""included-values"": ""in-range-or-null""}",[]
2_1aTasasdepobreza,DHBEvolucinTemporal,2.1a Tasas de pobreza.twb,Cruces Relevantes - Aperturas y Grupos - Barras,[federated.0qiz8oi1sb3cd813zi06q01yhyh5].[DATOS_APERTURAS_1],categorical,"{""class"": ""categorical"", ""column"": ""[federated.0qiz8oi1sb3cd813zi06q01yhyh5].[DATOS_APERTURAS_1]"", ""filter-group"": ""14""}","[{""function"": ""level-members"", ""level"": ""[TIPO_DE_DATO]"", ""{http://www.tableausoftware.com/xml/user}ui-enumeration"": ""all"", ""{http://www.tableausoftware.com/xml/user}ui-marker"": ""enumerate""}]"
2_1aTasasdepobreza,DHBEvolucinTemporal,2.1a Tasas de pobreza.twb,Cruces Relevantes - Aperturas y Grupos - Barras,[federated.0qiz8oi1sb3cd813zi06q01yhyh5].[none:ANIO:ok],categorical,"{""class"": ""categorical"", ""column"": ""[federated.0qiz8oi1sb3cd813zi06q01yhyh5].[none:ANIO:ok]"", ""filter-group"": ""5""}","[{""function"": ""level-members"", ""level"": ""[none:ANIO:ok]"", ""{http://www.tableausoftware.com/xml/user}ui-enumeration"": ""all"", ""{http://www.tableausoftware.com/xml/user}ui-marker"": ""enumerate""}]"
2_1aTasasdepobreza,DHBEvolucinTemporal,2.1a Tasas de pobreza.twb,Cruces Relevantes - Aperturas y Grupos - Barras,[federated.0qiz8oi1sb3cd813zi06q01yhyh5].[none:APERTURA_DESCRIPCION:nk],categorical,"{""class"": ""categorical"", ""column"": ""[federated.0qiz8oi1sb3cd813zi06q01yhyh5].[none:APERTURA_DESCRIPCION:nk]"", ""filter-group"": ""15""}","[{""function"": ""level-members"", ""level"": ""[none:APERTURA_DESCRIPCION:nk]"", ""{http://www.tableausoftware.com/xml/user}ui-enumeration"": ""all"", ""{http://www.tableausoftware.com/xml/user}ui-marker"": ""enumerate""}]"
2_1aTasasdepobreza,DHBEvolucinTemporal,2.1a Tasas de pobreza.twb,Cruces Relevantes - Aperturas y Grupos - Barras,[federated.0qiz8oi1sb3cd813zi06q01yhyh5].[none:BTN Mostrar Gráficos Caracteristicas (copy)_54254335857942529:nk],categorical,"{""class"": ""categorical"", ""column"": ""[federated.0qiz8oi1sb3cd813zi06q01yhyh5].[none:BTN Mostrar Gráficos Caracteristicas (copy)_54254335857942529:nk]""}","[{""function"": ""member"", ""level"": ""[none:BTN Mostrar Gráficos Caracteristicas (copy)_54254335857942529:nk]"", ""member"": ""true"", ""{http://www.tableausoftware.com/xml/user}ui-domain"": ""relevant"", ""{http://www.tableausoftware.com/xml/user}ui-enumeration"": ""inclusive"", ""{http://www.tableausoftware.com/xml/user}ui-marker"": ""enumerate""}]"
2_1aTasasdepobreza,DHBEvolucinTemporal,2.1a Tasas de pobreza.twb,Cruces Relevantes - Aperturas y Grupos - Barras,[federated.0qiz8oi1sb3cd813zi06q01yhyh5].[none:Calculation_334673811823804420:nk],categorical,"{""class"": ""categorical"", ""column"": ""[federated.0qiz8oi1sb3cd813zi06q01yhyh5].[none:Calculation_334673811823804420:nk]"", ""filter-group"": ""27""}","[{""function"": ""member"", ""level"": ""[none:Calculation_334673811823804420:nk]"", ""member"": ""true"", ""{http://www.tableausoftware.com/xml/user}ui-domain"": ""relevant"", ""{http://www.tableausoftware.com/xml/user}ui-enumeration"": ""inclusive"", ""{http://www.tableausoftware.com/xml/user}ui-marker"": ""enumerate""}]"
2_1aTasasdepobreza,DHBEvolucinTemporal,2.1a Tasas de pobreza.twb,Cruces Relevantes - Aperturas y Grupos - Barras,[federated.0qiz8oi1sb3cd813zi06q01yhyh5].[none:Calculation_334673811825987589:nk],categorical,"{""class"": ""categorical"", ""column"": ""[federated.0qiz8oi1sb3cd813zi06q01yhyh5].[none:Calculation_334673811825987589:nk]""}","[{""function"": ""member"", ""level"": ""[none:Calculation_334673811825987589:nk]"", ""member"": ""true"", ""{http://www.tableausoftware.com/xml/user}ui-domain"": ""relevant"", ""{http://www.tableausoftware.com/xml/user}ui-enumeration"": ""inclusive"", ""{http://www.tableausoftware.com/xml/user}ui-marker"": ""enumerate""}]"
2_1aTasasdepobreza,DHBEvolucinTemporal,2.1a Tasas de pobreza.twb,Cruces Relevantes - Aperturas y Grupos - Barras,[federated.0qiz8oi1sb3cd813zi06q01yhyh5].[none:Calculation_5425289489148153872:nk],categorical,"{""class"": ""categorical"", ""column"": ""[federated.0qiz8oi1sb3cd813zi06q01yhyh5].[none:Calculation_5425289489148153872:nk]""}","[{""function"": ""member"", ""level"": ""[none:Calculation_5425289489148153872:nk]"", ""member"": ""true"", ""{http://www.tableausoftware.com/xml/user}ui-domain"": ""relevant"", ""{http://www.tableausoftware.com/xml/user}ui-enumeration"": ""inclusive"", ""{http://www.tableausoftware.com/xml/user}ui-marker"": ""enumerate""}]"
2_1aTasasdepobreza,DHBEvolucinTemporal,2.1a Tasas de pobreza.twb,Cruces Relevantes - Aperturas y Grupos - Barras,[federated.0qiz8oi1sb3cd813zi06q01yhyh5].[none:INDICADOR_NOMBRE (Indicadores):nk],categorical,"{""class"": ""categorical"", ""column"": ""[federated.0qiz8oi1sb3cd813zi06q01yhyh5].[none:INDICADOR_NOMBRE (Indicadores):nk]"", ""filter-group"": ""3""}","[{""function"": ""level-members"", ""level"": ""[none:INDICADOR_NOMBRE (Indicadores):nk]"", ""{http://www.tableausoftware.com/xml/user}ui-enumeration"": ""all"", ""{http://www.tableausoftware.com/xml/user}ui-marker"": ""enumerate""}]"
2_1aTasasdepobreza,DHBEvolucinTemporal,2.1a Tasas de pobreza.twb,Cruces Relevantes - Aperturas y Grupos - Barras,[federated.0qiz8oi1sb3cd813zi06q01yhyh5].[none:UNIDAD_GEOGRAFICA_NOMBRE:nk],categorical,"{""class"": ""categorical"", ""column"": ""[federated.0qiz8oi1sb3cd813zi06q01yhyh5].[none:UNIDAD_GEOGRAFICA_NOMBRE:nk]"", ""filter-group"": ""23""}","[{""function"": ""level-members"", ""level"": ""[none:UNIDAD_GEOGRAFICA_NOMBRE:nk]"", ""{http://www.tableausoftware.com/xml/user}ui-enumeration"": ""all"", ""{http://www.tableausoftware.com/xml/user}ui-marker"": ""enumerate""}]"
2_1aTasasdepobreza,DHBEvolucinTemporal,2.1a Tasas de pobreza.twb,Cruces Relevantes - Aperturas y Grupos - Barras,[federated.0qiz8oi1sb3cd813zi06q01yhyh5].[none:Visualizar Desagregaciones (copia)_541839333440749569:qk],quantitative,"{""class"": ""quantitative"", ""column"": ""[federated.0qiz8oi1sb3cd813zi06q01yhyh5].[none:Visualizar Desagregaciones (copia)_541839333440749569:qk]"", ""included-values"": ""in-range-or-null""}",[]
2_1aTasasdepobreza,DHBEvolucinTemporal,2.1a Tasas de pobreza.twb,Cruces Relevantes - Aperturas y Grupos - Tabla,[federated.0qiz8oi1sb3cd813zi06q01yhyh5].[DATOS_APERTURAS_1],categorical,"{""class"": ""categorical"", ""column"": ""[federated.0qiz8oi1sb3cd813zi06q01yhyh5].[DATOS_APERTURAS_1]"", ""filter-group"": ""14""}","[{""function"": ""level-members"", ""level"": ""[TIPO_DE_DATO]"", ""{http://www.tableausoftware.com/xml/user}ui-enumeration"": ""all"", ""{http://www.tableausoftware.com/xml/user}ui-marker"": ""enumerate""}]"
2_1aTasasdepobreza,DHBEvolucinTemporal,2.1a Tasas de pobreza.twb,Cruces Relevantes - Aperturas y Grupos - Tabla,[federated.0qiz8oi1sb3cd813zi06q01yhyh5].[none:ANIO:ok],categorical,"{""class"": ""categorical"", ""column"": ""[federated.0qiz8oi1sb3cd813zi06q01yhyh5].[none:ANIO:ok]"", ""filter-group"": ""5""}","[{""function"": ""level-members"", ""level"": ""[none:ANIO:ok]"", ""{http://www.tableausoftware.com/xml/user}ui-enumeration"": ""all"", ""{http://www.tableausoftware.com/xml/user}ui-marker"": ""enumerate""}]"
2_1aTasasdepobreza,DHBEvolucinTemporal,2.1a Tasas de pobreza.twb,Cruces Relevantes - Aperturas y Grupos - Tabla,[federated.0qiz8oi1sb3cd813zi06q01yhyh5].[none:APERTURA_DESCRIPCION:nk],categorical,"{""class"": ""categorical"", ""column"": ""[federated.0qiz8oi1sb3cd813zi06q01yhyh5].[none:APERTURA_DESCRIPCION:nk]"", ""filter-group"": ""15""}","[{""function"": ""level-members"", ""level"": ""[none:APERTURA_DESCRIPCION:nk]"", ""{http://www.tableausoftware.com/xml/user}ui-enumeration"": ""all"", ""{http://www.tableausoftware.com/xml/user}ui-marker"": ""enumerate""}]"
2_1aTasasdepobreza,DHBEvolucinTemporal,2.1a Tasas de pobreza.twb,Cruces Relevantes - Aperturas y Grupos - Tabla,[federated.0qiz8oi1sb3cd813zi06q01yhyh5].[none:BTN Mostrar Gráficos Caracteristicas (copy)_54254335857942529:nk],categorical,"{""class"": ""categorical"", ""column"": ""[federated.0qiz8oi1sb3cd813zi06q01yhyh5].[none:BTN Mostrar Gráficos Caracteristicas (copy)_54254335857942529:nk]""}","[{""function"": ""member"", ""level"": ""[none:BTN Mostrar Gráficos Caracteristicas (copy)_54254335857942529:nk]"", ""member"": ""true"", ""{http://www.tableausoftware.com/xml/user}ui-domain"": ""relevant"", ""{http://www.tableausoftware.com/xml/user}ui-enumeration"": ""inclusive"", ""{http://www.tableausoftware.com/xml/user}ui-marker"": ""enumerate""}]"
2_1aTasasdepobreza,DHBEvolucinTemporal,2.1a Tasas de pobreza.twb,Cruces Relevantes - Aperturas y Grupos - Tabla,[federated.0qiz8oi1sb3cd813zi06q01yhyh5].[none:Calculation_334673811823804420:nk],categorical,"{""class"": ""categorical"", ""column"": ""[federated.0qiz8oi1sb3cd813zi06q01yhyh5].[none:Calculation_334673811823804420:nk]"", ""filter-group"": ""27""}","[{""function"": ""member"", ""level"": ""[none:Calculation_334673811823804420:nk]"", ""member"": ""true"", ""{http://www.tableausoftware.com/xml/user}ui-domain"": ""relevant"", ""{http://www.tableausoftware.com/xml/user}ui-enumeration"": ""inclusive"", ""{http://www.tableausoftware.com/xml/user}ui-marker"": ""enumerate""}]"
2_1aTasasdepobreza,DHBEvolucinTemporal,2.1a Tasas de pobreza.twb,Cruces Relevantes - Aperturas y Grupos - Tabla,[federated.0qiz8oi1sb3cd813zi06q01yhyh5].[none:Calculation_334673811825987589:nk],categorical,"{""class"": ""categorical"", ""column"": ""[federated.0qiz8oi1sb3cd813zi06q01yhyh5].[none:Calculation_334673811825987589:nk]""}","[{""function"": ""member"", ""level"": ""[none:Calculation_334673811825987589:nk]"", ""member"": ""true"", ""{http://www.tableausoftware.com/xml/user}ui-domain"": ""relevant"", ""{http://www.tableausoftware.com/xml/user}ui-enumeration"": ""inclusive"", ""{http://www.tableausoftware.com/xml/user}ui-marker"": ""enumerate""}]"
2_1aTasasdepobreza,DHBEvolucinTemporal,2.1a Tasas de pobreza.twb,Cruces Relevantes - Aperturas y Grupos - Tabla,[federated.0qiz8oi1sb3cd813zi06q01yhyh5].[none:Calculation_5425289489148153872:nk],categorical,"{""class"": ""categorical"", ""column"": ""[federated.0qiz8oi1sb3cd813zi06q01yhyh5].[none:Calculation_5425289489148153872:nk]""}","[{""function"": ""member"", ""level"": ""[none:Calculation_5425289489148153872:nk]"", ""member"": ""true"", ""{http://www.tableausoftware.com/xml/user}ui-domain"": ""relevant"", ""{http://www.tableausoftware.com/xml/user}ui-enumeration"": ""inclusive"", ""{http://www.tableausoftware.com/xml/user}ui-marker"": ""enumerate""}]"
2_1aTasasdepobreza,DHBEvolucinTemporal,2.1a Tasas de pobreza.twb,Cruces Relevantes - Aperturas y Grupos - Tabla,[federated.0qiz8oi1sb3cd813zi06q01yhyh5].[none:INDICADOR_NOMBRE (Indicadores):nk],categorical,"{""class"": ""categorical"", ""column"": ""[federated.0qiz8oi1sb3cd813zi06q01yhyh5].[none:INDICADOR_NOMBRE (Indicadores):nk]"", ""filter-group"": ""3""}","[{""function"": ""level-members"", ""level"": ""[none:INDICADOR_NOMBRE (Indicadores):nk]"", ""{http://www.tableausoftware.com/xml/user}ui-enumeration"": ""all"", ""{http://www.tableausoftware.com/xml/user}ui-marker"": ""enumerate""}]"
2_1aTasasdepobreza,DHBEvolucinTemporal,2.1a Tasas de pobreza.twb,Cruces Relevantes - Aperturas y Grupos - Tabla,[federated.0qiz8oi1sb3cd813zi06q01yhyh5].[none:UNIDAD_GEOGRAFICA_NOMBRE:nk],categorical,"{""class"": ""categorical"", ""column"": ""[federated.0qiz8oi1sb3cd813zi06q01yhyh5].[none:UNIDAD_GEOGRAFICA_NOMBRE:nk]"", ""filter-group"": ""23""}","[{""function"": ""level-members"", ""level"": ""[none:UNIDAD_GEOGRAFICA_NOMBRE:nk]"", ""{http://www.tableausoftware.com/xml/user}ui-enumeration"": ""all"", ""{http://www.tableausoftware.com/xml/user}ui-marker"": ""enumerate""}]"
2_1aTasasdepobreza,DHBEvolucinTemporal,2.1a Tasas de pobreza.twb,Cruces Relevantes - Aperturas y Grupos - Tabla,[federated.0qiz8oi1sb3cd813zi06q01yhyh5].[none:Visualizar Desagregaciones Barra (copia)_541839333440913410:qk],quantitative,"{""class"": ""quantitative"", ""column"": ""[federated.0qiz8oi1sb3cd813zi06q01yhyh5].[none:Visualizar Desagregaciones Barra (copia)_541839333440913410:qk]"", ""included-values"": ""in-range-or-null""}",[]
2_1aTasasdepobreza,DHBEvolucinTemporal,2.1a Tasas de pobreza.twb,Cruces Relevantes - BTN,"[federated.0qiz8oi1sb3cd813zi06q01yhyh5].[Action (BTN Limpiar filtros,SELECCIONE)]",categorical,"{""class"": ""categorical"", ""column"": ""[federated.0qiz8oi1sb3cd813zi06q01yhyh5].[Action (BTN Limpiar filtros,SELECCIONE)]""}","[{""function"": ""crossjoin"", ""{http://www.tableausoftware.com/xml/user}ui-action-filter"": ""[Action88_A2306F1AF23E4F9CAD37CD015AD97FBE]"", ""{http://www.tableausoftware.com/xml/user}ui-domain"": ""database"", ""{http://www.tableausoftware.com/xml/user}ui-enumeration"": ""inclusive"", ""{http://www.tableausoftware.com/xml/user}ui-marker"": ""enumerate""}, {""function"": ""member"", ""level"": ""[BTN Distribuciones (copy)_4723009404404842516]"", ""member"": ""\""Limpiar filtros\""""}, {""function"": ""member"", ""level"": ""[Calculation_4723009402545549324]"", ""member"": ""\""Seleccione\""""}]"
2_1aTasasdepobreza,DHBEvolucinTemporal,2.1a Tasas de pobreza.twb,Cruces Relevantes - BTN,[federated.0qiz8oi1sb3cd813zi06q01yhyh5].[DATOS_APERTURAS_1],categorical,"{""class"": ""categorical"", ""column"": ""[federated.0qiz8oi1sb3cd813zi06q01yhyh5].[DATOS_APERTURAS_1]"", ""filter-group"": ""14""}","[{""function"": ""level-members"", ""level"": ""[TIPO_DE_DATO]"", ""{http://www.tableausoftware.com/xml/user}ui-enumeration"": ""all"", ""{http://www.tableausoftware.com/xml/user}ui-marker"": ""enumerate""}]"
2_1aTasasdepobreza,DHBEvolucinTemporal,2.1a Tasas de pobreza.twb,Cruces Relevantes - BTN,[federated.0qiz8oi1sb3cd813zi06q01yhyh5].[none:Calculation_334673811823804420:nk],categorical,"{""class"": ""categorical"", ""column"": ""[federated.0qiz8oi1sb3cd813zi06q01yhyh5].[none:Calculation_334673811823804420:nk]"", ""filter-group"": ""27""}","[{""function"": ""member"", ""level"": ""[none:Calculation_334673811823804420:nk]"", ""member"": ""true"", ""{http://www.tableausoftware.com/xml/user}ui-domain"": ""relevant"", ""{http://www.tableausoftware.com/xml/user}ui-enumeration"": ""inclusive"", ""{http://www.tableausoftware.com/xml/user}ui-marker"": ""enumerate""}]"
2_1aTasasdepobreza,DHBEvolucinTemporal,2.1a Tasas de pobreza.twb,Cruces Relevantes - BTN Mostrar Gráficos,[federated.0qiz8oi1sb3cd813zi06q01yhyh5].[none:BTN Mostrar Gráficos Caracteristicas (copy)_54254335857942529:nk],categorical,"{""class"": ""categorical"", ""column"": ""[federated.0qiz8oi1sb3cd813zi06q01yhyh5].[none:BTN Mostrar Gráficos Caracteristicas (copy)_54254335857942529:nk]""}","[{""function"": ""member"", ""level"": ""[none:BTN Mostrar Gráficos Caracteristicas (copy)_54254335857942529:nk]"", ""member"": ""false"", ""{http://www.tableausoftware.com/xml/user}ui-domain"": ""relevant"", ""{http://www.tableausoftware.com/xml/user}ui-enumeration"": ""inclusive"", ""{http://www.tableausoftware.com/xml/user}ui-marker"": ""enumerate""}]"
2_1aTasasdepobreza,DHBEvolucinTemporal,2.1a Tasas de pobreza.twb,Cruces Relevantes - Datos Indicador,[federated.0qiz8oi1sb3cd813zi06q01yhyh5].[DATOS_APERTURAS_1],categorical,"{""class"": ""categorical"", ""column"": ""[federated.0qiz8oi1sb3cd813zi06q01yhyh5].[DATOS_APERTURAS_1]"", ""filter-group"": ""14""}","[{""function"": ""level-members"", ""level"": ""[TIPO_DE_DATO]"", ""{http://www.tableausoftware.com/xml/user}ui-enumeration"": ""all"", ""{http://www.tableausoftware.com/xml/user}ui-marker"": ""enumerate""}]"
2_1aTasasdepobreza,DHBEvolucinTemporal,2.1a Tasas de pobreza.twb,Cruces Relevantes - Datos Indicador,[federated.0qiz8oi1sb3cd813zi06q01yhyh5].[none:ANIO:ok],categorical,"{""class"": ""categorical"", ""column"": ""[federated.0qiz8oi1sb3cd813zi06q01yhyh5].[none:ANIO:ok]"", ""filter-group"": ""5""}","[{""function"": ""level-members"", ""level"": ""[none:ANIO:ok]"", ""{http://www.tableausoftware.com/xml/user}ui-enumeration"": ""all"", ""{http://www.tableausoftware.com/xml/user}ui-marker"": ""enumerate""}]"
2_1aTasasdepobreza,DHBEvolucinTemporal,2.1a Tasas de pobreza.twb,Cruces Relevantes - Datos Indicador,[federated.0qiz8oi1sb3cd813zi06q01yhyh5].[none:APERTURA_DESCRIPCION:nk],categorical,"{""class"": ""categorical"", ""column"": ""[federated.0qiz8oi1sb3cd813zi06q01yhyh5].[none:APERTURA_DESCRIPCION:nk]"", ""filter-group"": ""15""}","[{""function"": ""level-members"", ""level"": ""[none:APERTURA_DESCRIPCION:nk]"", ""{http://www.tableausoftware.com/xml/user}ui-enumeration"": ""all"", ""{http://www.tableausoftware.com/xml/user}ui-marker"": ""enumerate""}]"
2_1aTasasdepobreza,DHBEvolucinTemporal,2.1a Tasas de pobreza.twb,Cruces Relevantes - Datos Indicador,[federated.0qiz8oi1sb3cd813zi06q01yhyh5].[none:Calculation_334673811823804420:nk],categorical,"{""class"": ""categorical"", ""column"": ""[federated.0qiz8oi1sb3cd813zi06q01yhyh5].[none:Calculation_334673811823804420:nk]"", ""filter-group"": ""27""}","[{""function"": ""member"", ""level"": ""[none:Calculation_334673811823804420:nk]"", ""member"": ""true"", ""{http://www.tableausoftware.com/xml/user}ui-domain"": ""relevant"", ""{http://www.tableausoftware.com/xml/user}ui-enumeration"": ""inclusive"", ""{http://www.tableausoftware.com/xml/user}ui-marker"": ""enumerate""}]"
2_1aTasasdepobreza,DHBEvolucinTemporal,2.1a Tasas de pobreza.twb,Cruces Relevantes - Datos Indicador,[federated.0qiz8oi1sb3cd813zi06q01yhyh5].[none:Calculation_334673811825987589:nk],categorical,"{""class"": ""categorical"", ""column"": ""[federated.0qiz8oi1sb3cd813zi06q01yhyh5].[none:Calculation_334673811825987589:nk]""}","[{""function"": ""member"", ""level"": ""[none:Calculation_334673811825987589:nk]"", ""member"": ""true"", ""{http://www.tableausoftware.com/xml/user}ui-domain"": ""relevant"", ""{http://www.tableausoftware.com/xml/user}ui-enumeration"": ""inclusive"", ""{http://www.tableausoftware.com/xml/user}ui-marker"": ""enumerate""}]"
2_1aTasasdepobreza,DHBEvolucinTemporal,2.1a Tasas de pobreza.twb,Cruces Relevantes - Datos Indicador,[federated.0qiz8oi1sb3cd813zi06q01yhyh5].[none:INDICADOR_NOMBRE (Indicadores):nk],categorical,"{""class"": ""categorical"", ""column"": ""[federated.0qiz8oi1sb3cd813zi06q01yhyh5].[none:INDICADOR_NOMBRE (Indicadores):nk]"", ""filter-group"": ""3""}","[{""function"": ""level-members"", ""level"": ""[none:INDICADOR_NOMBRE (Indicadores):nk]"", ""{http://www.tableausoftware.com/xml/user}ui-enumeration"": ""all"", ""{http://www.tableausoftware.com/xml/user}ui-marker"": ""enumerate""}]"
2_1aTasasdepobreza,DHBEvolucinTemporal,2.1a Tasas de pobreza.twb,Cruces Relevantes - Datos Indicador,[federated.0qiz8oi1sb3cd813zi06q01yhyh5].[none:UNIDAD_GEOGRAFICA_NOMBRE:nk],categorical,"{""class"": ""categorical"", ""column"": ""[federated.0qiz8oi1sb3cd813zi06q01yhyh5].[none:UNIDAD_GEOGRAFICA_NOMBRE:nk]"", ""filter-group"": ""23""}","[{""function"": ""level-members"", ""level"": ""[none:UNIDAD_GEOGRAFICA_NOMBRE:nk]"", ""{http://www.tableausoftware.com/xml/user}ui-enumeration"": ""all"", ""{http://www.tableausoftware.com/xml/user}ui-marker"": ""enumerate""}]"
2_1aTasasdepobreza,DHBEvolucinTemporal,2.1a Tasas de pobreza.twb,Cruces Relevantes - Filtro,[federated.0qiz8oi1sb3cd813zi06q01yhyh5].[DATOS_APERTURAS_1],categorical,"{""class"": ""categorical"", ""column"": ""[federated.0qiz8oi1sb3cd813zi06q01yhyh5].[DATOS_APERTURAS_1]"", ""filter-group"": ""14""}","[{""function"": ""level-members"", ""level"": ""[TIPO_DE_DATO]"", ""{http://www.tableausoftware.com/xml/user}ui-enumeration"": ""all"", ""{http://www.tableausoftware.com/xml/user}ui-marker"": ""enumerate""}]"
2_1aTasasdepobreza,DHBEvolucinTemporal,2.1a Tasas de pobreza.twb,Cruces Relevantes - Filtro,[federated.0qiz8oi1sb3cd813zi06q01yhyh5].[none:ANIO:ok],categorical,"{""class"": ""categorical"", ""column"": ""[federated.0qiz8oi1sb3cd813zi06q01yhyh5].[none:ANIO:ok]"", ""filter-group"": ""5""}","[{""function"": ""level-members"", ""level"": ""[none:ANIO:ok]"", ""{http://www.tableausoftware.com/xml/user}ui-enumeration"": ""all"", ""{http://www.tableausoftware.com/xml/user}ui-marker"": ""enumerate""}]"
2_1aTasasdepobreza,DHBEvolucinTemporal,2.1a Tasas de pobreza.twb,Cruces Relevantes - Filtro,[federated.0qiz8oi1sb3cd813zi06q01yhyh5].[none:APERTURA_DESCRIPCION:nk],categorical,"{""class"": ""categorical"", ""column"": ""[federated.0qiz8oi1sb3cd813zi06q01yhyh5].[none:APERTURA_DESCRIPCION:nk]"", ""filter-group"": ""15""}","[{""function"": ""level-members"", ""level"": ""[none:APERTURA_DESCRIPCION:nk]"", ""{http://www.tableausoftware.com/xml/user}ui-enumeration"": ""all"", ""{http://www.tableausoftware.com/xml/user}ui-marker"": ""enumerate""}]"
2_1aTasasdepobreza,DHBEvolucinTemporal,2.1a Tasas de pobreza.twb,Cruces Relevantes - Filtro,[federated.0qiz8oi1sb3cd813zi06q01yhyh5].[none:Calculation_334673811823804420:nk],categorical,"{""class"": ""categorical"", ""column"": ""[federated.0qiz8oi1sb3cd813zi06q01yhyh5].[none:Calculation_334673811823804420:nk]"", ""filter-group"": ""27""}","[{""function"": ""member"", ""level"": ""[none:Calculation_334673811823804420:nk]"", ""member"": ""true"", ""{http://www.tableausoftware.com/xml/user}ui-domain"": ""relevant"", ""{http://www.tableausoftware.com/xml/user}ui-enumeration"": ""inclusive"", ""{http://www.tableausoftware.com/xml/user}ui-marker"": ""enumerate""}]"
2_1aTasasdepobreza,DHBEvolucinTemporal,2.1a Tasas de pobreza.twb,Cruces Relevantes - Filtro,[federated.0qiz8oi1sb3cd813zi06q01yhyh5].[none:Calculation_334673811825987589:nk],categorical,"{""class"": ""categorical"", ""column"": ""[federated.0qiz8oi1sb3cd813zi06q01yhyh5].[none:Calculation_334673811825987589:nk]""}","[{""function"": ""member"", ""level"": ""[none:Calculation_334673811825987589:nk]"", ""member"": ""true"", ""{http://www.tableausoftware.com/xml/user}ui-domain"": ""relevant"", ""{http://www.tableausoftware.com/xml/user}ui-enumeration"": ""inclusive"", ""{http://www.tableausoftware.com/xml/user}ui-marker"": ""enumerate""}]"
2_1aTasasdepobreza,DHBEvolucinTemporal,2.1a Tasas de pobreza.twb,Cruces Relevantes - Filtro,[federated.0qiz8oi1sb3cd813zi06q01yhyh5].[none:INDICADOR_NOMBRE (Indicadores):nk],categorical,"{""class"": ""categorical"", ""column"": ""[federated.0qiz8oi1sb3cd813zi06q01yhyh5].[none:INDICADOR_NOMBRE (Indicadores):nk]"", ""filter-group"": ""3""}","[{""function"": ""level-members"", ""level"": ""[none:INDICADOR_NOMBRE (Indicadores):nk]"", ""{http://www.tableausoftware.com/xml/user}ui-enumeration"": ""all"", ""{http://www.tableausoftware.com/xml/user}ui-marker"": ""enumerate""}]"
2_1aTasasdepobreza,DHBEvolucinTemporal,2.1a Tasas de pobreza.twb,Cruces Relevantes - Filtro,[federated.0qiz8oi1sb3cd813zi06q01yhyh5].[none:UNIDAD_GEOGRAFICA_NOMBRE:nk],categorical,"{""class"": ""categorical"", ""column"": ""[federated.0qiz8oi1sb3cd813zi06q01yhyh5].[none:UNIDAD_GEOGRAFICA_NOMBRE:nk]"", ""filter-group"": ""23""}","[{""function"": ""level-members"", ""level"": ""[none:UNIDAD_GEOGRAFICA_NOMBRE:nk]"", ""{http://www.tableausoftware.com/xml/user}ui-enumeration"": ""all"", ""{http://www.tableausoftware.com/xml/user}ui-marker"": ""enumerate""}]"
2_1aTasasdepobreza,DHBEvolucinTemporal,2.1a Tasas de pobreza.twb,Cruces Relevantes - Filtro Inidicador,[federated.0qiz8oi1sb3cd813zi06q01yhyh5].[DATOS_APERTURAS_1],categorical,"{""class"": ""categorical"", ""column"": ""[federated.0qiz8oi1sb3cd813zi06q01yhyh5].[DATOS_APERTURAS_1]"", ""filter-group"": ""14""}","[{""function"": ""level-members"", ""level"": ""[TIPO_DE_DATO]"", ""{http://www.tableausoftware.com/xml/user}ui-enumeration"": ""all"", ""{http://www.tableausoftware.com/xml/user}ui-marker"": ""enumerate""}]"
2_1aTasasdepobreza,DHBEvolucinTemporal,2.1a Tasas de pobreza.twb,Cruces Relevantes - Filtro Inidicador,[federated.0qiz8oi1sb3cd813zi06q01yhyh5].[none:ANIO:ok],categorical,"{""class"": ""categorical"", ""column"": ""[federated.0qiz8oi1sb3cd813zi06q01yhyh5].[none:ANIO:ok]"", ""filter-group"": ""5""}","[{""function"": ""level-members"", ""level"": ""[none:ANIO:ok]"", ""{http://www.tableausoftware.com/xml/user}ui-enumeration"": ""all"", ""{http://www.tableausoftware.com/xml/user}ui-marker"": ""enumerate""}]"
2_1aTasasdepobreza,DHBEvolucinTemporal,2.1a Tasas de pobreza.twb,Cruces Relevantes - Filtro Inidicador,[federated.0qiz8oi1sb3cd813zi06q01yhyh5].[none:APERTURA_DESCRIPCION:nk],categorical,"{""class"": ""categorical"", ""column"": ""[federated.0qiz8oi1sb3cd813zi06q01yhyh5].[none:APERTURA_DESCRIPCION:nk]"", ""filter-group"": ""15""}","[{""function"": ""level-members"", ""level"": ""[none:APERTURA_DESCRIPCION:nk]"", ""{http://www.tableausoftware.com/xml/user}ui-enumeration"": ""all"", ""{http://www.tableausoftware.com/xml/user}ui-marker"": ""enumerate""}]"
2_1aTasasdepobreza,DHBEvolucinTemporal,2.1a Tasas de pobreza.twb,Cruces Relevantes - Filtro Inidicador,[federated.0qiz8oi1sb3cd813zi06q01yhyh5].[none:Calculation_334673811823804420:nk],categorical,"{""class"": ""categorical"", ""column"": ""[federated.0qiz8oi1sb3cd813zi06q01yhyh5].[none:Calculation_334673811823804420:nk]"", ""filter-group"": ""27""}","[{""function"": ""member"", ""level"": ""[none:Calculation_334673811823804420:nk]"", ""member"": ""true"", ""{http://www.tableausoftware.com/xml/user}ui-domain"": ""relevant"", ""{http://www.tableausoftware.com/xml/user}ui-enumeration"": ""inclusive"", ""{http://www.tableausoftware.com/xml/user}ui-marker"": ""enumerate""}]"
2_1aTasasdepobreza,DHBEvolucinTemporal,2.1a Tasas de pobreza.twb,Cruces Relevantes - Filtro Inidicador,[federated.0qiz8oi1sb3cd813zi06q01yhyh5].[none:INDICADOR_NOMBRE (Indicadores):nk],categorical,"{""class"": ""categorical"", ""column"": ""[federated.0qiz8oi1sb3cd813zi06q01yhyh5].[none:INDICADOR_NOMBRE (Indicadores):nk]"", ""filter-group"": ""3""}","[{""function"": ""level-members"", ""level"": ""[none:INDICADOR_NOMBRE (Indicadores):nk]"", ""{http://www.tableausoftware.com/xml/user}ui-enumeration"": ""all"", ""{http://www.tableausoftware.com/xml/user}ui-marker"": ""enumerate""}]"
2_1aTasasdepobreza,DHBEvolucinTemporal,2.1a Tasas de pobreza.twb,Cruces Relevantes - Filtro Inidicador,[federated.0qiz8oi1sb3cd813zi06q01yhyh5].[none:UNIDAD_GEOGRAFICA_NOMBRE:nk],categorical,"{""class"": ""categorical"", ""column"": ""[federated.0qiz8oi1sb3cd813zi06q01yhyh5].[none:UNIDAD_GEOGRAFICA_NOMBRE:nk]"", ""filter-group"": ""23""}","[{""function"": ""level-members"", ""level"": ""[none:UNIDAD_GEOGRAFICA_NOMBRE:nk]"", ""{http://www.tableausoftware.com/xml/user}ui-enumeration"": ""all"", ""{http://www.tableausoftware.com/xml/user}ui-marker"": ""enumerate""}]"
2_1aTasasdepobreza,DHBEvolucinTemporal,2.1a Tasas de pobreza.twb,Cruces Relevantes - Titulo,[federated.0qiz8oi1sb3cd813zi06q01yhyh5].[DATOS_APERTURAS_1],categorical,"{""class"": ""categorical"", ""column"": ""[federated.0qiz8oi1sb3cd813zi06q01yhyh5].[DATOS_APERTURAS_1]"", ""filter-group"": ""14""}","[{""function"": ""level-members"", ""level"": ""[TIPO_DE_DATO]"", ""{http://www.tableausoftware.com/xml/user}ui-enumeration"": ""all"", ""{http://www.tableausoftware.com/xml/user}ui-marker"": ""enumerate""}]"
2_1aTasasdepobreza,DHBEvolucinTemporal,2.1a Tasas de pobreza.twb,Cruces Relevantes - Titulo,[federated.0qiz8oi1sb3cd813zi06q01yhyh5].[none:ANIO:ok],categorical,"{""class"": ""categorical"", ""column"": ""[federated.0qiz8oi1sb3cd813zi06q01yhyh5].[none:ANIO:ok]"", ""filter-group"": ""5""}","[{""function"": ""level-members"", ""level"": ""[none:ANIO:ok]"", ""{http://www.tableausoftware.com/xml/user}ui-enumeration"": ""all"", ""{http://www.tableausoftware.com/xml/user}ui-marker"": ""enumerate""}]"
2_1aTasasdepobreza,DHBEvolucinTemporal,2.1a Tasas de pobreza.twb,Cruces Relevantes - Titulo,[federated.0qiz8oi1sb3cd813zi06q01yhyh5].[none:APERTURA_DESCRIPCION:nk],categorical,"{""class"": ""categorical"", ""column"": ""[federated.0qiz8oi1sb3cd813zi06q01yhyh5].[none:APERTURA_DESCRIPCION:nk]"", ""filter-group"": ""15""}","[{""function"": ""level-members"", ""level"": ""[none:APERTURA_DESCRIPCION:nk]"", ""{http://www.tableausoftware.com/xml/user}ui-enumeration"": ""all"", ""{http://www.tableausoftware.com/xml/user}ui-marker"": ""enumerate""}]"
2_1aTasasdepobreza,DHBEvolucinTemporal,2.1a Tasas de pobreza.twb,Cruces Relevantes - Titulo,[federated.0qiz8oi1sb3cd813zi06q01yhyh5].[none:BTN Mostrar Gráficos Caracteristicas (copy)_54254335857942529:nk],categorical,"{""class"": ""categorical"", ""column"": ""[federated.0qiz8oi1sb3cd813zi06q01yhyh5].[none:BTN Mostrar Gráficos Caracteristicas (copy)_54254335857942529:nk]""}","[{""function"": ""member"", ""level"": ""[none:BTN Mostrar Gráficos Caracteristicas (copy)_54254335857942529:nk]"", ""member"": ""true"", ""{http://www.tableausoftware.com/xml/user}ui-domain"": ""relevant"", ""{http://www.tableausoftware.com/xml/user}ui-enumeration"": ""inclusive"", ""{http://www.tableausoftware.com/xml/user}ui-marker"": ""enumerate""}]"
2_1aTasasdepobreza,DHBEvolucinTemporal,2.1a Tasas de pobreza.twb,Cruces Relevantes - Titulo,[federated.0qiz8oi1sb3cd813zi06q01yhyh5].[none:Calculation_334673811823804420:nk],categorical,"{""class"": ""categorical"", ""column"": ""[federated.0qiz8oi1sb3cd813zi06q01yhyh5].[none:Calculation_334673811823804420:nk]"", ""filter-group"": ""27""}","[{""function"": ""member"", ""level"": ""[none:Calculation_334673811823804420:nk]"", ""member"": ""true"", ""{http://www.tableausoftware.com/xml/user}ui-domain"": ""relevant"", ""{http://www.tableausoftware.com/xml/user}ui-enumeration"": ""inclusive"", ""{http://www.tableausoftware.com/xml/user}ui-marker"": ""enumerate""}]"
2_1aTasasdepobreza,DHBEvolucinTemporal,2.1a Tasas de pobreza.twb,Cruces Relevantes - Titulo,[federated.0qiz8oi1sb3cd813zi06q01yhyh5].[none:Calculation_334673811825987589:nk],categorical,"{""class"": ""categorical"", ""column"": ""[federated.0qiz8oi1sb3cd813zi06q01yhyh5].[none:Calculation_334673811825987589:nk]""}","[{""function"": ""member"", ""level"": ""[none:Calculation_334673811825987589:nk]"", ""member"": ""true"", ""{http://www.tableausoftware.com/xml/user}ui-domain"": ""relevant"", ""{http://www.tableausoftware.com/xml/user}ui-enumeration"": ""inclusive"", ""{http://www.tableausoftware.com/xml/user}ui-marker"": ""enumerate""}]"
2_1aTasasdepobreza,DHBEvolucinTemporal,2.1a Tasas de pobreza.twb,Cruces Relevantes - Titulo,[federated.0qiz8oi1sb3cd813zi06q01yhyh5].[none:INDICADOR_NOMBRE (Indicadores):nk],categorical,"{""class"": ""categorical"", ""column"": ""[federated.0qiz8oi1sb3cd813zi06q01yhyh5].[none:INDICADOR_NOMBRE (Indicadores):nk]"", ""filter-group"": ""3""}","[{""function"": ""level-members"", ""level"": ""[none:INDICADOR_NOMBRE (Indicadores):nk]"", ""{http://www.tableausoftware.com/xml/user}ui-enumeration"": ""all"", ""{http://www.tableausoftware.com/xml/user}ui-marker"": ""enumerate""}]"
2_1aTasasdepobreza,DHBEvolucinTemporal,2.1a Tasas de pobreza.twb,Cruces Relevantes - Titulo,[federated.0qiz8oi1sb3cd813zi06q01yhyh5].[none:UNIDAD_GEOGRAFICA_NOMBRE:nk],categorical,"{""class"": ""categorical"", ""column"": ""[federated.0qiz8oi1sb3cd813zi06q01yhyh5].[none:UNIDAD_GEOGRAFICA_NOMBRE:nk]"", ""filter-group"": ""23""}","[{""function"": ""level-members"", ""level"": ""[none:UNIDAD_GEOGRAFICA_NOMBRE:nk]"", ""{http://www.tableausoftware.com/xml/user}ui-enumeration"": ""all"", ""{http://www.tableausoftware.com/xml/user}ui-marker"": ""enumerate""}]"
2_1aTasasdepobreza,DHBEvolucinTemporal,2.1a Tasas de pobreza.twb,Distribución Territorial - BTN,"[federated.0qiz8oi1sb3cd813zi06q01yhyh5].[Action (BTN Limpiar filtros,SELECCIONE)]",categorical,"{""class"": ""categorical"", ""column"": ""[federated.0qiz8oi1sb3cd813zi06q01yhyh5].[Action (BTN Limpiar filtros,SELECCIONE)]""}","[{""function"": ""crossjoin"", ""{http://www.tableausoftware.com/xml/user}ui-action-filter"": ""[Action88_A2306F1AF23E4F9CAD37CD015AD97FBE]"", ""{http://www.tableausoftware.com/xml/user}ui-domain"": ""database"", ""{http://www.tableausoftware.com/xml/user}ui-enumeration"": ""inclusive"", ""{http://www.tableausoftware.com/xml/user}ui-marker"": ""enumerate""}, {""function"": ""member"", ""level"": ""[BTN Distribuciones (copy)_4723009404404842516]"", ""member"": ""\""Limpiar filtros\""""}, {""function"": ""member"", ""level"": ""[Calculation_4723009402545549324]"", ""member"": ""\""Seleccione\""""}]"
2_1aTasasdepobreza,DHBEvolucinTemporal,2.1a Tasas de pobreza.twb,Distribución Territorial - BTN,[federated.0qiz8oi1sb3cd813zi06q01yhyh5].[DATOS_MAPA],categorical,"{""class"": ""categorical"", ""column"": ""[federated.0qiz8oi1sb3cd813zi06q01yhyh5].[DATOS_MAPA]"", ""filter-group"": ""9""}",[]
2_1aTasasdepobreza,DHBEvolucinTemporal,2.1a Tasas de pobreza.twb,Distribución Territorial - BTN,[federated.0qiz8oi1sb3cd813zi06q01yhyh5].[none:Calculation_334673811823804420:nk],categorical,"{""class"": ""categorical"", ""column"": ""[federated.0qiz8oi1sb3cd813zi06q01yhyh5].[none:Calculation_334673811823804420:nk]"", ""filter-group"": ""27""}","[{""function"": ""member"", ""level"": ""[none:Calculation_334673811823804420:nk]"", ""member"": ""true"", ""{http://www.tableausoftware.com/xml/user}ui-domain"": ""relevant"", ""{http://www.tableausoftware.com/xml/user}ui-enumeration"": ""inclusive"", ""{http://www.tableausoftware.com/xml/user}ui-marker"": ""enumerate""}]"
2_1aTasasdepobreza,DHBEvolucinTemporal,2.1a Tasas de pobreza.twb,Distribución Territorial - BTN Mostrar Gráficos,[federated.0qiz8oi1sb3cd813zi06q01yhyh5].[none:BTN Mostrar Gráficos Cruces Relevantes (copy) (copy)_54254335887220741:nk],categorical,"{""class"": ""categorical"", ""column"": ""[federated.0qiz8oi1sb3cd813zi06q01yhyh5].[none:BTN Mostrar Gráficos Cruces Relevantes (copy) (copy)_54254335887220741:nk]""}","[{""function"": ""member"", ""level"": ""[none:BTN Mostrar Gráficos Cruces Relevantes (copy) (copy)_54254335887220741:nk]"", ""member"": ""false"", ""{http://www.tableausoftware.com/xml/user}ui-domain"": ""relevant"", ""{http://www.tableausoftware.com/xml/user}ui-enumeration"": ""inclusive"", ""{http://www.tableausoftware.com/xml/user}ui-marker"": ""enumerate""}]"
2_1aTasasdepobreza,DHBEvolucinTemporal,2.1a Tasas de pobreza.twb,Distribución Territorial - Departamental Tabla,[federated.0qiz8oi1sb3cd813zi06q01yhyh5].[DATOS_MAPA],categorical,"{""class"": ""categorical"", ""column"": ""[federated.0qiz8oi1sb3cd813zi06q01yhyh5].[DATOS_MAPA]"", ""filter-group"": ""9""}",[]
2_1aTasasdepobreza,DHBEvolucinTemporal,2.1a Tasas de pobreza.twb,Distribución Territorial - Departamental Tabla,[federated.0qiz8oi1sb3cd813zi06q01yhyh5].[none:ANIO:ok],categorical,"{""class"": ""categorical"", ""column"": ""[federated.0qiz8oi1sb3cd813zi06q01yhyh5].[none:ANIO:ok]"", ""filter-group"": ""4""}","[{""function"": ""level-members"", ""level"": ""[none:ANIO:ok]"", ""{http://www.tableausoftware.com/xml/user}ui-enumeration"": ""all"", ""{http://www.tableausoftware.com/xml/user}ui-marker"": ""enumerate""}]"
2_1aTasasdepobreza,DHBEvolucinTemporal,2.1a Tasas de pobreza.twb,Distribución Territorial - Departamental Tabla,[federated.0qiz8oi1sb3cd813zi06q01yhyh5].[none:BTN Mostrar Gráficos Cruces Relevantes (copy) (copy)_54254335887220741:nk],categorical,"{""class"": ""categorical"", ""column"": ""[federated.0qiz8oi1sb3cd813zi06q01yhyh5].[none:BTN Mostrar Gráficos Cruces Relevantes (copy) (copy)_54254335887220741:nk]"", ""filter-group"": ""19""}","[{""function"": ""member"", ""level"": ""[none:BTN Mostrar Gráficos Cruces Relevantes (copy) (copy)_54254335887220741:nk]"", ""member"": ""true"", ""{http://www.tableausoftware.com/xml/user}ui-domain"": ""relevant"", ""{http://www.tableausoftware.com/xml/user}ui-enumeration"": ""inclusive"", ""{http://www.tableausoftware.com/xml/user}ui-marker"": ""enumerate""}]"
2_1aTasasdepobreza,DHBEvolucinTemporal,2.1a Tasas de pobreza.twb,Distribución Territorial - Departamental Tabla,[federated.0qiz8oi1sb3cd813zi06q01yhyh5].[none:Calculation_334673811823804420:nk],categorical,"{""class"": ""categorical"", ""column"": ""[federated.0qiz8oi1sb3cd813zi06q01yhyh5].[none:Calculation_334673811823804420:nk]"", ""filter-group"": ""27""}","[{""function"": ""member"", ""level"": ""[none:Calculation_334673811823804420:nk]"", ""member"": ""true"", ""{http://www.tableausoftware.com/xml/user}ui-domain"": ""relevant"", ""{http://www.tableausoftware.com/xml/user}ui-enumeration"": ""inclusive"", ""{http://www.tableausoftware.com/xml/user}ui-marker"": ""enumerate""}]"
2_1aTasasdepobreza,DHBEvolucinTemporal,2.1a Tasas de pobreza.twb,Distribución Territorial - Departamental Tabla,[federated.0qiz8oi1sb3cd813zi06q01yhyh5].[none:Calculation_334673811825987589:nk],categorical,"{""class"": ""categorical"", ""column"": ""[federated.0qiz8oi1sb3cd813zi06q01yhyh5].[none:Calculation_334673811825987589:nk]""}","[{""function"": ""member"", ""level"": ""[none:Calculation_334673811825987589:nk]"", ""member"": ""true"", ""{http://www.tableausoftware.com/xml/user}ui-domain"": ""relevant"", ""{http://www.tableausoftware.com/xml/user}ui-enumeration"": ""inclusive"", ""{http://www.tableausoftware.com/xml/user}ui-marker"": ""enumerate""}]"
2_1aTasasdepobreza,DHBEvolucinTemporal,2.1a Tasas de pobreza.twb,Distribución Territorial - Departamental Tabla,[federated.0qiz8oi1sb3cd813zi06q01yhyh5].[none:INDICADOR_NOMBRE (Indicadores):nk],categorical,"{""class"": ""categorical"", ""column"": ""[federated.0qiz8oi1sb3cd813zi06q01yhyh5].[none:INDICADOR_NOMBRE (Indicadores):nk]"", ""filter-group"": ""10""}","[{""function"": ""level-members"", ""level"": ""[none:INDICADOR_NOMBRE (Indicadores):nk]"", ""{http://www.tableausoftware.com/xml/user}ui-enumeration"": ""all"", ""{http://www.tableausoftware.com/xml/user}ui-marker"": ""enumerate""}]"
2_1aTasasdepobreza,DHBEvolucinTemporal,2.1a Tasas de pobreza.twb,Distribución Territorial - Filtro,[federated.0qiz8oi1sb3cd813zi06q01yhyh5].[DATOS_MAPA],categorical,"{""class"": ""categorical"", ""column"": ""[federated.0qiz8oi1sb3cd813zi06q01yhyh5].[DATOS_MAPA]"", ""filter-group"": ""9""}",[]
2_1aTasasdepobreza,DHBEvolucinTemporal,2.1a Tasas de pobreza.twb,Distribución Territorial - Filtro,[federated.0qiz8oi1sb3cd813zi06q01yhyh5].[none:ANIO:ok],categorical,"{""class"": ""categorical"", ""column"": ""[federated.0qiz8oi1sb3cd813zi06q01yhyh5].[none:ANIO:ok]"", ""filter-group"": ""4""}","[{""function"": ""level-members"", ""level"": ""[none:ANIO:ok]"", ""{http://www.tableausoftware.com/xml/user}ui-enumeration"": ""all"", ""{http://www.tableausoftware.com/xml/user}ui-marker"": ""enumerate""}]"
2_1aTasasdepobreza,DHBEvolucinTemporal,2.1a Tasas de pobreza.twb,Distribución Territorial - Filtro,[federated.0qiz8oi1sb3cd813zi06q01yhyh5].[none:Calculation_334673811823804420:nk],categorical,"{""class"": ""categorical"", ""column"": ""[federated.0qiz8oi1sb3cd813zi06q01yhyh5].[none:Calculation_334673811823804420:nk]"", ""filter-group"": ""27""}","[{""function"": ""member"", ""level"": ""[none:Calculation_334673811823804420:nk]"", ""member"": ""true"", ""{http://www.tableausoftware.com/xml/user}ui-domain"": ""relevant"", ""{http://www.tableausoftware.com/xml/user}ui-enumeration"": ""inclusive"", ""{http://www.tableausoftware.com/xml/user}ui-marker"": ""enumerate""}]"
2_1aTasasdepobreza,DHBEvolucinTemporal,2.1a Tasas de pobreza.twb,Distribución Territorial - Filtro,[federated.0qiz8oi1sb3cd813zi06q01yhyh5].[none:Calculation_334673811825987589:nk],categorical,"{""class"": ""categorical"", ""column"": ""[federated.0qiz8oi1sb3cd813zi06q01yhyh5].[none:Calculation_334673811825987589:nk]""}","[{""function"": ""member"", ""level"": ""[none:Calculation_334673811825987589:nk]"", ""member"": ""true"", ""{http://www.tableausoftware.com/xml/user}ui-domain"": ""relevant"", ""{http://www.tableausoftware.com/xml/user}ui-enumeration"": ""inclusive"", ""{http://www.tableausoftware.com/xml/user}ui-marker"": ""enumerate""}]"
2_1aTasasdepobreza,DHBEvolucinTemporal,2.1a Tasas de pobreza.twb,Distribución Territorial - Filtro,[federated.0qiz8oi1sb3cd813zi06q01yhyh5].[none:INDICADOR_NOMBRE (Indicadores):nk],categorical,"{""class"": ""categorical"", ""column"": ""[federated.0qiz8oi1sb3cd813zi06q01yhyh5].[none:INDICADOR_NOMBRE (Indicadores):nk]"", ""filter-group"": ""10""}","[{""function"": ""level-members"", ""level"": ""[none:INDICADOR_NOMBRE (Indicadores):nk]"", ""{http://www.tableausoftware.com/xml/user}ui-enumeration"": ""all"", ""{http://www.tableausoftware.com/xml/user}ui-marker"": ""enumerate""}]"
2_1aTasasdepobreza,DHBEvolucinTemporal,2.1a Tasas de pobreza.twb,Distribución Territorial - Filtro Indicador,[federated.0qiz8oi1sb3cd813zi06q01yhyh5].[DATOS_MAPA],categorical,"{""class"": ""categorical"", ""column"": ""[federated.0qiz8oi1sb3cd813zi06q01yhyh5].[DATOS_MAPA]"", ""filter-group"": ""9""}",[]
2_1aTasasdepobreza,DHBEvolucinTemporal,2.1a Tasas de pobreza.twb,Distribución Territorial - Filtro Indicador,[federated.0qiz8oi1sb3cd813zi06q01yhyh5].[none:ANIO:ok],categorical,"{""class"": ""categorical"", ""column"": ""[federated.0qiz8oi1sb3cd813zi06q01yhyh5].[none:ANIO:ok]"", ""filter-group"": ""4""}","[{""function"": ""level-members"", ""level"": ""[none:ANIO:ok]"", ""{http://www.tableausoftware.com/xml/user}ui-enumeration"": ""all"", ""{http://www.tableausoftware.com/xml/user}ui-marker"": ""enumerate""}]"
2_1aTasasdepobreza,DHBEvolucinTemporal,2.1a Tasas de pobreza.twb,Distribución Territorial - Filtro Indicador,[federated.0qiz8oi1sb3cd813zi06q01yhyh5].[none:Calculation_334673811823804420:nk],categorical,"{""class"": ""categorical"", ""column"": ""[federated.0qiz8oi1sb3cd813zi06q01yhyh5].[none:Calculation_334673811823804420:nk]"", ""filter-group"": ""27""}","[{""function"": ""member"", ""level"": ""[none:Calculation_334673811823804420:nk]"", ""member"": ""true"", ""{http://www.tableausoftware.com/xml/user}ui-domain"": ""relevant"", ""{http://www.tableausoftware.com/xml/user}ui-enumeration"": ""inclusive"", ""{http://www.tableausoftware.com/xml/user}ui-marker"": ""enumerate""}]"
2_1aTasasdepobreza,DHBEvolucinTemporal,2.1a Tasas de pobreza.twb,Distribución Territorial - Filtro Indicador,[federated.0qiz8oi1sb3cd813zi06q01yhyh5].[none:INDICADOR_NOMBRE (Indicadores):nk],categorical,"{""class"": ""categorical"", ""column"": ""[federated.0qiz8oi1sb3cd813zi06q01yhyh5].[none:INDICADOR_NOMBRE (Indicadores):nk]"", ""filter-group"": ""10""}","[{""function"": ""level-members"", ""level"": ""[none:INDICADOR_NOMBRE (Indicadores):nk]"", ""{http://www.tableausoftware.com/xml/user}ui-enumeration"": ""all"", ""{http://www.tableausoftware.com/xml/user}ui-marker"": ""enumerate""}]"
2_1aTasasdepobreza,DHBEvolucinTemporal,2.1a Tasas de pobreza.twb,Distribución Territorial - Provincial Aperturas - Barras,[federated.0qiz8oi1sb3cd813zi06q01yhyh5].[DATOS_MAPA],categorical,"{""class"": ""categorical"", ""column"": ""[federated.0qiz8oi1sb3cd813zi06q01yhyh5].[DATOS_MAPA]"", ""filter-group"": ""9""}",[]
2_1aTasasdepobreza,DHBEvolucinTemporal,2.1a Tasas de pobreza.twb,Distribución Territorial - Provincial Aperturas - Barras,[federated.0qiz8oi1sb3cd813zi06q01yhyh5].[none:ANIO:ok],categorical,"{""class"": ""categorical"", ""column"": ""[federated.0qiz8oi1sb3cd813zi06q01yhyh5].[none:ANIO:ok]"", ""filter-group"": ""4""}","[{""function"": ""level-members"", ""level"": ""[none:ANIO:ok]"", ""{http://www.tableausoftware.com/xml/user}ui-enumeration"": ""all"", ""{http://www.tableausoftware.com/xml/user}ui-marker"": ""enumerate""}]"
2_1aTasasdepobreza,DHBEvolucinTemporal,2.1a Tasas de pobreza.twb,Distribución Territorial - Provincial Aperturas - Barras,[federated.0qiz8oi1sb3cd813zi06q01yhyh5].[none:BTN Mostrar Gráficos Cruces Relevantes (copy) (copy)_54254335887220741:nk],categorical,"{""class"": ""categorical"", ""column"": ""[federated.0qiz8oi1sb3cd813zi06q01yhyh5].[none:BTN Mostrar Gráficos Cruces Relevantes (copy) (copy)_54254335887220741:nk]"", ""filter-group"": ""19""}","[{""function"": ""member"", ""level"": ""[none:BTN Mostrar Gráficos Cruces Relevantes (copy) (copy)_54254335887220741:nk]"", ""member"": ""true"", ""{http://www.tableausoftware.com/xml/user}ui-domain"": ""relevant"", ""{http://www.tableausoftware.com/xml/user}ui-enumeration"": ""inclusive"", ""{http://www.tableausoftware.com/xml/user}ui-marker"": ""enumerate""}]"
2_1aTasasdepobreza,DHBEvolucinTemporal,2.1a Tasas de pobreza.twb,Distribución Territorial - Provincial Aperturas - Barras,[federated.0qiz8oi1sb3cd813zi06q01yhyh5].[none:Calculation_334673811823804420:nk],categorical,"{""class"": ""categorical"", ""column"": ""[federated.0qiz8oi1sb3cd813zi06q01yhyh5].[none:Calculation_334673811823804420:nk]"", ""filter-group"": ""27""}","[{""function"": ""member"", ""level"": ""[none:Calculation_334673811823804420:nk]"", ""member"": ""true"", ""{http://www.tableausoftware.com/xml/user}ui-domain"": ""relevant"", ""{http://www.tableausoftware.com/xml/user}ui-enumeration"": ""inclusive"", ""{http://www.tableausoftware.com/xml/user}ui-marker"": ""enumerate""}]"
2_1aTasasdepobreza,DHBEvolucinTemporal,2.1a Tasas de pobreza.twb,Distribución Territorial - Provincial Aperturas - Barras,[federated.0qiz8oi1sb3cd813zi06q01yhyh5].[none:Calculation_334673811825987589:nk],categorical,"{""class"": ""categorical"", ""column"": ""[federated.0qiz8oi1sb3cd813zi06q01yhyh5].[none:Calculation_334673811825987589:nk]""}","[{""function"": ""member"", ""level"": ""[none:Calculation_334673811825987589:nk]"", ""member"": ""true"", ""{http://www.tableausoftware.com/xml/user}ui-domain"": ""relevant"", ""{http://www.tableausoftware.com/xml/user}ui-enumeration"": ""inclusive"", ""{http://www.tableausoftware.com/xml/user}ui-marker"": ""enumerate""}]"
2_1aTasasdepobreza,DHBEvolucinTemporal,2.1a Tasas de pobreza.twb,Distribución Territorial - Provincial Aperturas - Barras,[federated.0qiz8oi1sb3cd813zi06q01yhyh5].[none:INDICADOR_NOMBRE (Indicadores):nk],categorical,"{""class"": ""categorical"", ""column"": ""[federated.0qiz8oi1sb3cd813zi06q01yhyh5].[none:INDICADOR_NOMBRE (Indicadores):nk]"", ""filter-group"": ""10""}","[{""function"": ""level-members"", ""level"": ""[none:INDICADOR_NOMBRE (Indicadores):nk]"", ""{http://www.tableausoftware.com/xml/user}ui-enumeration"": ""all"", ""{http://www.tableausoftware.com/xml/user}ui-marker"": ""enumerate""}]"
2_1aTasasdepobreza,DHBEvolucinTemporal,2.1a Tasas de pobreza.twb,Distribución Territorial - Provincial Geográfico,[federated.0qiz8oi1sb3cd813zi06q01yhyh5].[DATOS_MAPA],categorical,"{""class"": ""categorical"", ""column"": ""[federated.0qiz8oi1sb3cd813zi06q01yhyh5].[DATOS_MAPA]"", ""filter-group"": ""9""}",[]
2_1aTasasdepobreza,DHBEvolucinTemporal,2.1a Tasas de pobreza.twb,Distribución Territorial - Provincial Geográfico,[federated.0qiz8oi1sb3cd813zi06q01yhyh5].[none:ANIO:ok],categorical,"{""class"": ""categorical"", ""column"": ""[federated.0qiz8oi1sb3cd813zi06q01yhyh5].[none:ANIO:ok]"", ""filter-group"": ""4""}","[{""function"": ""level-members"", ""level"": ""[none:ANIO:ok]"", ""{http://www.tableausoftware.com/xml/user}ui-enumeration"": ""all"", ""{http://www.tableausoftware.com/xml/user}ui-marker"": ""enumerate""}]"
2_1aTasasdepobreza,DHBEvolucinTemporal,2.1a Tasas de pobreza.twb,Distribución Territorial - Provincial Geográfico,[federated.0qiz8oi1sb3cd813zi06q01yhyh5].[none:BTN Mostrar Gráficos Cruces Relevantes (copy) (copy)_54254335887220741:nk],categorical,"{""class"": ""categorical"", ""column"": ""[federated.0qiz8oi1sb3cd813zi06q01yhyh5].[none:BTN Mostrar Gráficos Cruces Relevantes (copy) (copy)_54254335887220741:nk]"", ""filter-group"": ""19""}","[{""function"": ""member"", ""level"": ""[none:BTN Mostrar Gráficos Cruces Relevantes (copy) (copy)_54254335887220741:nk]"", ""member"": ""true"", ""{http://www.tableausoftware.com/xml/user}ui-domain"": ""relevant"", ""{http://www.tableausoftware.com/xml/user}ui-enumeration"": ""inclusive"", ""{http://www.tableausoftware.com/xml/user}ui-marker"": ""enumerate""}]"
2_1aTasasdepobreza,DHBEvolucinTemporal,2.1a Tasas de pobreza.twb,Distribución Territorial - Provincial Geográfico,[federated.0qiz8oi1sb3cd813zi06q01yhyh5].[none:Calculation_334673811823804420:nk],categorical,"{""class"": ""categorical"", ""column"": ""[federated.0qiz8oi1sb3cd813zi06q01yhyh5].[none:Calculation_334673811823804420:nk]"", ""filter-group"": ""27""}","[{""function"": ""member"", ""level"": ""[none:Calculation_334673811823804420:nk]"", ""member"": ""true"", ""{http://www.tableausoftware.com/xml/user}ui-domain"": ""relevant"", ""{http://www.tableausoftware.com/xml/user}ui-enumeration"": ""inclusive"", ""{http://www.tableausoftware.com/xml/user}ui-marker"": ""enumerate""}]"
2_1aTasasdepobreza,DHBEvolucinTemporal,2.1a Tasas de pobreza.twb,Distribución Territorial - Provincial Geográfico,[federated.0qiz8oi1sb3cd813zi06q01yhyh5].[none:Calculation_334673811825987589:nk],categorical,"{""class"": ""categorical"", ""column"": ""[federated.0qiz8oi1sb3cd813zi06q01yhyh5].[none:Calculation_334673811825987589:nk]""}","[{""function"": ""member"", ""level"": ""[none:Calculation_334673811825987589:nk]"", ""member"": ""true"", ""{http://www.tableausoftware.com/xml/user}ui-domain"": ""relevant"", ""{http://www.tableausoftware.com/xml/user}ui-enumeration"": ""inclusive"", ""{http://www.tableausoftware.com/xml/user}ui-marker"": ""enumerate""}]"
2_1aTasasdepobreza,DHBEvolucinTemporal,2.1a Tasas de pobreza.twb,Distribución Territorial - Provincial Geográfico,[federated.0qiz8oi1sb3cd813zi06q01yhyh5].[none:INDICADOR_NOMBRE (Indicadores):nk],categorical,"{""class"": ""categorical"", ""column"": ""[federated.0qiz8oi1sb3cd813zi06q01yhyh5].[none:INDICADOR_NOMBRE (Indicadores):nk]"", ""filter-group"": ""10""}","[{""function"": ""level-members"", ""level"": ""[none:INDICADOR_NOMBRE (Indicadores):nk]"", ""{http://www.tableausoftware.com/xml/user}ui-enumeration"": ""all"", ""{http://www.tableausoftware.com/xml/user}ui-marker"": ""enumerate""}]"
2_1aTasasdepobreza,DHBEvolucinTemporal,2.1a Tasas de pobreza.twb,Distribución Territorial - Provincial Tabla,[federated.0qiz8oi1sb3cd813zi06q01yhyh5].[DATOS_MAPA],categorical,"{""class"": ""categorical"", ""column"": ""[federated.0qiz8oi1sb3cd813zi06q01yhyh5].[DATOS_MAPA]"", ""filter-group"": ""9""}",[]
2_1aTasasdepobreza,DHBEvolucinTemporal,2.1a Tasas de pobreza.twb,Distribución Territorial - Provincial Tabla,[federated.0qiz8oi1sb3cd813zi06q01yhyh5].[none:ANIO:ok],categorical,"{""class"": ""categorical"", ""column"": ""[federated.0qiz8oi1sb3cd813zi06q01yhyh5].[none:ANIO:ok]"", ""filter-group"": ""4""}","[{""function"": ""level-members"", ""level"": ""[none:ANIO:ok]"", ""{http://www.tableausoftware.com/xml/user}ui-enumeration"": ""all"", ""{http://www.tableausoftware.com/xml/user}ui-marker"": ""enumerate""}]"
2_1aTasasdepobreza,DHBEvolucinTemporal,2.1a Tasas de pobreza.twb,Distribución Territorial - Provincial Tabla,[federated.0qiz8oi1sb3cd813zi06q01yhyh5].[none:BTN Mostrar Gráficos Cruces Relevantes (copy) (copy)_54254335887220741:nk],categorical,"{""class"": ""categorical"", ""column"": ""[federated.0qiz8oi1sb3cd813zi06q01yhyh5].[none:BTN Mostrar Gráficos Cruces Relevantes (copy) (copy)_54254335887220741:nk]"", ""filter-group"": ""19""}","[{""function"": ""member"", ""level"": ""[none:BTN Mostrar Gráficos Cruces Relevantes (copy) (copy)_54254335887220741:nk]"", ""member"": ""true"", ""{http://www.tableausoftware.com/xml/user}ui-domain"": ""relevant"", ""{http://www.tableausoftware.com/xml/user}ui-enumeration"": ""inclusive"", ""{http://www.tableausoftware.com/xml/user}ui-marker"": ""enumerate""}]"
2_1aTasasdepobreza,DHBEvolucinTemporal,2.1a Tasas de pobreza.twb,Distribución Territorial - Provincial Tabla,[federated.0qiz8oi1sb3cd813zi06q01yhyh5].[none:Calculation_334673811823804420:nk],categorical,"{""class"": ""categorical"", ""column"": ""[federated.0qiz8oi1sb3cd813zi06q01yhyh5].[none:Calculation_334673811823804420:nk]"", ""filter-group"": ""27""}","[{""function"": ""member"", ""level"": ""[none:Calculation_334673811823804420:nk]"", ""member"": ""true"", ""{http://www.tableausoftware.com/xml/user}ui-domain"": ""relevant"", ""{http://www.tableausoftware.com/xml/user}ui-enumeration"": ""inclusive"", ""{http://www.tableausoftware.com/xml/user}ui-marker"": ""enumerate""}]"
2_1aTasasdepobreza,DHBEvolucinTemporal,2.1a Tasas de pobreza.twb,Distribución Territorial - Provincial Tabla,[federated.0qiz8oi1sb3cd813zi06q01yhyh5].[none:Calculation_334673811825987589:nk],categorical,"{""class"": ""categorical"", ""column"": ""[federated.0qiz8oi1sb3cd813zi06q01yhyh5].[none:Calculation_334673811825987589:nk]""}","[{""function"": ""member"", ""level"": ""[none:Calculation_334673811825987589:nk]"", ""member"": ""true"", ""{http://www.tableausoftware.com/xml/user}ui-domain"": ""relevant"", ""{http://www.tableausoftware.com/xml/user}ui-enumeration"": ""inclusive"", ""{http://www.tableausoftware.com/xml/user}ui-marker"": ""enumerate""}]"
2_1aTasasdepobreza,DHBEvolucinTemporal,2.1a Tasas de pobreza.twb,Distribución Territorial - Provincial Tabla,[federated.0qiz8oi1sb3cd813zi06q01yhyh5].[none:INDICADOR_NOMBRE (Indicadores):nk],categorical,"{""class"": ""categorical"", ""column"": ""[federated.0qiz8oi1sb3cd813zi06q01yhyh5].[none:INDICADOR_NOMBRE (Indicadores):nk]"", ""filter-group"": ""10""}","[{""function"": ""level-members"", ""level"": ""[none:INDICADOR_NOMBRE (Indicadores):nk]"", ""{http://www.tableausoftware.com/xml/user}ui-enumeration"": ""all"", ""{http://www.tableausoftware.com/xml/user}ui-marker"": ""enumerate""}]"
2_1aTasasdepobreza,DHBEvolucinTemporal,2.1a Tasas de pobreza.twb,Distribución Territorial - Regional Geográfico,[federated.0qiz8oi1sb3cd813zi06q01yhyh5].[DATOS_MAPA],categorical,"{""class"": ""categorical"", ""column"": ""[federated.0qiz8oi1sb3cd813zi06q01yhyh5].[DATOS_MAPA]"", ""filter-group"": ""9""}",[]
2_1aTasasdepobreza,DHBEvolucinTemporal,2.1a Tasas de pobreza.twb,Distribución Territorial - Regional Geográfico,[federated.0qiz8oi1sb3cd813zi06q01yhyh5].[none:ANIO:ok],categorical,"{""class"": ""categorical"", ""column"": ""[federated.0qiz8oi1sb3cd813zi06q01yhyh5].[none:ANIO:ok]"", ""filter-group"": ""4""}","[{""function"": ""level-members"", ""level"": ""[none:ANIO:ok]"", ""{http://www.tableausoftware.com/xml/user}ui-enumeration"": ""all"", ""{http://www.tableausoftware.com/xml/user}ui-marker"": ""enumerate""}]"
2_1aTasasdepobreza,DHBEvolucinTemporal,2.1a Tasas de pobreza.twb,Distribución Territorial - Regional Geográfico,[federated.0qiz8oi1sb3cd813zi06q01yhyh5].[none:BTN Mostrar Gráficos Cruces Relevantes (copy) (copy)_54254335887220741:nk],categorical,"{""class"": ""categorical"", ""column"": ""[federated.0qiz8oi1sb3cd813zi06q01yhyh5].[none:BTN Mostrar Gráficos Cruces Relevantes (copy) (copy)_54254335887220741:nk]"", ""filter-group"": ""19""}","[{""function"": ""member"", ""level"": ""[none:BTN Mostrar Gráficos Cruces Relevantes (copy) (copy)_54254335887220741:nk]"", ""member"": ""true"", ""{http://www.tableausoftware.com/xml/user}ui-domain"": ""relevant"", ""{http://www.tableausoftware.com/xml/user}ui-enumeration"": ""inclusive"", ""{http://www.tableausoftware.com/xml/user}ui-marker"": ""enumerate""}]"
2_1aTasasdepobreza,DHBEvolucinTemporal,2.1a Tasas de pobreza.twb,Distribución Territorial - Regional Geográfico,[federated.0qiz8oi1sb3cd813zi06q01yhyh5].[none:Calculation_334673811823804420:nk],categorical,"{""class"": ""categorical"", ""column"": ""[federated.0qiz8oi1sb3cd813zi06q01yhyh5].[none:Calculation_334673811823804420:nk]"", ""filter-group"": ""27""}","[{""function"": ""member"", ""level"": ""[none:Calculation_334673811823804420:nk]"", ""member"": ""true"", ""{http://www.tableausoftware.com/xml/user}ui-domain"": ""relevant"", ""{http://www.tableausoftware.com/xml/user}ui-enumeration"": ""inclusive"", ""{http://www.tableausoftware.com/xml/user}ui-marker"": ""enumerate""}]"
2_1aTasasdepobreza,DHBEvolucinTemporal,2.1a Tasas de pobreza.twb,Distribución Territorial - Regional Geográfico,[federated.0qiz8oi1sb3cd813zi06q01yhyh5].[none:Calculation_334673811825987589:nk],categorical,"{""class"": ""categorical"", ""column"": ""[federated.0qiz8oi1sb3cd813zi06q01yhyh5].[none:Calculation_334673811825987589:nk]""}","[{""function"": ""member"", ""level"": ""[none:Calculation_334673811825987589:nk]"", ""member"": ""true"", ""{http://www.tableausoftware.com/xml/user}ui-domain"": ""relevant"", ""{http://www.tableausoftware.com/xml/user}ui-enumeration"": ""inclusive"", ""{http://www.tableausoftware.com/xml/user}ui-marker"": ""enumerate""}]"
2_1aTasasdepobreza,DHBEvolucinTemporal,2.1a Tasas de pobreza.twb,Distribución Territorial - Regional Geográfico,[federated.0qiz8oi1sb3cd813zi06q01yhyh5].[none:INDICADOR_NOMBRE (Indicadores):nk],categorical,"{""class"": ""categorical"", ""column"": ""[federated.0qiz8oi1sb3cd813zi06q01yhyh5].[none:INDICADOR_NOMBRE (Indicadores):nk]"", ""filter-group"": ""10""}","[{""function"": ""level-members"", ""level"": ""[none:INDICADOR_NOMBRE (Indicadores):nk]"", ""{http://www.tableausoftware.com/xml/user}ui-enumeration"": ""all"", ""{http://www.tableausoftware.com/xml/user}ui-marker"": ""enumerate""}]"
2_1aTasasdepobreza,DHBEvolucinTemporal,2.1a Tasas de pobreza.twb,Distribución Territorial - Regional Tabla,[federated.0qiz8oi1sb3cd813zi06q01yhyh5].[DATOS_MAPA],categorical,"{""class"": ""categorical"", ""column"": ""[federated.0qiz8oi1sb3cd813zi06q01yhyh5].[DATOS_MAPA]"", ""filter-group"": ""9""}",[]
2_1aTasasdepobreza,DHBEvolucinTemporal,2.1a Tasas de pobreza.twb,Distribución Territorial - Regional Tabla,[federated.0qiz8oi1sb3cd813zi06q01yhyh5].[none:ANIO:ok],categorical,"{""class"": ""categorical"", ""column"": ""[federated.0qiz8oi1sb3cd813zi06q01yhyh5].[none:ANIO:ok]"", ""filter-group"": ""4""}","[{""function"": ""level-members"", ""level"": ""[none:ANIO:ok]"", ""{http://www.tableausoftware.com/xml/user}ui-enumeration"": ""all"", ""{http://www.tableausoftware.com/xml/user}ui-marker"": ""enumerate""}]"
2_1aTasasdepobreza,DHBEvolucinTemporal,2.1a Tasas de pobreza.twb,Distribución Territorial - Regional Tabla,[federated.0qiz8oi1sb3cd813zi06q01yhyh5].[none:BTN Mostrar Gráficos Cruces Relevantes (copy) (copy)_54254335887220741:nk],categorical,"{""class"": ""categorical"", ""column"": ""[federated.0qiz8oi1sb3cd813zi06q01yhyh5].[none:BTN Mostrar Gráficos Cruces Relevantes (copy) (copy)_54254335887220741:nk]"", ""filter-group"": ""19""}","[{""function"": ""member"", ""level"": ""[none:BTN Mostrar Gráficos Cruces Relevantes (copy) (copy)_54254335887220741:nk]"", ""member"": ""true"", ""{http://www.tableausoftware.com/xml/user}ui-domain"": ""relevant"", ""{http://www.tableausoftware.com/xml/user}ui-enumeration"": ""inclusive"", ""{http://www.tableausoftware.com/xml/user}ui-marker"": ""enumerate""}]"
2_1aTasasdepobreza,DHBEvolucinTemporal,2.1a Tasas de pobreza.twb,Distribución Territorial - Regional Tabla,[federated.0qiz8oi1sb3cd813zi06q01yhyh5].[none:Calculation_334673811823804420:nk],categorical,"{""class"": ""categorical"", ""column"": ""[federated.0qiz8oi1sb3cd813zi06q01yhyh5].[none:Calculation_334673811823804420:nk]"", ""filter-group"": ""27""}","[{""function"": ""member"", ""level"": ""[none:Calculation_334673811823804420:nk]"", ""member"": ""true"", ""{http://www.tableausoftware.com/xml/user}ui-domain"": ""relevant"", ""{http://www.tableausoftware.com/xml/user}ui-enumeration"": ""inclusive"", ""{http://www.tableausoftware.com/xml/user}ui-marker"": ""enumerate""}]"
2_1aTasasdepobreza,DHBEvolucinTemporal,2.1a Tasas de pobreza.twb,Distribución Territorial - Regional Tabla,[federated.0qiz8oi1sb3cd813zi06q01yhyh5].[none:Calculation_334673811825987589:nk],categorical,"{""class"": ""categorical"", ""column"": ""[federated.0qiz8oi1sb3cd813zi06q01yhyh5].[none:Calculation_334673811825987589:nk]""}","[{""function"": ""member"", ""level"": ""[none:Calculation_334673811825987589:nk]"", ""member"": ""true"", ""{http://www.tableausoftware.com/xml/user}ui-domain"": ""relevant"", ""{http://www.tableausoftware.com/xml/user}ui-enumeration"": ""inclusive"", ""{http://www.tableausoftware.com/xml/user}ui-marker"": ""enumerate""}]"
2_1aTasasdepobreza,DHBEvolucinTemporal,2.1a Tasas de pobreza.twb,Distribución Territorial - Regional Tabla,[federated.0qiz8oi1sb3cd813zi06q01yhyh5].[none:INDICADOR_NOMBRE (Indicadores):nk],categorical,"{""class"": ""categorical"", ""column"": ""[federated.0qiz8oi1sb3cd813zi06q01yhyh5].[none:INDICADOR_NOMBRE (Indicadores):nk]"", ""filter-group"": ""10""}","[{""function"": ""level-members"", ""level"": ""[none:INDICADOR_NOMBRE (Indicadores):nk]"", ""{http://www.tableausoftware.com/xml/user}ui-enumeration"": ""all"", ""{http://www.tableausoftware.com/xml/user}ui-marker"": ""enumerate""}]"
2_1aTasasdepobreza,DHBEvolucinTemporal,2.1a Tasas de pobreza.twb,Distribución Territorial - Tapa valores geográfico,[federated.0qiz8oi1sb3cd813zi06q01yhyh5].[DATOS_MAPA],categorical,"{""class"": ""categorical"", ""column"": ""[federated.0qiz8oi1sb3cd813zi06q01yhyh5].[DATOS_MAPA]"", ""filter-group"": ""9""}",[]
2_1aTasasdepobreza,DHBEvolucinTemporal,2.1a Tasas de pobreza.twb,Distribución Territorial - Tapa valores geográfico,[federated.0qiz8oi1sb3cd813zi06q01yhyh5].[none:ANIO:ok],categorical,"{""class"": ""categorical"", ""column"": ""[federated.0qiz8oi1sb3cd813zi06q01yhyh5].[none:ANIO:ok]"", ""filter-group"": ""4""}","[{""function"": ""level-members"", ""level"": ""[none:ANIO:ok]"", ""{http://www.tableausoftware.com/xml/user}ui-enumeration"": ""all"", ""{http://www.tableausoftware.com/xml/user}ui-marker"": ""enumerate""}]"
2_1aTasasdepobreza,DHBEvolucinTemporal,2.1a Tasas de pobreza.twb,Distribución Territorial - Tapa valores geográfico,[federated.0qiz8oi1sb3cd813zi06q01yhyh5].[none:Calculation_334673811823804420:nk],categorical,"{""class"": ""categorical"", ""column"": ""[federated.0qiz8oi1sb3cd813zi06q01yhyh5].[none:Calculation_334673811823804420:nk]"", ""filter-group"": ""27""}","[{""function"": ""member"", ""level"": ""[none:Calculation_334673811823804420:nk]"", ""member"": ""true"", ""{http://www.tableausoftware.com/xml/user}ui-domain"": ""relevant"", ""{http://www.tableausoftware.com/xml/user}ui-enumeration"": ""inclusive"", ""{http://www.tableausoftware.com/xml/user}ui-marker"": ""enumerate""}]"
2_1aTasasdepobreza,DHBEvolucinTemporal,2.1a Tasas de pobreza.twb,Distribución Territorial - Tapa valores geográfico,[federated.0qiz8oi1sb3cd813zi06q01yhyh5].[none:Calculation_334673811825987589:nk],categorical,"{""class"": ""categorical"", ""column"": ""[federated.0qiz8oi1sb3cd813zi06q01yhyh5].[none:Calculation_334673811825987589:nk]""}","[{""function"": ""member"", ""level"": ""[none:Calculation_334673811825987589:nk]"", ""member"": ""false"", ""{http://www.tableausoftware.com/xml/user}ui-domain"": ""relevant"", ""{http://www.tableausoftware.com/xml/user}ui-enumeration"": ""inclusive"", ""{http://www.tableausoftware.com/xml/user}ui-marker"": ""enumerate""}]"
2_1aTasasdepobreza,DHBEvolucinTemporal,2.1a Tasas de pobreza.twb,Distribución Territorial - Tapa valores geográfico,[federated.0qiz8oi1sb3cd813zi06q01yhyh5].[none:INDICADOR_NOMBRE (Indicadores):nk],categorical,"{""class"": ""categorical"", ""column"": ""[federated.0qiz8oi1sb3cd813zi06q01yhyh5].[none:INDICADOR_NOMBRE (Indicadores):nk]"", ""filter-group"": ""10""}","[{""function"": ""level-members"", ""level"": ""[none:INDICADOR_NOMBRE (Indicadores):nk]"", ""{http://www.tableausoftware.com/xml/user}ui-enumeration"": ""all"", ""{http://www.tableausoftware.com/xml/user}ui-marker"": ""enumerate""}]"
2_1aTasasdepobreza,DHBEvolucinTemporal,2.1a Tasas de pobreza.twb,Distribución Territorial - Título,[federated.0qiz8oi1sb3cd813zi06q01yhyh5].[DATOS_MAPA],categorical,"{""class"": ""categorical"", ""column"": ""[federated.0qiz8oi1sb3cd813zi06q01yhyh5].[DATOS_MAPA]"", ""filter-group"": ""9""}",[]
2_1aTasasdepobreza,DHBEvolucinTemporal,2.1a Tasas de pobreza.twb,Distribución Territorial - Título,[federated.0qiz8oi1sb3cd813zi06q01yhyh5].[none:ANIO:ok],categorical,"{""class"": ""categorical"", ""column"": ""[federated.0qiz8oi1sb3cd813zi06q01yhyh5].[none:ANIO:ok]"", ""filter-group"": ""4""}","[{""function"": ""level-members"", ""level"": ""[none:ANIO:ok]"", ""{http://www.tableausoftware.com/xml/user}ui-enumeration"": ""all"", ""{http://www.tableausoftware.com/xml/user}ui-marker"": ""enumerate""}]"
2_1aTasasdepobreza,DHBEvolucinTemporal,2.1a Tasas de pobreza.twb,Distribución Territorial - Título,[federated.0qiz8oi1sb3cd813zi06q01yhyh5].[none:BTN Mostrar Gráficos Cruces Relevantes (copy) (copy)_54254335887220741:nk],categorical,"{""class"": ""categorical"", ""column"": ""[federated.0qiz8oi1sb3cd813zi06q01yhyh5].[none:BTN Mostrar Gráficos Cruces Relevantes (copy) (copy)_54254335887220741:nk]"", ""filter-group"": ""19""}","[{""function"": ""member"", ""level"": ""[none:BTN Mostrar Gráficos Cruces Relevantes (copy) (copy)_54254335887220741:nk]"", ""member"": ""true"", ""{http://www.tableausoftware.com/xml/user}ui-domain"": ""relevant"", ""{http://www.tableausoftware.com/xml/user}ui-enumeration"": ""inclusive"", ""{http://www.tableausoftware.com/xml/user}ui-marker"": ""enumerate""}]"
2_1aTasasdepobreza,DHBEvolucinTemporal,2.1a Tasas de pobreza.twb,Distribución Territorial - Título,[federated.0qiz8oi1sb3cd813zi06q01yhyh5].[none:Calculation_334673811823804420:nk],categorical,"{""class"": ""categorical"", ""column"": ""[federated.0qiz8oi1sb3cd813zi06q01yhyh5].[none:Calculation_334673811823804420:nk]"", ""filter-group"": ""27""}","[{""function"": ""member"", ""level"": ""[none:Calculation_334673811823804420:nk]"", ""member"": ""true"", ""{http://www.tableausoftware.com/xml/user}ui-domain"": ""relevant"", ""{http://www.tableausoftware.com/xml/user}ui-enumeration"": ""inclusive"", ""{http://www.tableausoftware.com/xml/user}ui-marker"": ""enumerate""}]"
2_1aTasasdepobreza,DHBEvolucinTemporal,2.1a Tasas de pobreza.twb,Distribución Territorial - Título,[federated.0qiz8oi1sb3cd813zi06q01yhyh5].[none:Calculation_334673811825987589:nk],categorical,"{""class"": ""categorical"", ""column"": ""[federated.0qiz8oi1sb3cd813zi06q01yhyh5].[none:Calculation_334673811825987589:nk]""}","[{""function"": ""member"", ""level"": ""[none:Calculation_334673811825987589:nk]"", ""member"": ""true"", ""{http://www.tableausoftware.com/xml/user}ui-domain"": ""relevant"", ""{http://www.tableausoftware.com/xml/user}ui-enumeration"": ""inclusive"", ""{http://www.tableausoftware.com/xml/user}ui-marker"": ""enumerate""}]"
2_1aTasasdepobreza,DHBEvolucinTemporal,2.1a Tasas de pobreza.twb,Distribución Territorial - Título,[federated.0qiz8oi1sb3cd813zi06q01yhyh5].[none:INDICADOR_NOMBRE (Indicadores):nk],categorical,"{""class"": ""categorical"", ""column"": ""[federated.0qiz8oi1sb3cd813zi06q01yhyh5].[none:INDICADOR_NOMBRE (Indicadores):nk]"", ""filter-group"": ""10""}","[{""function"": ""level-members"", ""level"": ""[none:INDICADOR_NOMBRE (Indicadores):nk]"", ""{http://www.tableausoftware.com/xml/user}ui-enumeration"": ""all"", ""{http://www.tableausoftware.com/xml/user}ui-marker"": ""enumerate""}]"
2_1aTasasdepobreza,DHBEvolucinTemporal,2.1a Tasas de pobreza.twb,Evolución Temporal - BTN Mostrar Gráficos,[federated.0qiz8oi1sb3cd813zi06q01yhyh5].[none:BTN Mostrar Gráficos Cruces Relevantes (copy)_54254335887208452:nk],categorical,"{""class"": ""categorical"", ""column"": ""[federated.0qiz8oi1sb3cd813zi06q01yhyh5].[none:BTN Mostrar Gráficos Cruces Relevantes (copy)_54254335887208452:nk]""}","[{""function"": ""member"", ""level"": ""[none:BTN Mostrar Gráficos Cruces Relevantes (copy)_54254335887208452:nk]"", ""member"": ""false"", ""{http://www.tableausoftware.com/xml/user}ui-domain"": ""relevant"", ""{http://www.tableausoftware.com/xml/user}ui-enumeration"": ""inclusive"", ""{http://www.tableausoftware.com/xml/user}ui-marker"": ""enumerate""}]"
2_1aTasasdepobreza,DHBEvolucinTemporal,2.1a Tasas de pobreza.twb,Evolución Temporal - Filtro,[federated.0qiz8oi1sb3cd813zi06q01yhyh5].[DATOS_SERIES_TEMPORALES_1],categorical,"{""class"": ""categorical"", ""column"": ""[federated.0qiz8oi1sb3cd813zi06q01yhyh5].[DATOS_SERIES_TEMPORALES_1]"", ""filter-group"": ""20""}","[{""function"": ""level-members"", ""level"": ""[TIPO_DE_DATO]"", ""{http://www.tableausoftware.com/xml/user}ui-enumeration"": ""all"", ""{http://www.tableausoftware.com/xml/user}ui-marker"": ""enumerate""}]"
2_1aTasasdepobreza,DHBEvolucinTemporal,2.1a Tasas de pobreza.twb,Evolución Temporal - Filtro,[federated.0qiz8oi1sb3cd813zi06q01yhyh5].[none:APERTURA_NIVEL_1:nk],categorical,"{""class"": ""categorical"", ""column"": ""[federated.0qiz8oi1sb3cd813zi06q01yhyh5].[none:APERTURA_NIVEL_1:nk]"", ""filter-group"": ""21""}","[{""function"": ""level-members"", ""level"": ""[none:APERTURA_NIVEL_1:nk]"", ""{http://www.tableausoftware.com/xml/user}ui-enumeration"": ""all"", ""{http://www.tableausoftware.com/xml/user}ui-marker"": ""enumerate""}]"
2_1aTasasdepobreza,DHBEvolucinTemporal,2.1a Tasas de pobreza.twb,Evolución Temporal - Filtro,[federated.0qiz8oi1sb3cd813zi06q01yhyh5].[none:Calculation_334673811823804420:nk],categorical,"{""class"": ""categorical"", ""column"": ""[federated.0qiz8oi1sb3cd813zi06q01yhyh5].[none:Calculation_334673811823804420:nk]"", ""filter-group"": ""27""}","[{""function"": ""member"", ""level"": ""[none:Calculation_334673811823804420:nk]"", ""member"": ""true"", ""{http://www.tableausoftware.com/xml/user}ui-domain"": ""relevant"", ""{http://www.tableausoftware.com/xml/user}ui-enumeration"": ""inclusive"", ""{http://www.tableausoftware.com/xml/user}ui-marker"": ""enumerate""}]"
2_1aTasasdepobreza,DHBEvolucinTemporal,2.1a Tasas de pobreza.twb,Evolución Temporal - Filtro,[federated.0qiz8oi1sb3cd813zi06q01yhyh5].[none:Calculation_334673811825987589:nk],categorical,"{""class"": ""categorical"", ""column"": ""[federated.0qiz8oi1sb3cd813zi06q01yhyh5].[none:Calculation_334673811825987589:nk]""}","[{""function"": ""member"", ""level"": ""[none:Calculation_334673811825987589:nk]"", ""member"": ""true"", ""{http://www.tableausoftware.com/xml/user}ui-domain"": ""relevant"", ""{http://www.tableausoftware.com/xml/user}ui-enumeration"": ""inclusive"", ""{http://www.tableausoftware.com/xml/user}ui-marker"": ""enumerate""}]"
2_1aTasasdepobreza,DHBEvolucinTemporal,2.1a Tasas de pobreza.twb,Evolución Temporal - Filtro,[federated.0qiz8oi1sb3cd813zi06q01yhyh5].[none:INDICADOR_NOMBRE (Indicadores):nk],categorical,"{""class"": ""categorical"", ""column"": ""[federated.0qiz8oi1sb3cd813zi06q01yhyh5].[none:INDICADOR_NOMBRE (Indicadores):nk]"", ""filter-group"": ""22""}","[{""function"": ""level-members"", ""level"": ""[none:INDICADOR_NOMBRE (Indicadores):nk]"", ""{http://www.tableausoftware.com/xml/user}ui-enumeration"": ""all"", ""{http://www.tableausoftware.com/xml/user}ui-marker"": ""enumerate""}]"
2_1aTasasdepobreza,DHBEvolucinTemporal,2.1a Tasas de pobreza.twb,Evolución Temporal - Filtro Indicador,[federated.0qiz8oi1sb3cd813zi06q01yhyh5].[DATOS_SERIES_TEMPORALES_1],categorical,"{""class"": ""categorical"", ""column"": ""[federated.0qiz8oi1sb3cd813zi06q01yhyh5].[DATOS_SERIES_TEMPORALES_1]"", ""filter-group"": ""20""}","[{""function"": ""level-members"", ""level"": ""[TIPO_DE_DATO]"", ""{http://www.tableausoftware.com/xml/user}ui-enumeration"": ""all"", ""{http://www.tableausoftware.com/xml/user}ui-marker"": ""enumerate""}]"
2_1aTasasdepobreza,DHBEvolucinTemporal,2.1a Tasas de pobreza.twb,Evolución Temporal - Filtro Indicador,[federated.0qiz8oi1sb3cd813zi06q01yhyh5].[none:APERTURA_NIVEL_1:nk],categorical,"{""class"": ""categorical"", ""column"": ""[federated.0qiz8oi1sb3cd813zi06q01yhyh5].[none:APERTURA_NIVEL_1:nk]"", ""filter-group"": ""21""}","[{""function"": ""level-members"", ""level"": ""[none:APERTURA_NIVEL_1:nk]"", ""{http://www.tableausoftware.com/xml/user}ui-enumeration"": ""all"", ""{http://www.tableausoftware.com/xml/user}ui-marker"": ""enumerate""}]"
2_1aTasasdepobreza,DHBEvolucinTemporal,2.1a Tasas de pobreza.twb,Evolución Temporal - Filtro Indicador,[federated.0qiz8oi1sb3cd813zi06q01yhyh5].[none:Calculation_334673811823804420:nk],categorical,"{""class"": ""categorical"", ""column"": ""[federated.0qiz8oi1sb3cd813zi06q01yhyh5].[none:Calculation_334673811823804420:nk]"", ""filter-group"": ""27""}","[{""function"": ""member"", ""level"": ""[none:Calculation_334673811823804420:nk]"", ""member"": ""true"", ""{http://www.tableausoftware.com/xml/user}ui-domain"": ""relevant"", ""{http://www.tableausoftware.com/xml/user}ui-enumeration"": ""inclusive"", ""{http://www.tableausoftware.com/xml/user}ui-marker"": ""enumerate""}]"
2_1aTasasdepobreza,DHBEvolucinTemporal,2.1a Tasas de pobreza.twb,Evolución Temporal - Filtro Indicador,[federated.0qiz8oi1sb3cd813zi06q01yhyh5].[none:INDICADOR_NOMBRE (Indicadores):nk],categorical,"{""class"": ""categorical"", ""column"": ""[federated.0qiz8oi1sb3cd813zi06q01yhyh5].[none:INDICADOR_NOMBRE (Indicadores):nk]"", ""filter-group"": ""22""}","[{""function"": ""level-members"", ""level"": ""[none:INDICADOR_NOMBRE (Indicadores):nk]"", ""{http://www.tableausoftware.com/xml/user}ui-enumeration"": ""all"", ""{http://www.tableausoftware.com/xml/user}ui-marker"": ""enumerate""}]"
2_1aTasasdepobreza,DHBEvolucinTemporal,2.1a Tasas de pobreza.twb,Evolución Temporal - Lineas x año,[federated.0qiz8oi1sb3cd813zi06q01yhyh5].[DATOS_SERIES_TEMPORALES_1],categorical,"{""class"": ""categorical"", ""column"": ""[federated.0qiz8oi1sb3cd813zi06q01yhyh5].[DATOS_SERIES_TEMPORALES_1]"", ""filter-group"": ""20""}","[{""function"": ""level-members"", ""level"": ""[TIPO_DE_DATO]"", ""{http://www.tableausoftware.com/xml/user}ui-enumeration"": ""all"", ""{http://www.tableausoftware.com/xml/user}ui-marker"": ""enumerate""}]"
2_1aTasasdepobreza,DHBEvolucinTemporal,2.1a Tasas de pobreza.twb,Evolución Temporal - Lineas x año,[federated.0qiz8oi1sb3cd813zi06q01yhyh5].[attr:APERTURA_NIVEL_1:nk],categorical,"{""class"": ""categorical"", ""column"": ""[federated.0qiz8oi1sb3cd813zi06q01yhyh5].[attr:APERTURA_NIVEL_1:nk]""}","[{""function"": ""level-members"", ""level"": ""[attr:APERTURA_NIVEL_1:nk]"", ""{http://www.tableausoftware.com/xml/user}ui-enumeration"": ""all"", ""{http://www.tableausoftware.com/xml/user}ui-marker"": ""enumerate""}]"
2_1aTasasdepobreza,DHBEvolucinTemporal,2.1a Tasas de pobreza.twb,Evolución Temporal - Lineas x año,[federated.0qiz8oi1sb3cd813zi06q01yhyh5].[attr:INDICADOR_NOMBRE (Indicadores):nk],categorical,"{""class"": ""categorical"", ""column"": ""[federated.0qiz8oi1sb3cd813zi06q01yhyh5].[attr:INDICADOR_NOMBRE (Indicadores):nk]""}","[{""function"": ""level-members"", ""level"": ""[attr:INDICADOR_NOMBRE (Indicadores):nk]"", ""{http://www.tableausoftware.com/xml/user}ui-enumeration"": ""all"", ""{http://www.tableausoftware.com/xml/user}ui-marker"": ""enumerate""}]"
2_1aTasasdepobreza,DHBEvolucinTemporal,2.1a Tasas de pobreza.twb,Evolución Temporal - Lineas x año,[federated.0qiz8oi1sb3cd813zi06q01yhyh5].[none:APERTURA_NIVEL_1:nk],categorical,"{""class"": ""categorical"", ""column"": ""[federated.0qiz8oi1sb3cd813zi06q01yhyh5].[none:APERTURA_NIVEL_1:nk]"", ""filter-group"": ""21""}","[{""function"": ""level-members"", ""level"": ""[none:APERTURA_NIVEL_1:nk]"", ""{http://www.tableausoftware.com/xml/user}ui-enumeration"": ""all"", ""{http://www.tableausoftware.com/xml/user}ui-marker"": ""enumerate""}]"
2_1aTasasdepobreza,DHBEvolucinTemporal,2.1a Tasas de pobreza.twb,Evolución Temporal - Lineas x año,[federated.0qiz8oi1sb3cd813zi06q01yhyh5].[none:BTN Mostrar Gráficos Cruces Relevantes (copy)_54254335887208452:nk],categorical,"{""class"": ""categorical"", ""column"": ""[federated.0qiz8oi1sb3cd813zi06q01yhyh5].[none:BTN Mostrar Gráficos Cruces Relevantes (copy)_54254335887208452:nk]""}","[{""function"": ""member"", ""level"": ""[none:BTN Mostrar Gráficos Cruces Relevantes (copy)_54254335887208452:nk]"", ""member"": ""true"", ""{http://www.tableausoftware.com/xml/user}ui-domain"": ""relevant"", ""{http://www.tableausoftware.com/xml/user}ui-enumeration"": ""inclusive"", ""{http://www.tableausoftware.com/xml/user}ui-marker"": ""enumerate""}]"
2_1aTasasdepobreza,DHBEvolucinTemporal,2.1a Tasas de pobreza.twb,Evolución Temporal - Lineas x año,[federated.0qiz8oi1sb3cd813zi06q01yhyh5].[none:Calculation_334673811823804420:nk],categorical,"{""class"": ""categorical"", ""column"": ""[federated.0qiz8oi1sb3cd813zi06q01yhyh5].[none:Calculation_334673811823804420:nk]"", ""filter-group"": ""27""}","[{""function"": ""member"", ""level"": ""[none:Calculation_334673811823804420:nk]"", ""member"": ""true"", ""{http://www.tableausoftware.com/xml/user}ui-domain"": ""relevant"", ""{http://www.tableausoftware.com/xml/user}ui-enumeration"": ""inclusive"", ""{http://www.tableausoftware.com/xml/user}ui-marker"": ""enumerate""}]"
2_1aTasasdepobreza,DHBEvolucinTemporal,2.1a Tasas de pobreza.twb,Evolución Temporal - Lineas x año,[federated.0qiz8oi1sb3cd813zi06q01yhyh5].[none:Calculation_334673811825987589:nk],categorical,"{""class"": ""categorical"", ""column"": ""[federated.0qiz8oi1sb3cd813zi06q01yhyh5].[none:Calculation_334673811825987589:nk]""}","[{""function"": ""member"", ""level"": ""[none:Calculation_334673811825987589:nk]"", ""member"": ""true"", ""{http://www.tableausoftware.com/xml/user}ui-domain"": ""relevant"", ""{http://www.tableausoftware.com/xml/user}ui-enumeration"": ""inclusive"", ""{http://www.tableausoftware.com/xml/user}ui-marker"": ""enumerate""}]"
2_1aTasasdepobreza,DHBEvolucinTemporal,2.1a Tasas de pobreza.twb,Evolución Temporal - Lineas x año,[federated.0qiz8oi1sb3cd813zi06q01yhyh5].[none:INDICADOR_NOMBRE (Indicadores):nk],categorical,"{""class"": ""categorical"", ""column"": ""[federated.0qiz8oi1sb3cd813zi06q01yhyh5].[none:INDICADOR_NOMBRE (Indicadores):nk]"", ""filter-group"": ""22""}","[{""function"": ""level-members"", ""level"": ""[none:INDICADOR_NOMBRE (Indicadores):nk]"", ""{http://www.tableausoftware.com/xml/user}ui-enumeration"": ""all"", ""{http://www.tableausoftware.com/xml/user}ui-marker"": ""enumerate""}]"
2_1aTasasdepobreza,DHBEvolucinTemporal,2.1a Tasas de pobreza.twb,Evolución Temporal - Lineas x período,[federated.0qiz8oi1sb3cd813zi06q01yhyh5].[DATOS_SERIES_TEMPORALES_1],categorical,"{""class"": ""categorical"", ""column"": ""[federated.0qiz8oi1sb3cd813zi06q01yhyh5].[DATOS_SERIES_TEMPORALES_1]"", ""filter-group"": ""20""}","[{""function"": ""level-members"", ""level"": ""[TIPO_DE_DATO]"", ""{http://www.tableausoftware.com/xml/user}ui-enumeration"": ""all"", ""{http://www.tableausoftware.com/xml/user}ui-marker"": ""enumerate""}]"
2_1aTasasdepobreza,DHBEvolucinTemporal,2.1a Tasas de pobreza.twb,Evolución Temporal - Lineas x período,[federated.0qiz8oi1sb3cd813zi06q01yhyh5].[none:APERTURA_NIVEL_1:nk],categorical,"{""class"": ""categorical"", ""column"": ""[federated.0qiz8oi1sb3cd813zi06q01yhyh5].[none:APERTURA_NIVEL_1:nk]"", ""filter-group"": ""21""}","[{""function"": ""level-members"", ""level"": ""[none:APERTURA_NIVEL_1:nk]"", ""{http://www.tableausoftware.com/xml/user}ui-enumeration"": ""all"", ""{http://www.tableausoftware.com/xml/user}ui-marker"": ""enumerate""}]"
2_1aTasasdepobreza,DHBEvolucinTemporal,2.1a Tasas de pobreza.twb,Evolución Temporal - Lineas x período,[federated.0qiz8oi1sb3cd813zi06q01yhyh5].[none:BTN Mostrar Gráficos Cruces Relevantes (copy)_54254335887208452:nk],categorical,"{""class"": ""categorical"", ""column"": ""[federated.0qiz8oi1sb3cd813zi06q01yhyh5].[none:BTN Mostrar Gráficos Cruces Relevantes (copy)_54254335887208452:nk]"", ""filter-group"": ""16""}","[{""function"": ""member"", ""level"": ""[none:BTN Mostrar Gráficos Cruces Relevantes (copy)_54254335887208452:nk]"", ""member"": ""true"", ""{http://www.tableausoftware.com/xml/user}ui-domain"": ""relevant"", ""{http://www.tableausoftware.com/xml/user}ui-enumeration"": ""inclusive"", ""{http://www.tableausoftware.com/xml/user}ui-marker"": ""enumerate""}]"
2_1aTasasdepobreza,DHBEvolucinTemporal,2.1a Tasas de pobreza.twb,Evolución Temporal - Lineas x período,[federated.0qiz8oi1sb3cd813zi06q01yhyh5].[none:Calculation_334673811823804420:nk],categorical,"{""class"": ""categorical"", ""column"": ""[federated.0qiz8oi1sb3cd813zi06q01yhyh5].[none:Calculation_334673811823804420:nk]"", ""filter-group"": ""27""}","[{""function"": ""member"", ""level"": ""[none:Calculation_334673811823804420:nk]"", ""member"": ""true"", ""{http://www.tableausoftware.com/xml/user}ui-domain"": ""relevant"", ""{http://www.tableausoftware.com/xml/user}ui-enumeration"": ""inclusive"", ""{http://www.tableausoftware.com/xml/user}ui-marker"": ""enumerate""}]"
2_1aTasasdepobreza,DHBEvolucinTemporal,2.1a Tasas de pobreza.twb,Evolución Temporal - Lineas x período,[federated.0qiz8oi1sb3cd813zi06q01yhyh5].[none:Calculation_334673811825987589:nk],categorical,"{""class"": ""categorical"", ""column"": ""[federated.0qiz8oi1sb3cd813zi06q01yhyh5].[none:Calculation_334673811825987589:nk]""}","[{""function"": ""member"", ""level"": ""[none:Calculation_334673811825987589:nk]"", ""member"": ""true"", ""{http://www.tableausoftware.com/xml/user}ui-domain"": ""relevant"", ""{http://www.tableausoftware.com/xml/user}ui-enumeration"": ""inclusive"", ""{http://www.tableausoftware.com/xml/user}ui-marker"": ""enumerate""}]"
2_1aTasasdepobreza,DHBEvolucinTemporal,2.1a Tasas de pobreza.twb,Evolución Temporal - Lineas x período,[federated.0qiz8oi1sb3cd813zi06q01yhyh5].[none:INDICADOR_NOMBRE (Indicadores):nk],categorical,"{""class"": ""categorical"", ""column"": ""[federated.0qiz8oi1sb3cd813zi06q01yhyh5].[none:INDICADOR_NOMBRE (Indicadores):nk]"", ""filter-group"": ""22""}","[{""function"": ""level-members"", ""level"": ""[none:INDICADOR_NOMBRE (Indicadores):nk]"", ""{http://www.tableausoftware.com/xml/user}ui-enumeration"": ""all"", ""{http://www.tableausoftware.com/xml/user}ui-marker"": ""enumerate""}]"
2_1aTasasdepobreza,DHBEvolucinTemporal,2.1a Tasas de pobreza.twb,Evolución Temporal . BTN,"[federated.0qiz8oi1sb3cd813zi06q01yhyh5].[Action (BTN Limpiar filtros,SELECCIONE)]",categorical,"{""class"": ""categorical"", ""column"": ""[federated.0qiz8oi1sb3cd813zi06q01yhyh5].[Action (BTN Limpiar filtros,SELECCIONE)]""}","[{""function"": ""crossjoin"", ""{http://www.tableausoftware.com/xml/user}ui-action-filter"": ""[Action88_A2306F1AF23E4F9CAD37CD015AD97FBE]"", ""{http://www.tableausoftware.com/xml/user}ui-domain"": ""database"", ""{http://www.tableausoftware.com/xml/user}ui-enumeration"": ""inclusive"", ""{http://www.tableausoftware.com/xml/user}ui-marker"": ""enumerate""}, {""function"": ""member"", ""level"": ""[BTN Distribuciones (copy)_4723009404404842516]"", ""member"": ""\""Limpiar filtros\""""}, {""function"": ""member"", ""level"": ""[Calculation_4723009402545549324]"", ""member"": ""\""Seleccione\""""}]"
2_1aTasasdepobreza,DHBEvolucinTemporal,2.1a Tasas de pobreza.twb,Evolución Temporal . BTN,[federated.0qiz8oi1sb3cd813zi06q01yhyh5].[DATOS_SERIES_TEMPORALES_1],categorical,"{""class"": ""categorical"", ""column"": ""[federated.0qiz8oi1sb3cd813zi06q01yhyh5].[DATOS_SERIES_TEMPORALES_1]"", ""filter-group"": ""20""}","[{""function"": ""level-members"", ""level"": ""[TIPO_DE_DATO]"", ""{http://www.tableausoftware.com/xml/user}ui-enumeration"": ""all"", ""{http://www.tableausoftware.com/xml/user}ui-marker"": ""enumerate""}]"
2_1aTasasdepobreza,DHBEvolucinTemporal,2.1a Tasas de pobreza.twb,Evolución Temporal . BTN,[federated.0qiz8oi1sb3cd813zi06q01yhyh5].[none:Calculation_334673811823804420:nk],categorical,"{""class"": ""categorical"", ""column"": ""[federated.0qiz8oi1sb3cd813zi06q01yhyh5].[none:Calculation_334673811823804420:nk]"", ""filter-group"": ""27""}","[{""function"": ""member"", ""level"": ""[none:Calculation_334673811823804420:nk]"", ""member"": ""true"", ""{http://www.tableausoftware.com/xml/user}ui-domain"": ""relevant"", ""{http://www.tableausoftware.com/xml/user}ui-enumeration"": ""inclusive"", ""{http://www.tableausoftware.com/xml/user}ui-marker"": ""enumerate""}]"
2_1aTasasdepobreza,DHBEvolucinTemporal,2.1a Tasas de pobreza.twb,Evolución Temporal . BTN,[federated.0qiz8oi1sb3cd813zi06q01yhyh5].[none:TABLERO_NOMBRE (Tableros):nk],categorical,"{""class"": ""categorical"", ""column"": ""[federated.0qiz8oi1sb3cd813zi06q01yhyh5].[none:TABLERO_NOMBRE (Tableros):nk]"", ""filter-group"": ""18""}","[{""expression"": ""[TABLERO_NOMBRE (Tableros)] = [Parameters].[Parámetro 2]"", ""function"": ""filter"", ""{http://www.tableausoftware.com/xml/user}ui-marker"": ""filter-by""}, {""function"": ""level-members"", ""level"": ""[none:TABLERO_NOMBRE (Tableros):nk]"", ""{http://www.tableausoftware.com/xml/user}ui-enumeration"": ""all"", ""{http://www.tableausoftware.com/xml/user}ui-marker"": ""enumerate""}]"
2_1aTasasdepobreza,DHBEvolucinTemporal,2.1a Tasas de pobreza.twb,Evolución temporal - Título,[federated.0qiz8oi1sb3cd813zi06q01yhyh5].[DATOS_SERIES_TEMPORALES_1],categorical,"{""class"": ""categorical"", ""column"": ""[federated.0qiz8oi1sb3cd813zi06q01yhyh5].[DATOS_SERIES_TEMPORALES_1]"", ""filter-group"": ""20""}","[{""function"": ""level-members"", ""level"": ""[TIPO_DE_DATO]"", ""{http://www.tableausoftware.com/xml/user}ui-enumeration"": ""all"", ""{http://www.tableausoftware.com/xml/user}ui-marker"": ""enumerate""}]"
2_1aTasasdepobreza,DHBEvolucinTemporal,2.1a Tasas de pobreza.twb,Evolución temporal - Título,[federated.0qiz8oi1sb3cd813zi06q01yhyh5].[none:BTN Mostrar Gráficos Cruces Relevantes (copy)_54254335887208452:nk],categorical,"{""class"": ""categorical"", ""column"": ""[federated.0qiz8oi1sb3cd813zi06q01yhyh5].[none:BTN Mostrar Gráficos Cruces Relevantes (copy)_54254335887208452:nk]"", ""filter-group"": ""16""}","[{""function"": ""member"", ""level"": ""[none:BTN Mostrar Gráficos Cruces Relevantes (copy)_54254335887208452:nk]"", ""member"": ""true"", ""{http://www.tableausoftware.com/xml/user}ui-domain"": ""relevant"", ""{http://www.tableausoftware.com/xml/user}ui-enumeration"": ""inclusive"", ""{http://www.tableausoftware.com/xml/user}ui-marker"": ""enumerate""}]"
2_1aTasasdepobreza,DHBEvolucinTemporal,2.1a Tasas de pobreza.twb,Evolución temporal - Título,[federated.0qiz8oi1sb3cd813zi06q01yhyh5].[none:Calculation_334673811823804420:nk],categorical,"{""class"": ""categorical"", ""column"": ""[federated.0qiz8oi1sb3cd813zi06q01yhyh5].[none:Calculation_334673811823804420:nk]"", ""filter-group"": ""27""}","[{""function"": ""member"", ""level"": ""[none:Calculation_334673811823804420:nk]"", ""member"": ""true"", ""{http://www.tableausoftware.com/xml/user}ui-domain"": ""relevant"", ""{http://www.tableausoftware.com/xml/user}ui-enumeration"": ""inclusive"", ""{http://www.tableausoftware.com/xml/user}ui-marker"": ""enumerate""}]"
2_1aTasasdepobreza,DHBEvolucinTemporal,2.1a Tasas de pobreza.twb,Evolución temporal - Título,[federated.0qiz8oi1sb3cd813zi06q01yhyh5].[none:INDICADOR_NOMBRE (Indicadores):nk],categorical,"{""class"": ""categorical"", ""column"": ""[federated.0qiz8oi1sb3cd813zi06q01yhyh5].[none:INDICADOR_NOMBRE (Indicadores):nk]"", ""filter-group"": ""22""}","[{""function"": ""level-members"", ""level"": ""[none:INDICADOR_NOMBRE (Indicadores):nk]"", ""{http://www.tableausoftware.com/xml/user}ui-enumeration"": ""all"", ""{http://www.tableausoftware.com/xml/user}ui-marker"": ""enumerate""}]"
2_1aTasasdepobreza,DHBEvolucinTemporal,2.1a Tasas de pobreza.twb,Home - BTN,"[federated.0qiz8oi1sb3cd813zi06q01yhyh5].[Action (BTN Limpiar filtros,SELECCIONE)]",categorical,"{""class"": ""categorical"", ""column"": ""[federated.0qiz8oi1sb3cd813zi06q01yhyh5].[Action (BTN Limpiar filtros,SELECCIONE)]""}","[{""function"": ""crossjoin"", ""{http://www.tableausoftware.com/xml/user}ui-action-filter"": ""[Action88_A2306F1AF23E4F9CAD37CD015AD97FBE]"", ""{http://www.tableausoftware.com/xml/user}ui-domain"": ""database"", ""{http://www.tableausoftware.com/xml/user}ui-enumeration"": ""inclusive"", ""{http://www.tableausoftware.com/xml/user}ui-marker"": ""enumerate""}, {""function"": ""member"", ""level"": ""[BTN Distribuciones (copy)_4723009404404842516]"", ""member"": ""\""Limpiar filtros\""""}, {""function"": ""member"", ""level"": ""[Calculation_4723009402545549324]"", ""member"": ""\""Seleccione\""""}]"
2_1aTasasdepobreza,DHBEvolucinTemporal,2.1a Tasas de pobreza.twb,Indicador - Datos,[federated.0qiz8oi1sb3cd813zi06q01yhyh5].[none:TABLERO_NOMBRE (Tableros):nk],categorical,"{""class"": ""categorical"", ""column"": ""[federated.0qiz8oi1sb3cd813zi06q01yhyh5].[none:TABLERO_NOMBRE (Tableros):nk]"", ""filter-group"": ""18""}","[{""expression"": ""[TABLERO_NOMBRE (Tableros)] = [Parameters].[Parámetro 2]"", ""function"": ""filter"", ""{http://www.tableausoftware.com/xml/user}ui-marker"": ""filter-by""}, {""function"": ""level-members"", ""level"": ""[none:TABLERO_NOMBRE (Tableros):nk]"", ""{http://www.tableausoftware.com/xml/user}ui-enumeration"": ""all"", ""{http://www.tableausoftware.com/xml/user}ui-marker"": ""enumerate""}]"
2_1aTasasdepobreza,DHBEvolucinTemporal,2.1a Tasas de pobreza.twb,Indicador - Datos,[federated.0qiz8oi1sb3cd813zi06q01yhyh5].[none:Visualizar Gráfico Tabla (copia)_2772247096855269376:nk],categorical,"{""class"": ""categorical"", ""column"": ""[federated.0qiz8oi1sb3cd813zi06q01yhyh5].[none:Visualizar Gráfico Tabla (copia)_2772247096855269376:nk]""}","[{""function"": ""member"", ""level"": ""[none:Visualizar Gráfico Tabla (copia)_2772247096855269376:nk]"", ""member"": ""true"", ""{http://www.tableausoftware.com/xml/user}ui-domain"": ""relevant"", ""{http://www.tableausoftware.com/xml/user}ui-enumeration"": ""inclusive"", ""{http://www.tableausoftware.com/xml/user}ui-marker"": ""enumerate""}]"
2_1aTasasdepobreza,DHBEvolucinTemporal,2.1a Tasas de pobreza.twb,Limpiar Filtros - BTN,"[federated.0qiz8oi1sb3cd813zi06q01yhyh5].[Action (BTN Limpiar filtros,SELECCIONE)]",categorical,"{""class"": ""categorical"", ""column"": ""[federated.0qiz8oi1sb3cd813zi06q01yhyh5].[Action (BTN Limpiar filtros,SELECCIONE)]""}","[{""function"": ""crossjoin"", ""{http://www.tableausoftware.com/xml/user}ui-action-filter"": ""[Action88_A2306F1AF23E4F9CAD37CD015AD97FBE]"", ""{http://www.tableausoftware.com/xml/user}ui-domain"": ""database"", ""{http://www.tableausoftware.com/xml/user}ui-enumeration"": ""inclusive"", ""{http://www.tableausoftware.com/xml/user}ui-marker"": ""enumerate""}, {""function"": ""member"", ""level"": ""[BTN Distribuciones (copy)_4723009404404842516]"", ""member"": ""\""Limpiar filtros\""""}, {""function"": ""member"", ""level"": ""[Calculation_4723009402545549324]"", ""member"": ""\""Seleccione\""""}]"
2_1aTasasdepobreza,DHBEvolucinTemporal,2.1a Tasas de pobreza.twb,Mapa Indicadores - BTN Abrir,"[federated.0qiz8oi1sb3cd813zi06q01yhyh5].[Action (BTN Limpiar filtros,SELECCIONE)]",categorical,"{""class"": ""categorical"", ""column"": ""[federated.0qiz8oi1sb3cd813zi06q01yhyh5].[Action (BTN Limpiar filtros,SELECCIONE)]""}","[{""function"": ""crossjoin"", ""{http://www.tableausoftware.com/xml/user}ui-action-filter"": ""[Action88_A2306F1AF23E4F9CAD37CD015AD97FBE]"", ""{http://www.tableausoftware.com/xml/user}ui-domain"": ""database"", ""{http://www.tableausoftware.com/xml/user}ui-enumeration"": ""inclusive"", ""{http://www.tableausoftware.com/xml/user}ui-marker"": ""enumerate""}, {""function"": ""member"", ""level"": ""[BTN Distribuciones (copy)_4723009404404842516]"", ""member"": ""\""Limpiar filtros\""""}, {""function"": ""member"", ""level"": ""[Calculation_4723009402545549324]"", ""member"": ""\""Seleccione\""""}]"
2_1aTasasdepobreza,DHBEvolucinTemporal,2.1a Tasas de pobreza.twb,Mapa Indicadores - BTN Abrir,[federated.0qiz8oi1sb3cd813zi06q01yhyh5].[none:Visualizar Gráfico Tabla (copia)_2772247096855269376:nk],categorical,"{""class"": ""categorical"", ""column"": ""[federated.0qiz8oi1sb3cd813zi06q01yhyh5].[none:Visualizar Gráfico Tabla (copia)_2772247096855269376:nk]""}","[{""function"": ""member"", ""level"": ""[none:Visualizar Gráfico Tabla (copia)_2772247096855269376:nk]"", ""member"": ""false"", ""{http://www.tableausoftware.com/xml/user}ui-domain"": ""relevant"", ""{http://www.tableausoftware.com/xml/user}ui-enumeration"": ""inclusive"", ""{http://www.tableausoftware.com/xml/user}ui-marker"": ""enumerate""}]"
2_1aTasasdepobreza,DHBEvolucinTemporal,2.1a Tasas de pobreza.twb,Mapa Indicadores - BTN Cerrar,"[federated.0qiz8oi1sb3cd813zi06q01yhyh5].[Action (BTN Limpiar filtros,SELECCIONE)]",categorical,"{""class"": ""categorical"", ""column"": ""[federated.0qiz8oi1sb3cd813zi06q01yhyh5].[Action (BTN Limpiar filtros,SELECCIONE)]""}","[{""function"": ""crossjoin"", ""{http://www.tableausoftware.com/xml/user}ui-action-filter"": ""[Action88_A2306F1AF23E4F9CAD37CD015AD97FBE]"", ""{http://www.tableausoftware.com/xml/user}ui-domain"": ""database"", ""{http://www.tableausoftware.com/xml/user}ui-enumeration"": ""inclusive"", ""{http://www.tableausoftware.com/xml/user}ui-marker"": ""enumerate""}, {""function"": ""member"", ""level"": ""[BTN Distribuciones (copy)_4723009404404842516]"", ""member"": ""\""Limpiar filtros\""""}, {""function"": ""member"", ""level"": ""[Calculation_4723009402545549324]"", ""member"": ""\""Seleccione\""""}]"
2_1aTasasdepobreza,DHBEvolucinTemporal,2.1a Tasas de pobreza.twb,Mapa Indicadores - BTN Cerrar,[federated.0qiz8oi1sb3cd813zi06q01yhyh5].[none:Visualizar Gráfico Tabla (copia)_2772247096855269376:nk],categorical,"{""class"": ""categorical"", ""column"": ""[federated.0qiz8oi1sb3cd813zi06q01yhyh5].[none:Visualizar Gráfico Tabla (copia)_2772247096855269376:nk]""}","[{""function"": ""member"", ""level"": ""[none:Visualizar Gráfico Tabla (copia)_2772247096855269376:nk]"", ""member"": ""true"", ""{http://www.tableausoftware.com/xml/user}ui-domain"": ""relevant"", ""{http://www.tableausoftware.com/xml/user}ui-enumeration"": ""inclusive"", ""{http://www.tableausoftware.com/xml/user}ui-marker"": ""enumerate""}]"
2_1aTasasdepobreza,DHBEvolucinTemporal,2.1a Tasas de pobreza.twb,Mapa Indicadores - Tabla,"[federated.0qiz8oi1sb3cd813zi06q01yhyh5].[Action (BTN Limpiar filtros,SELECCIONE)]",categorical,"{""class"": ""categorical"", ""column"": ""[federated.0qiz8oi1sb3cd813zi06q01yhyh5].[Action (BTN Limpiar filtros,SELECCIONE)]""}","[{""function"": ""crossjoin"", ""{http://www.tableausoftware.com/xml/user}ui-action-filter"": ""[Action88_A2306F1AF23E4F9CAD37CD015AD97FBE]"", ""{http://www.tableausoftware.com/xml/user}ui-domain"": ""database"", ""{http://www.tableausoftware.com/xml/user}ui-enumeration"": ""inclusive"", ""{http://www.tableausoftware.com/xml/user}ui-marker"": ""enumerate""}, {""function"": ""member"", ""level"": ""[BTN Distribuciones (copy)_4723009404404842516]"", ""member"": ""\""Limpiar filtros\""""}, {""function"": ""member"", ""level"": ""[Calculation_4723009402545549324]"", ""member"": ""\""Seleccione\""""}]"
2_1aTasasdepobreza,DHBEvolucinTemporal,2.1a Tasas de pobreza.twb,Mapa Indicadores - Tabla,[federated.0qiz8oi1sb3cd813zi06q01yhyh5].[none:TABLERO_NOMBRE (Tableros):nk],categorical,"{""class"": ""categorical"", ""column"": ""[federated.0qiz8oi1sb3cd813zi06q01yhyh5].[none:TABLERO_NOMBRE (Tableros):nk]"", ""filter-group"": ""18""}","[{""expression"": ""[TABLERO_NOMBRE (Tableros)] = [Parameters].[Parámetro 2]"", ""function"": ""filter"", ""{http://www.tableausoftware.com/xml/user}ui-marker"": ""filter-by""}, {""function"": ""level-members"", ""level"": ""[none:TABLERO_NOMBRE (Tableros):nk]"", ""{http://www.tableausoftware.com/xml/user}ui-enumeration"": ""all"", ""{http://www.tableausoftware.com/xml/user}ui-marker"": ""enumerate""}]"
2_1aTasasdepobreza,DHBEvolucinTemporal,2.1a Tasas de pobreza.twb,Mapa Indicadores - Tabla,[federated.0qiz8oi1sb3cd813zi06q01yhyh5].[none:Visualizar Gráfico Tabla (copia)_2772247096855269376:nk],categorical,"{""class"": ""categorical"", ""column"": ""[federated.0qiz8oi1sb3cd813zi06q01yhyh5].[none:Visualizar Gráfico Tabla (copia)_2772247096855269376:nk]""}","[{""function"": ""member"", ""level"": ""[none:Visualizar Gráfico Tabla (copia)_2772247096855269376:nk]"", ""member"": ""true"", ""{http://www.tableausoftware.com/xml/user}ui-domain"": ""relevant"", ""{http://www.tableausoftware.com/xml/user}ui-enumeration"": ""inclusive"", ""{http://www.tableausoftware.com/xml/user}ui-marker"": ""enumerate""}]"
2_1aTasasdepobreza,DHBEvolucinTemporal,2.1a Tasas de pobreza.twb,Mapa Indicadores - Titulo,"[federated.0qiz8oi1sb3cd813zi06q01yhyh5].[Action (BTN Limpiar filtros,SELECCIONE)]",categorical,"{""class"": ""categorical"", ""column"": ""[federated.0qiz8oi1sb3cd813zi06q01yhyh5].[Action (BTN Limpiar filtros,SELECCIONE)]""}","[{""function"": ""crossjoin"", ""{http://www.tableausoftware.com/xml/user}ui-action-filter"": ""[Action88_A2306F1AF23E4F9CAD37CD015AD97FBE]"", ""{http://www.tableausoftware.com/xml/user}ui-domain"": ""database"", ""{http://www.tableausoftware.com/xml/user}ui-enumeration"": ""inclusive"", ""{http://www.tableausoftware.com/xml/user}ui-marker"": ""enumerate""}, {""function"": ""member"", ""level"": ""[BTN Distribuciones (copy)_4723009404404842516]"", ""member"": ""\""Limpiar filtros\""""}, {""function"": ""member"", ""level"": ""[Calculation_4723009402545549324]"", ""member"": ""\""Seleccione\""""}]"
2_1aTasasdepobreza,DHBEvolucinTemporal,2.1a Tasas de pobreza.twb,Tablero - BTN Documentación,"[federated.0qiz8oi1sb3cd813zi06q01yhyh5].[Action (BTN Limpiar filtros,SELECCIONE)]",categorical,"{""class"": ""categorical"", ""column"": ""[federated.0qiz8oi1sb3cd813zi06q01yhyh5].[Action (BTN Limpiar filtros,SELECCIONE)]""}","[{""function"": ""crossjoin"", ""{http://www.tableausoftware.com/xml/user}ui-action-filter"": ""[Action88_A2306F1AF23E4F9CAD37CD015AD97FBE]"", ""{http://www.tableausoftware.com/xml/user}ui-domain"": ""database"", ""{http://www.tableausoftware.com/xml/user}ui-enumeration"": ""inclusive"", ""{http://www.tableausoftware.com/xml/user}ui-marker"": ""enumerate""}, {""function"": ""member"", ""level"": ""[BTN Distribuciones (copy)_4723009404404842516]"", ""member"": ""\""Limpiar filtros\""""}, {""function"": ""member"", ""level"": ""[Calculation_4723009402545549324]"", ""member"": ""\""Seleccione\""""}]"
2_1aTasasdepobreza,DHBEvolucinTemporal,2.1a Tasas de pobreza.twb,Tablero - BTN Documentación,[federated.0qiz8oi1sb3cd813zi06q01yhyh5].[none:TABLERO_NOMBRE (Tableros):nk],categorical,"{""class"": ""categorical"", ""column"": ""[federated.0qiz8oi1sb3cd813zi06q01yhyh5].[none:TABLERO_NOMBRE (Tableros):nk]"", ""filter-group"": ""18""}","[{""expression"": ""[TABLERO_NOMBRE (Tableros)] = [Parameters].[Parámetro 2]"", ""function"": ""filter"", ""{http://www.tableausoftware.com/xml/user}ui-marker"": ""filter-by""}, {""function"": ""level-members"", ""level"": ""[none:TABLERO_NOMBRE (Tableros):nk]"", ""{http://www.tableausoftware.com/xml/user}ui-enumeration"": ""all"", ""{http://www.tableausoftware.com/xml/user}ui-marker"": ""enumerate""}]"
2_1aTasasdepobreza,DHBEvolucinTemporal,2.1a Tasas de pobreza.twb,Tablero - BTN Ficha indicadores,"[federated.0qiz8oi1sb3cd813zi06q01yhyh5].[Action (BTN Limpiar filtros,SELECCIONE)]",categorical,"{""class"": ""categorical"", ""column"": ""[federated.0qiz8oi1sb3cd813zi06q01yhyh5].[Action (BTN Limpiar filtros,SELECCIONE)]""}","[{""function"": ""crossjoin"", ""{http://www.tableausoftware.com/xml/user}ui-action-filter"": ""[Action88_A2306F1AF23E4F9CAD37CD015AD97FBE]"", ""{http://www.tableausoftware.com/xml/user}ui-domain"": ""database"", ""{http://www.tableausoftware.com/xml/user}ui-enumeration"": ""inclusive"", ""{http://www.tableausoftware.com/xml/user}ui-marker"": ""enumerate""}, {""function"": ""member"", ""level"": ""[BTN Distribuciones (copy)_4723009404404842516]"", ""member"": ""\""Limpiar filtros\""""}, {""function"": ""member"", ""level"": ""[Calculation_4723009402545549324]"", ""member"": ""\""Seleccione\""""}]"
2_1aTasasdepobreza,DHBEvolucinTemporal,2.1a Tasas de pobreza.twb,Tablero - BTN Ficha indicadores,[federated.0qiz8oi1sb3cd813zi06q01yhyh5].[none:TABLERO_NOMBRE (Tableros):nk],categorical,"{""class"": ""categorical"", ""column"": ""[federated.0qiz8oi1sb3cd813zi06q01yhyh5].[none:TABLERO_NOMBRE (Tableros):nk]"", ""filter-group"": ""18""}","[{""expression"": ""[TABLERO_NOMBRE (Tableros)] = [Parameters].[Parámetro 2]"", ""function"": ""filter"", ""{http://www.tableausoftware.com/xml/user}ui-marker"": ""filter-by""}, {""function"": ""level-members"", ""level"": ""[none:TABLERO_NOMBRE (Tableros):nk]"", ""{http://www.tableausoftware.com/xml/user}ui-enumeration"": ""all"", ""{http://www.tableausoftware.com/xml/user}ui-marker"": ""enumerate""}]"
2_1aTasasdepobreza,DHBEvolucinTemporal,2.1a Tasas de pobreza.twb,Tablero - BTN Reportes,"[federated.0qiz8oi1sb3cd813zi06q01yhyh5].[Action (BTN Limpiar filtros,SELECCIONE)]",categorical,"{""class"": ""categorical"", ""column"": ""[federated.0qiz8oi1sb3cd813zi06q01yhyh5].[Action (BTN Limpiar filtros,SELECCIONE)]""}","[{""function"": ""crossjoin"", ""{http://www.tableausoftware.com/xml/user}ui-action-filter"": ""[Action88_A2306F1AF23E4F9CAD37CD015AD97FBE]"", ""{http://www.tableausoftware.com/xml/user}ui-domain"": ""database"", ""{http://www.tableausoftware.com/xml/user}ui-enumeration"": ""inclusive"", ""{http://www.tableausoftware.com/xml/user}ui-marker"": ""enumerate""}, {""function"": ""member"", ""level"": ""[BTN Distribuciones (copy)_4723009404404842516]"", ""member"": ""\""Limpiar filtros\""""}, {""function"": ""member"", ""level"": ""[Calculation_4723009402545549324]"", ""member"": ""\""Seleccione\""""}]"
2_1aTasasdepobreza,DHBEvolucinTemporal,2.1a Tasas de pobreza.twb,Tablero - BTN Reportes,[federated.0qiz8oi1sb3cd813zi06q01yhyh5].[none:TABLERO_NOMBRE (Tableros):nk],categorical,"{""class"": ""categorical"", ""column"": ""[federated.0qiz8oi1sb3cd813zi06q01yhyh5].[none:TABLERO_NOMBRE (Tableros):nk]"", ""filter-group"": ""18""}","[{""expression"": ""[TABLERO_NOMBRE (Tableros)] = [Parameters].[Parámetro 2]"", ""function"": ""filter"", ""{http://www.tableausoftware.com/xml/user}ui-marker"": ""filter-by""}, {""function"": ""level-members"", ""level"": ""[none:TABLERO_NOMBRE (Tableros):nk]"", ""{http://www.tableausoftware.com/xml/user}ui-enumeration"": ""all"", ""{http://www.tableausoftware.com/xml/user}ui-marker"": ""enumerate""}]"
2_1aTasasdepobreza,DHBEvolucinTemporal,2.1a Tasas de pobreza.twb,Tablero - Datos,"[federated.0qiz8oi1sb3cd813zi06q01yhyh5].[Action (BTN Limpiar filtros,SELECCIONE)]",categorical,"{""class"": ""categorical"", ""column"": ""[federated.0qiz8oi1sb3cd813zi06q01yhyh5].[Action (BTN Limpiar filtros,SELECCIONE)]""}","[{""function"": ""crossjoin"", ""{http://www.tableausoftware.com/xml/user}ui-action-filter"": ""[Action88_A2306F1AF23E4F9CAD37CD015AD97FBE]"", ""{http://www.tableausoftware.com/xml/user}ui-domain"": ""database"", ""{http://www.tableausoftware.com/xml/user}ui-enumeration"": ""inclusive"", ""{http://www.tableausoftware.com/xml/user}ui-marker"": ""enumerate""}, {""function"": ""member"", ""level"": ""[BTN Distribuciones (copy)_4723009404404842516]"", ""member"": ""\""Limpiar filtros\""""}, {""function"": ""member"", ""level"": ""[Calculation_4723009402545549324]"", ""member"": ""\""Seleccione\""""}]"
2_1aTasasdepobreza,DHBEvolucinTemporal,2.1a Tasas de pobreza.twb,Tablero - Datos,[federated.0qiz8oi1sb3cd813zi06q01yhyh5].[none:TABLERO_NOMBRE (Tableros):nk],categorical,"{""class"": ""categorical"", ""column"": ""[federated.0qiz8oi1sb3cd813zi06q01yhyh5].[none:TABLERO_NOMBRE (Tableros):nk]"", ""filter-group"": ""18""}","[{""expression"": ""[TABLERO_NOMBRE (Tableros)] = [Parameters].[Parámetro 2]"", ""function"": ""filter"", ""{http://www.tableausoftware.com/xml/user}ui-marker"": ""filter-by""}, {""function"": ""level-members"", ""level"": ""[none:TABLERO_NOMBRE (Tableros):nk]"", ""{http://www.tableausoftware.com/xml/user}ui-enumeration"": ""all"", ""{http://www.tableausoftware.com/xml/user}ui-marker"": ""enumerate""}]"
2_1aTasasdepobreza,DHBEvolucinTemporal,2.1a Tasas de pobreza.twb,Tablero - Datos,[federated.0qiz8oi1sb3cd813zi06q01yhyh5].[none:TEMA_NOMBRE (Temas):nk],categorical,"{""class"": ""categorical"", ""column"": ""[federated.0qiz8oi1sb3cd813zi06q01yhyh5].[none:TEMA_NOMBRE (Temas):nk]""}","[{""function"": ""level-members"", ""level"": ""[none:TEMA_NOMBRE (Temas):nk]"", ""{http://www.tableausoftware.com/xml/user}ui-enumeration"": ""all"", ""{http://www.tableausoftware.com/xml/user}ui-marker"": ""enumerate""}]"
2_1aTasasdepobreza,DHBEvolucinTemporal,2.1a Tasas de pobreza.twb,Tablero - Gráficos,[federated.0qiz8oi1sb3cd813zi06q01yhyh5].[none:TABLERO_NOMBRE (Tableros):nk],categorical,"{""class"": ""categorical"", ""column"": ""[federated.0qiz8oi1sb3cd813zi06q01yhyh5].[none:TABLERO_NOMBRE (Tableros):nk]"", ""filter-group"": ""18""}","[{""expression"": ""[TABLERO_NOMBRE (Tableros)] = [Parameters].[Parámetro 2]"", ""function"": ""filter"", ""{http://www.tableausoftware.com/xml/user}ui-marker"": ""filter-by""}, {""function"": ""level-members"", ""level"": ""[none:TABLERO_NOMBRE (Tableros):nk]"", ""{http://www.tableausoftware.com/xml/user}ui-enumeration"": ""all"", ""{http://www.tableausoftware.com/xml/user}ui-marker"": ""enumerate""}]"
2_1aTasasdepobreza,DHBEvolucinTemporal,2.1a Tasas de pobreza.twb,Tablero - Secciones,[federated.0qiz8oi1sb3cd813zi06q01yhyh5].[none:TABLERO_NOMBRE (Tableros):nk],categorical,"{""class"": ""categorical"", ""column"": ""[federated.0qiz8oi1sb3cd813zi06q01yhyh5].[none:TABLERO_NOMBRE (Tableros):nk]"", ""filter-group"": ""18""}","[{""expression"": ""[TABLERO_NOMBRE (Tableros)] = [Parameters].[Parámetro 2]"", ""function"": ""filter"", ""{http://www.tableausoftware.com/xml/user}ui-marker"": ""filter-by""}, {""function"": ""level-members"", ""level"": ""[none:TABLERO_NOMBRE (Tableros):nk]"", ""{http://www.tableausoftware.com/xml/user}ui-enumeration"": ""all"", ""{http://www.tableausoftware.com/xml/user}ui-marker"": ""enumerate""}]"
2_1aTasasdepobreza,DHBEvolucinTemporal,2.1a Tasas de pobreza.twb,Temas - Tabla,[federated.0qiz8oi1sb3cd813zi06q01yhyh5].[none:TEMA_DE_SISTEMA:nk],categorical,"{""class"": ""categorical"", ""column"": ""[federated.0qiz8oi1sb3cd813zi06q01yhyh5].[none:TEMA_DE_SISTEMA:nk]""}","[{""function"": ""member"", ""level"": ""[none:TEMA_DE_SISTEMA:nk]"", ""member"": ""\""false\"""", ""{http://www.tableausoftware.com/xml/user}ui-domain"": ""relevant"", ""{http://www.tableausoftware.com/xml/user}ui-enumeration"": ""inclusive"", ""{http://www.tableausoftware.com/xml/user}ui-marker"": ""enumerate""}]"
2_1aTasasdepobreza,DHBEvolucinTemporal,2.1a Tasas de pobreza.twb,Temas - Tabla (2),[federated.0qiz8oi1sb3cd813zi06q01yhyh5].[none:TEMA_DE_SISTEMA:nk],categorical,"{""class"": ""categorical"", ""column"": ""[federated.0qiz8oi1sb3cd813zi06q01yhyh5].[none:TEMA_DE_SISTEMA:nk]""}","[{""function"": ""member"", ""level"": ""[none:TEMA_DE_SISTEMA:nk]"", ""member"": ""\""false\"""", ""{http://www.tableausoftware.com/xml/user}ui-domain"": ""relevant"", ""{http://www.tableausoftware.com/xml/user}ui-enumeration"": ""inclusive"", ""{http://www.tableausoftware.com/xml/user}ui-marker"": ""enumerate""}]"
2_1aTasasdepobreza,DHBEvolucinTemporal,2.1a Tasas de pobreza.twb,Temas - Tabla (3),[federated.0qiz8oi1sb3cd813zi06q01yhyh5].[none:TEMA_DE_SISTEMA:nk],categorical,"{""class"": ""categorical"", ""column"": ""[federated.0qiz8oi1sb3cd813zi06q01yhyh5].[none:TEMA_DE_SISTEMA:nk]""}","[{""function"": ""member"", ""level"": ""[none:TEMA_DE_SISTEMA:nk]"", ""member"": ""\""false\"""", ""{http://www.tableausoftware.com/xml/user}ui-domain"": ""relevant"", ""{http://www.tableausoftware.com/xml/user}ui-enumeration"": ""inclusive"", ""{http://www.tableausoftware.com/xml/user}ui-marker"": ""enumerate""}]"
3_3dMatrculaECNivelSecundario,DHBEvolucinTemporal,3.3d Matr├¡cula EC Nivel secundario.twb,Admin SM - BTN Instructivo Navegación,"[federated.0qiz8oi1sb3cd813zi06q01yhyh5].[Action (BTN Limpiar filtros,SELECCIONE)]",categorical,"{""class"": ""categorical"", ""column"": ""[federated.0qiz8oi1sb3cd813zi06q01yhyh5].[Action (BTN Limpiar filtros,SELECCIONE)]""}","[{""function"": ""crossjoin"", ""{http://www.tableausoftware.com/xml/user}ui-action-filter"": ""[Action88_A2306F1AF23E4F9CAD37CD015AD97FBE]"", ""{http://www.tableausoftware.com/xml/user}ui-domain"": ""database"", ""{http://www.tableausoftware.com/xml/user}ui-enumeration"": ""inclusive"", ""{http://www.tableausoftware.com/xml/user}ui-marker"": ""enumerate""}, {""function"": ""member"", ""level"": ""[BTN Distribuciones (copy)_4723009404404842516]"", ""member"": ""\""Limpiar filtros\""""}, {""function"": ""member"", ""level"": ""[Calculation_4723009402545549324]"", ""member"": ""\""Seleccione\""""}]"
3_3dMatrculaECNivelSecundario,DHBEvolucinTemporal,3.3d Matr├¡cula EC Nivel secundario.twb,Admin SM - Contacto,"[federated.0qiz8oi1sb3cd813zi06q01yhyh5].[Action (BTN Limpiar filtros,SELECCIONE)]",categorical,"{""class"": ""categorical"", ""column"": ""[federated.0qiz8oi1sb3cd813zi06q01yhyh5].[Action (BTN Limpiar filtros,SELECCIONE)]""}","[{""function"": ""crossjoin"", ""{http://www.tableausoftware.com/xml/user}ui-action-filter"": ""[Action88_A2306F1AF23E4F9CAD37CD015AD97FBE]"", ""{http://www.tableausoftware.com/xml/user}ui-domain"": ""database"", ""{http://www.tableausoftware.com/xml/user}ui-enumeration"": ""inclusive"", ""{http://www.tableausoftware.com/xml/user}ui-marker"": ""enumerate""}, {""function"": ""member"", ""level"": ""[BTN Distribuciones (copy)_4723009404404842516]"", ""member"": ""\""Limpiar filtros\""""}, {""function"": ""member"", ""level"": ""[Calculation_4723009402545549324]"", ""member"": ""\""Seleccione\""""}]"
3_3dMatrculaECNivelSecundario,DHBEvolucinTemporal,3.3d Matr├¡cula EC Nivel secundario.twb,Caracteristicas - BTN Mostrar Gráficos,"[federated.0qiz8oi1sb3cd813zi06q01yhyh5].[Action (BTN Limpiar filtros,SELECCIONE)]",categorical,"{""class"": ""categorical"", ""column"": ""[federated.0qiz8oi1sb3cd813zi06q01yhyh5].[Action (BTN Limpiar filtros,SELECCIONE)]""}","[{""function"": ""crossjoin"", ""{http://www.tableausoftware.com/xml/user}ui-action-filter"": ""[Action88_A2306F1AF23E4F9CAD37CD015AD97FBE]"", ""{http://www.tableausoftware.com/xml/user}ui-domain"": ""database"", ""{http://www.tableausoftware.com/xml/user}ui-enumeration"": ""inclusive"", ""{http://www.tableausoftware.com/xml/user}ui-marker"": ""enumerate""}, {""function"": ""member"", ""level"": ""[BTN Distribuciones (copy)_4723009404404842516]"", ""member"": ""\""Limpiar filtros\""""}, {""function"": ""member"", ""level"": ""[Calculation_4723009402545549324]"", ""member"": ""\""Seleccione\""""}]"
3_3dMatrculaECNivelSecundario,DHBEvolucinTemporal,3.3d Matr├¡cula EC Nivel secundario.twb,Caracteristicas - BTN Mostrar Gráficos,[federated.0qiz8oi1sb3cd813zi06q01yhyh5].[none:Visualizar Indicadores (copy)_4723009404655362069:nk],categorical,"{""class"": ""categorical"", ""column"": ""[federated.0qiz8oi1sb3cd813zi06q01yhyh5].[none:Visualizar Indicadores (copy)_4723009404655362069:nk]""}","[{""function"": ""member"", ""level"": ""[none:Visualizar Indicadores (copy)_4723009404655362069:nk]"", ""member"": ""false"", ""{http://www.tableausoftware.com/xml/user}ui-domain"": ""relevant"", ""{http://www.tableausoftware.com/xml/user}ui-enumeration"": ""inclusive"", ""{http://www.tableausoftware.com/xml/user}ui-marker"": ""enumerate""}]"
3_3dMatrculaECNivelSecundario,DHBEvolucinTemporal,3.3d Matr├¡cula EC Nivel secundario.twb,Características - BTN,"[federated.0qiz8oi1sb3cd813zi06q01yhyh5].[Action (BTN Limpiar filtros,SELECCIONE)]",categorical,"{""class"": ""categorical"", ""column"": ""[federated.0qiz8oi1sb3cd813zi06q01yhyh5].[Action (BTN Limpiar filtros,SELECCIONE)]""}","[{""function"": ""crossjoin"", ""{http://www.tableausoftware.com/xml/user}ui-action-filter"": ""[Action88_A2306F1AF23E4F9CAD37CD015AD97FBE]"", ""{http://www.tableausoftware.com/xml/user}ui-domain"": ""database"", ""{http://www.tableausoftware.com/xml/user}ui-enumeration"": ""inclusive"", ""{http://www.tableausoftware.com/xml/user}ui-marker"": ""enumerate""}, {""function"": ""member"", ""level"": ""[BTN Distribuciones (copy)_4723009404404842516]"", ""member"": ""\""Limpiar filtros\""""}, {""function"": ""member"", ""level"": ""[Calculation_4723009402545549324]"", ""member"": ""\""Seleccione\""""}]"
3_3dMatrculaECNivelSecundario,DHBEvolucinTemporal,3.3d Matr├¡cula EC Nivel secundario.twb,Características - BTN,[federated.0qiz8oi1sb3cd813zi06q01yhyh5].[DATOS_DISTRIBUCIONES_1],categorical,"{""class"": ""categorical"", ""column"": ""[federated.0qiz8oi1sb3cd813zi06q01yhyh5].[DATOS_DISTRIBUCIONES_1]"", ""filter-group"": ""26""}","[{""function"": ""level-members"", ""level"": ""[TIPO_DE_DATO]"", ""{http://www.tableausoftware.com/xml/user}ui-enumeration"": ""all"", ""{http://www.tableausoftware.com/xml/user}ui-marker"": ""enumerate""}]"
3_3dMatrculaECNivelSecundario,DHBEvolucinTemporal,3.3d Matr├¡cula EC Nivel secundario.twb,Características - BTN,[federated.0qiz8oi1sb3cd813zi06q01yhyh5].[none:Calculation_334673811823804420:nk],categorical,"{""class"": ""categorical"", ""column"": ""[federated.0qiz8oi1sb3cd813zi06q01yhyh5].[none:Calculation_334673811823804420:nk]"", ""filter-group"": ""27""}","[{""function"": ""member"", ""level"": ""[none:Calculation_334673811823804420:nk]"", ""member"": ""true"", ""{http://www.tableausoftware.com/xml/user}ui-domain"": ""relevant"", ""{http://www.tableausoftware.com/xml/user}ui-enumeration"": ""inclusive"", ""{http://www.tableausoftware.com/xml/user}ui-marker"": ""enumerate""}]"
3_3dMatrculaECNivelSecundario,DHBEvolucinTemporal,3.3d Matr├¡cula EC Nivel secundario.twb,Características - Barras,[federated.0qiz8oi1sb3cd813zi06q01yhyh5].[DATOS_DISTRIBUCIONES_1],categorical,"{""class"": ""categorical"", ""column"": ""[federated.0qiz8oi1sb3cd813zi06q01yhyh5].[DATOS_DISTRIBUCIONES_1]"", ""filter-group"": ""26""}","[{""function"": ""level-members"", ""level"": ""[TIPO_DE_DATO]"", ""{http://www.tableausoftware.com/xml/user}ui-enumeration"": ""all"", ""{http://www.tableausoftware.com/xml/user}ui-marker"": ""enumerate""}]"
3_3dMatrculaECNivelSecundario,DHBEvolucinTemporal,3.3d Matr├¡cula EC Nivel secundario.twb,Características - Barras,[federated.0qiz8oi1sb3cd813zi06q01yhyh5].[none:ANIO:ok],categorical,"{""class"": ""categorical"", ""column"": ""[federated.0qiz8oi1sb3cd813zi06q01yhyh5].[none:ANIO:ok]"", ""filter-group"": ""6""}","[{""function"": ""level-members"", ""level"": ""[none:ANIO:ok]"", ""{http://www.tableausoftware.com/xml/user}ui-enumeration"": ""all"", ""{http://www.tableausoftware.com/xml/user}ui-marker"": ""enumerate""}]"
3_3dMatrculaECNivelSecundario,DHBEvolucinTemporal,3.3d Matr├¡cula EC Nivel secundario.twb,Características - Barras,[federated.0qiz8oi1sb3cd813zi06q01yhyh5].[none:APERTURA_NIVEL_1:nk],categorical,"{""class"": ""categorical"", ""column"": ""[federated.0qiz8oi1sb3cd813zi06q01yhyh5].[none:APERTURA_NIVEL_1:nk]"", ""filter-group"": ""11""}","[{""function"": ""level-members"", ""level"": ""[none:APERTURA_NIVEL_1:nk]"", ""{http://www.tableausoftware.com/xml/user}ui-enumeration"": ""all"", ""{http://www.tableausoftware.com/xml/user}ui-marker"": ""enumerate""}]"
3_3dMatrculaECNivelSecundario,DHBEvolucinTemporal,3.3d Matr├¡cula EC Nivel secundario.twb,Características - Barras,[federated.0qiz8oi1sb3cd813zi06q01yhyh5].[none:Calculation_334673811823804420:nk],categorical,"{""class"": ""categorical"", ""column"": ""[federated.0qiz8oi1sb3cd813zi06q01yhyh5].[none:Calculation_334673811823804420:nk]"", ""filter-group"": ""27""}","[{""function"": ""member"", ""level"": ""[none:Calculation_334673811823804420:nk]"", ""member"": ""true"", ""{http://www.tableausoftware.com/xml/user}ui-domain"": ""relevant"", ""{http://www.tableausoftware.com/xml/user}ui-enumeration"": ""inclusive"", ""{http://www.tableausoftware.com/xml/user}ui-marker"": ""enumerate""}]"
3_3dMatrculaECNivelSecundario,DHBEvolucinTemporal,3.3d Matr├¡cula EC Nivel secundario.twb,Características - Barras,[federated.0qiz8oi1sb3cd813zi06q01yhyh5].[none:Calculation_334673811825987589:nk],categorical,"{""class"": ""categorical"", ""column"": ""[federated.0qiz8oi1sb3cd813zi06q01yhyh5].[none:Calculation_334673811825987589:nk]"", ""filter-group"": ""8""}","[{""function"": ""member"", ""level"": ""[none:Calculation_334673811825987589:nk]"", ""member"": ""true"", ""{http://www.tableausoftware.com/xml/user}ui-domain"": ""relevant"", ""{http://www.tableausoftware.com/xml/user}ui-enumeration"": ""inclusive"", ""{http://www.tableausoftware.com/xml/user}ui-marker"": ""enumerate""}]"
3_3dMatrculaECNivelSecundario,DHBEvolucinTemporal,3.3d Matr├¡cula EC Nivel secundario.twb,Características - Barras,[federated.0qiz8oi1sb3cd813zi06q01yhyh5].[none:Distribuciones - Visualizar Gráfico Torta (copy)_159666739711741954:qk],quantitative,"{""class"": ""quantitative"", ""column"": ""[federated.0qiz8oi1sb3cd813zi06q01yhyh5].[none:Distribuciones - Visualizar Gráfico Torta (copy)_159666739711741954:qk]"", ""included-values"": ""in-range-or-null""}",[]
3_3dMatrculaECNivelSecundario,DHBEvolucinTemporal,3.3d Matr├¡cula EC Nivel secundario.twb,Características - Barras,[federated.0qiz8oi1sb3cd813zi06q01yhyh5].[none:INDICADOR_NOMBRE (Indicadores):nk],categorical,"{""class"": ""categorical"", ""column"": ""[federated.0qiz8oi1sb3cd813zi06q01yhyh5].[none:INDICADOR_NOMBRE (Indicadores):nk]"", ""filter-group"": ""7""}","[{""function"": ""level-members"", ""level"": ""[none:INDICADOR_NOMBRE (Indicadores):nk]"", ""{http://www.tableausoftware.com/xml/user}ui-enumeration"": ""all"", ""{http://www.tableausoftware.com/xml/user}ui-marker"": ""enumerate""}]"
3_3dMatrculaECNivelSecundario,DHBEvolucinTemporal,3.3d Matr├¡cula EC Nivel secundario.twb,Características - Barras,[federated.0qiz8oi1sb3cd813zi06q01yhyh5].[none:UNIDAD_GEOGRAFICA_NOMBRE:nk],categorical,"{""class"": ""categorical"", ""column"": ""[federated.0qiz8oi1sb3cd813zi06q01yhyh5].[none:UNIDAD_GEOGRAFICA_NOMBRE:nk]"", ""filter-group"": ""17""}","[{""function"": ""level-members"", ""level"": ""[none:UNIDAD_GEOGRAFICA_NOMBRE:nk]"", ""{http://www.tableausoftware.com/xml/user}ui-enumeration"": ""all"", ""{http://www.tableausoftware.com/xml/user}ui-marker"": ""enumerate""}]"
3_3dMatrculaECNivelSecundario,DHBEvolucinTemporal,3.3d Matr├¡cula EC Nivel secundario.twb,Características - Barras,[federated.0qiz8oi1sb3cd813zi06q01yhyh5].[none:Visualizar Indicadores (copy)_4723009404679073821:nk],categorical,"{""class"": ""categorical"", ""column"": ""[federated.0qiz8oi1sb3cd813zi06q01yhyh5].[none:Visualizar Indicadores (copy)_4723009404679073821:nk]"", ""filter-group"": ""12""}","[{""function"": ""member"", ""level"": ""[none:Visualizar Indicadores (copy)_4723009404679073821:nk]"", ""member"": ""true"", ""{http://www.tableausoftware.com/xml/user}ui-domain"": ""relevant"", ""{http://www.tableausoftware.com/xml/user}ui-enumeration"": ""inclusive"", ""{http://www.tableausoftware.com/xml/user}ui-marker"": ""enumerate""}]"
3_3dMatrculaECNivelSecundario,DHBEvolucinTemporal,3.3d Matr├¡cula EC Nivel secundario.twb,Características - Filtro,[federated.0qiz8oi1sb3cd813zi06q01yhyh5].[DATOS_DISTRIBUCIONES_1],categorical,"{""class"": ""categorical"", ""column"": ""[federated.0qiz8oi1sb3cd813zi06q01yhyh5].[DATOS_DISTRIBUCIONES_1]"", ""filter-group"": ""26""}","[{""function"": ""level-members"", ""level"": ""[TIPO_DE_DATO]"", ""{http://www.tableausoftware.com/xml/user}ui-enumeration"": ""all"", ""{http://www.tableausoftware.com/xml/user}ui-marker"": ""enumerate""}]"
3_3dMatrculaECNivelSecundario,DHBEvolucinTemporal,3.3d Matr├¡cula EC Nivel secundario.twb,Características - Filtro,[federated.0qiz8oi1sb3cd813zi06q01yhyh5].[none:ANIO:ok],categorical,"{""class"": ""categorical"", ""column"": ""[federated.0qiz8oi1sb3cd813zi06q01yhyh5].[none:ANIO:ok]"", ""filter-group"": ""6""}","[{""function"": ""level-members"", ""level"": ""[none:ANIO:ok]"", ""{http://www.tableausoftware.com/xml/user}ui-enumeration"": ""all"", ""{http://www.tableausoftware.com/xml/user}ui-marker"": ""enumerate""}]"
3_3dMatrculaECNivelSecundario,DHBEvolucinTemporal,3.3d Matr├¡cula EC Nivel secundario.twb,Características - Filtro,[federated.0qiz8oi1sb3cd813zi06q01yhyh5].[none:APERTURA_NIVEL_1:nk],categorical,"{""class"": ""categorical"", ""column"": ""[federated.0qiz8oi1sb3cd813zi06q01yhyh5].[none:APERTURA_NIVEL_1:nk]"", ""filter-group"": ""11""}","[{""function"": ""level-members"", ""level"": ""[none:APERTURA_NIVEL_1:nk]"", ""{http://www.tableausoftware.com/xml/user}ui-enumeration"": ""all"", ""{http://www.tableausoftware.com/xml/user}ui-marker"": ""enumerate""}]"
3_3dMatrculaECNivelSecundario,DHBEvolucinTemporal,3.3d Matr├¡cula EC Nivel secundario.twb,Características - Filtro,[federated.0qiz8oi1sb3cd813zi06q01yhyh5].[none:Calculation_334673811823804420:nk],categorical,"{""class"": ""categorical"", ""column"": ""[federated.0qiz8oi1sb3cd813zi06q01yhyh5].[none:Calculation_334673811823804420:nk]"", ""filter-group"": ""27""}","[{""function"": ""member"", ""level"": ""[none:Calculation_334673811823804420:nk]"", ""member"": ""true"", ""{http://www.tableausoftware.com/xml/user}ui-domain"": ""relevant"", ""{http://www.tableausoftware.com/xml/user}ui-enumeration"": ""inclusive"", ""{http://www.tableausoftware.com/xml/user}ui-marker"": ""enumerate""}]"
3_3dMatrculaECNivelSecundario,DHBEvolucinTemporal,3.3d Matr├¡cula EC Nivel secundario.twb,Características - Filtro,[federated.0qiz8oi1sb3cd813zi06q01yhyh5].[none:Calculation_334673811825987589:nk],categorical,"{""class"": ""categorical"", ""column"": ""[federated.0qiz8oi1sb3cd813zi06q01yhyh5].[none:Calculation_334673811825987589:nk]""}","[{""function"": ""member"", ""level"": ""[none:Calculation_334673811825987589:nk]"", ""member"": ""true"", ""{http://www.tableausoftware.com/xml/user}ui-domain"": ""relevant"", ""{http://www.tableausoftware.com/xml/user}ui-enumeration"": ""inclusive"", ""{http://www.tableausoftware.com/xml/user}ui-marker"": ""enumerate""}]"
3_3dMatrculaECNivelSecundario,DHBEvolucinTemporal,3.3d Matr├¡cula EC Nivel secundario.twb,Características - Filtro,[federated.0qiz8oi1sb3cd813zi06q01yhyh5].[none:INDICADOR_NOMBRE (Indicadores):nk],categorical,"{""class"": ""categorical"", ""column"": ""[federated.0qiz8oi1sb3cd813zi06q01yhyh5].[none:INDICADOR_NOMBRE (Indicadores):nk]"", ""filter-group"": ""7""}","[{""function"": ""level-members"", ""level"": ""[none:INDICADOR_NOMBRE (Indicadores):nk]"", ""{http://www.tableausoftware.com/xml/user}ui-enumeration"": ""all"", ""{http://www.tableausoftware.com/xml/user}ui-marker"": ""enumerate""}]"
3_3dMatrculaECNivelSecundario,DHBEvolucinTemporal,3.3d Matr├¡cula EC Nivel secundario.twb,Características - Filtro,[federated.0qiz8oi1sb3cd813zi06q01yhyh5].[none:UNIDAD_GEOGRAFICA_NOMBRE:nk],categorical,"{""class"": ""categorical"", ""column"": ""[federated.0qiz8oi1sb3cd813zi06q01yhyh5].[none:UNIDAD_GEOGRAFICA_NOMBRE:nk]"", ""filter-group"": ""17""}","[{""function"": ""level-members"", ""level"": ""[none:UNIDAD_GEOGRAFICA_NOMBRE:nk]"", ""{http://www.tableausoftware.com/xml/user}ui-enumeration"": ""all"", ""{http://www.tableausoftware.com/xml/user}ui-marker"": ""enumerate""}]"
3_3dMatrculaECNivelSecundario,DHBEvolucinTemporal,3.3d Matr├¡cula EC Nivel secundario.twb,Características - Jerarquía,[federated.0qiz8oi1sb3cd813zi06q01yhyh5].[DATOS_DISTRIBUCIONES_1],categorical,"{""class"": ""categorical"", ""column"": ""[federated.0qiz8oi1sb3cd813zi06q01yhyh5].[DATOS_DISTRIBUCIONES_1]"", ""filter-group"": ""26""}","[{""function"": ""level-members"", ""level"": ""[TIPO_DE_DATO]"", ""{http://www.tableausoftware.com/xml/user}ui-enumeration"": ""all"", ""{http://www.tableausoftware.com/xml/user}ui-marker"": ""enumerate""}]"
3_3dMatrculaECNivelSecundario,DHBEvolucinTemporal,3.3d Matr├¡cula EC Nivel secundario.twb,Características - Jerarquía,[federated.0qiz8oi1sb3cd813zi06q01yhyh5].[none:ANIO:ok],categorical,"{""class"": ""categorical"", ""column"": ""[federated.0qiz8oi1sb3cd813zi06q01yhyh5].[none:ANIO:ok]"", ""filter-group"": ""6""}","[{""function"": ""level-members"", ""level"": ""[none:ANIO:ok]"", ""{http://www.tableausoftware.com/xml/user}ui-enumeration"": ""all"", ""{http://www.tableausoftware.com/xml/user}ui-marker"": ""enumerate""}]"
3_3dMatrculaECNivelSecundario,DHBEvolucinTemporal,3.3d Matr├¡cula EC Nivel secundario.twb,Características - Jerarquía,[federated.0qiz8oi1sb3cd813zi06q01yhyh5].[none:APERTURA_NIVEL_1:nk],categorical,"{""class"": ""categorical"", ""column"": ""[federated.0qiz8oi1sb3cd813zi06q01yhyh5].[none:APERTURA_NIVEL_1:nk]"", ""filter-group"": ""11""}","[{""function"": ""level-members"", ""level"": ""[none:APERTURA_NIVEL_1:nk]"", ""{http://www.tableausoftware.com/xml/user}ui-enumeration"": ""all"", ""{http://www.tableausoftware.com/xml/user}ui-marker"": ""enumerate""}]"
3_3dMatrculaECNivelSecundario,DHBEvolucinTemporal,3.3d Matr├¡cula EC Nivel secundario.twb,Características - Jerarquía,[federated.0qiz8oi1sb3cd813zi06q01yhyh5].[none:Calculation_334673811823804420:nk],categorical,"{""class"": ""categorical"", ""column"": ""[federated.0qiz8oi1sb3cd813zi06q01yhyh5].[none:Calculation_334673811823804420:nk]"", ""filter-group"": ""27""}","[{""function"": ""member"", ""level"": ""[none:Calculation_334673811823804420:nk]"", ""member"": ""true"", ""{http://www.tableausoftware.com/xml/user}ui-domain"": ""relevant"", ""{http://www.tableausoftware.com/xml/user}ui-enumeration"": ""inclusive"", ""{http://www.tableausoftware.com/xml/user}ui-marker"": ""enumerate""}]"
3_3dMatrculaECNivelSecundario,DHBEvolucinTemporal,3.3d Matr├¡cula EC Nivel secundario.twb,Características - Jerarquía,[federated.0qiz8oi1sb3cd813zi06q01yhyh5].[none:Calculation_334673811825987589:nk],categorical,"{""class"": ""categorical"", ""column"": ""[federated.0qiz8oi1sb3cd813zi06q01yhyh5].[none:Calculation_334673811825987589:nk]"", ""filter-group"": ""8""}","[{""function"": ""member"", ""level"": ""[none:Calculation_334673811825987589:nk]"", ""member"": ""true"", ""{http://www.tableausoftware.com/xml/user}ui-domain"": ""relevant"", ""{http://www.tableausoftware.com/xml/user}ui-enumeration"": ""inclusive"", ""{http://www.tableausoftware.com/xml/user}ui-marker"": ""enumerate""}]"
3_3dMatrculaECNivelSecundario,DHBEvolucinTemporal,3.3d Matr├¡cula EC Nivel secundario.twb,Características - Jerarquía,[federated.0qiz8oi1sb3cd813zi06q01yhyh5].[none:INDICADOR_NOMBRE (Indicadores):nk],categorical,"{""class"": ""categorical"", ""column"": ""[federated.0qiz8oi1sb3cd813zi06q01yhyh5].[none:INDICADOR_NOMBRE (Indicadores):nk]"", ""filter-group"": ""7""}","[{""function"": ""level-members"", ""level"": ""[none:INDICADOR_NOMBRE (Indicadores):nk]"", ""{http://www.tableausoftware.com/xml/user}ui-enumeration"": ""all"", ""{http://www.tableausoftware.com/xml/user}ui-marker"": ""enumerate""}]"
3_3dMatrculaECNivelSecundario,DHBEvolucinTemporal,3.3d Matr├¡cula EC Nivel secundario.twb,Características - Jerarquía,[federated.0qiz8oi1sb3cd813zi06q01yhyh5].[none:UNIDAD_GEOGRAFICA_NOMBRE:nk],categorical,"{""class"": ""categorical"", ""column"": ""[federated.0qiz8oi1sb3cd813zi06q01yhyh5].[none:UNIDAD_GEOGRAFICA_NOMBRE:nk]"", ""filter-group"": ""17""}","[{""function"": ""level-members"", ""level"": ""[none:UNIDAD_GEOGRAFICA_NOMBRE:nk]"", ""{http://www.tableausoftware.com/xml/user}ui-enumeration"": ""all"", ""{http://www.tableausoftware.com/xml/user}ui-marker"": ""enumerate""}]"
3_3dMatrculaECNivelSecundario,DHBEvolucinTemporal,3.3d Matr├¡cula EC Nivel secundario.twb,Características - Jerarquía,[federated.0qiz8oi1sb3cd813zi06q01yhyh5].[none:Visualizar Gráfico Tabla (copia)_1886797147614306325:qk],quantitative,"{""class"": ""quantitative"", ""column"": ""[federated.0qiz8oi1sb3cd813zi06q01yhyh5].[none:Visualizar Gráfico Tabla (copia)_1886797147614306325:qk]"", ""included-values"": ""in-range-or-null""}",[]
3_3dMatrculaECNivelSecundario,DHBEvolucinTemporal,3.3d Matr├¡cula EC Nivel secundario.twb,Características - Jerarquía,[federated.0qiz8oi1sb3cd813zi06q01yhyh5].[none:Visualizar Indicadores (copy)_4723009404679073821:nk],categorical,"{""class"": ""categorical"", ""column"": ""[federated.0qiz8oi1sb3cd813zi06q01yhyh5].[none:Visualizar Indicadores (copy)_4723009404679073821:nk]"", ""filter-group"": ""12""}","[{""function"": ""member"", ""level"": ""[none:Visualizar Indicadores (copy)_4723009404679073821:nk]"", ""member"": ""true"", ""{http://www.tableausoftware.com/xml/user}ui-domain"": ""relevant"", ""{http://www.tableausoftware.com/xml/user}ui-enumeration"": ""inclusive"", ""{http://www.tableausoftware.com/xml/user}ui-marker"": ""enumerate""}]"
3_3dMatrculaECNivelSecundario,DHBEvolucinTemporal,3.3d Matr├¡cula EC Nivel secundario.twb,Características - Torta,[federated.0qiz8oi1sb3cd813zi06q01yhyh5].[DATOS_DISTRIBUCIONES_1],categorical,"{""class"": ""categorical"", ""column"": ""[federated.0qiz8oi1sb3cd813zi06q01yhyh5].[DATOS_DISTRIBUCIONES_1]"", ""filter-group"": ""26""}","[{""function"": ""level-members"", ""level"": ""[TIPO_DE_DATO]"", ""{http://www.tableausoftware.com/xml/user}ui-enumeration"": ""all"", ""{http://www.tableausoftware.com/xml/user}ui-marker"": ""enumerate""}]"
3_3dMatrculaECNivelSecundario,DHBEvolucinTemporal,3.3d Matr├¡cula EC Nivel secundario.twb,Características - Torta,[federated.0qiz8oi1sb3cd813zi06q01yhyh5].[attr:APERTURA_NIVEL_1:nk],categorical,"{""class"": ""categorical"", ""column"": ""[federated.0qiz8oi1sb3cd813zi06q01yhyh5].[attr:APERTURA_NIVEL_1:nk]""}","[{""function"": ""except"", ""{http://www.tableausoftware.com/xml/user}ui-domain"": ""relevant"", ""{http://www.tableausoftware.com/xml/user}ui-enumeration"": ""exclusive"", ""{http://www.tableausoftware.com/xml/user}ui-manual-selection"": ""true"", ""{http://www.tableausoftware.com/xml/user}ui-manual-selection-all-when-empty"": ""true"", ""{http://www.tableausoftware.com/xml/user}ui-marker"": ""enumerate""}, {""function"": ""level-members"", ""level"": ""[attr:APERTURA_NIVEL_1:nk]""}, {""function"": ""member"", ""level"": ""[attr:APERTURA_NIVEL_1:nk]"", ""member"": ""\""Crédito vigente\""""}]"
3_3dMatrculaECNivelSecundario,DHBEvolucinTemporal,3.3d Matr├¡cula EC Nivel secundario.twb,Características - Torta,[federated.0qiz8oi1sb3cd813zi06q01yhyh5].[none:ANIO:ok],categorical,"{""class"": ""categorical"", ""column"": ""[federated.0qiz8oi1sb3cd813zi06q01yhyh5].[none:ANIO:ok]"", ""filter-group"": ""6""}","[{""function"": ""level-members"", ""level"": ""[none:ANIO:ok]"", ""{http://www.tableausoftware.com/xml/user}ui-enumeration"": ""all"", ""{http://www.tableausoftware.com/xml/user}ui-marker"": ""enumerate""}]"
3_3dMatrculaECNivelSecundario,DHBEvolucinTemporal,3.3d Matr├¡cula EC Nivel secundario.twb,Características - Torta,[federated.0qiz8oi1sb3cd813zi06q01yhyh5].[none:APERTURA_NIVEL_1:nk],categorical,"{""class"": ""categorical"", ""column"": ""[federated.0qiz8oi1sb3cd813zi06q01yhyh5].[none:APERTURA_NIVEL_1:nk]"", ""filter-group"": ""11""}","[{""function"": ""level-members"", ""level"": ""[none:APERTURA_NIVEL_1:nk]"", ""{http://www.tableausoftware.com/xml/user}ui-enumeration"": ""all"", ""{http://www.tableausoftware.com/xml/user}ui-marker"": ""enumerate""}]"
3_3dMatrculaECNivelSecundario,DHBEvolucinTemporal,3.3d Matr├¡cula EC Nivel secundario.twb,Características - Torta,[federated.0qiz8oi1sb3cd813zi06q01yhyh5].[none:Calculation_334673811823804420:nk],categorical,"{""class"": ""categorical"", ""column"": ""[federated.0qiz8oi1sb3cd813zi06q01yhyh5].[none:Calculation_334673811823804420:nk]"", ""filter-group"": ""27""}","[{""function"": ""member"", ""level"": ""[none:Calculation_334673811823804420:nk]"", ""member"": ""true"", ""{http://www.tableausoftware.com/xml/user}ui-domain"": ""relevant"", ""{http://www.tableausoftware.com/xml/user}ui-enumeration"": ""inclusive"", ""{http://www.tableausoftware.com/xml/user}ui-marker"": ""enumerate""}]"
3_3dMatrculaECNivelSecundario,DHBEvolucinTemporal,3.3d Matr├¡cula EC Nivel secundario.twb,Características - Torta,[federated.0qiz8oi1sb3cd813zi06q01yhyh5].[none:Calculation_334673811825987589:nk],categorical,"{""class"": ""categorical"", ""column"": ""[federated.0qiz8oi1sb3cd813zi06q01yhyh5].[none:Calculation_334673811825987589:nk]"", ""filter-group"": ""8""}","[{""function"": ""member"", ""level"": ""[none:Calculation_334673811825987589:nk]"", ""member"": ""true"", ""{http://www.tableausoftware.com/xml/user}ui-domain"": ""relevant"", ""{http://www.tableausoftware.com/xml/user}ui-enumeration"": ""inclusive"", ""{http://www.tableausoftware.com/xml/user}ui-marker"": ""enumerate""}]"
3_3dMatrculaECNivelSecundario,DHBEvolucinTemporal,3.3d Matr├¡cula EC Nivel secundario.twb,Características - Torta,[federated.0qiz8oi1sb3cd813zi06q01yhyh5].[none:INDICADOR_NOMBRE (Indicadores):nk],categorical,"{""class"": ""categorical"", ""column"": ""[federated.0qiz8oi1sb3cd813zi06q01yhyh5].[none:INDICADOR_NOMBRE (Indicadores):nk]"", ""filter-group"": ""7""}","[{""function"": ""level-members"", ""level"": ""[none:INDICADOR_NOMBRE (Indicadores):nk]"", ""{http://www.tableausoftware.com/xml/user}ui-enumeration"": ""all"", ""{http://www.tableausoftware.com/xml/user}ui-marker"": ""enumerate""}]"
3_3dMatrculaECNivelSecundario,DHBEvolucinTemporal,3.3d Matr├¡cula EC Nivel secundario.twb,Características - Torta,[federated.0qiz8oi1sb3cd813zi06q01yhyh5].[none:UNIDAD_GEOGRAFICA_NOMBRE:nk],categorical,"{""class"": ""categorical"", ""column"": ""[federated.0qiz8oi1sb3cd813zi06q01yhyh5].[none:UNIDAD_GEOGRAFICA_NOMBRE:nk]"", ""filter-group"": ""17""}","[{""function"": ""level-members"", ""level"": ""[none:UNIDAD_GEOGRAFICA_NOMBRE:nk]"", ""{http://www.tableausoftware.com/xml/user}ui-enumeration"": ""all"", ""{http://www.tableausoftware.com/xml/user}ui-marker"": ""enumerate""}]"
3_3dMatrculaECNivelSecundario,DHBEvolucinTemporal,3.3d Matr├¡cula EC Nivel secundario.twb,Características - Torta,[federated.0qiz8oi1sb3cd813zi06q01yhyh5].[none:Visualizar Gráfico Jerarquía (copia)_1886797147614466070:qk],quantitative,"{""class"": ""quantitative"", ""column"": ""[federated.0qiz8oi1sb3cd813zi06q01yhyh5].[none:Visualizar Gráfico Jerarquía (copia)_1886797147614466070:qk]"", ""included-values"": ""in-range-or-null""}",[]
3_3dMatrculaECNivelSecundario,DHBEvolucinTemporal,3.3d Matr├¡cula EC Nivel secundario.twb,Características - Torta,[federated.0qiz8oi1sb3cd813zi06q01yhyh5].[none:Visualizar Indicadores (copy)_4723009404679073821:nk],categorical,"{""class"": ""categorical"", ""column"": ""[federated.0qiz8oi1sb3cd813zi06q01yhyh5].[none:Visualizar Indicadores (copy)_4723009404679073821:nk]"", ""filter-group"": ""12""}","[{""function"": ""member"", ""level"": ""[none:Visualizar Indicadores (copy)_4723009404679073821:nk]"", ""member"": ""true"", ""{http://www.tableausoftware.com/xml/user}ui-domain"": ""relevant"", ""{http://www.tableausoftware.com/xml/user}ui-enumeration"": ""inclusive"", ""{http://www.tableausoftware.com/xml/user}ui-marker"": ""enumerate""}]"
3_3dMatrculaECNivelSecundario,DHBEvolucinTemporal,3.3d Matr├¡cula EC Nivel secundario.twb,Características - Título,[federated.0qiz8oi1sb3cd813zi06q01yhyh5].[DATOS_DISTRIBUCIONES_1],categorical,"{""class"": ""categorical"", ""column"": ""[federated.0qiz8oi1sb3cd813zi06q01yhyh5].[DATOS_DISTRIBUCIONES_1]"", ""filter-group"": ""26""}","[{""function"": ""level-members"", ""level"": ""[TIPO_DE_DATO]"", ""{http://www.tableausoftware.com/xml/user}ui-enumeration"": ""all"", ""{http://www.tableausoftware.com/xml/user}ui-marker"": ""enumerate""}]"
3_3dMatrculaECNivelSecundario,DHBEvolucinTemporal,3.3d Matr├¡cula EC Nivel secundario.twb,Características - Título,[federated.0qiz8oi1sb3cd813zi06q01yhyh5].[none:ANIO:ok],categorical,"{""class"": ""categorical"", ""column"": ""[federated.0qiz8oi1sb3cd813zi06q01yhyh5].[none:ANIO:ok]"", ""filter-group"": ""6""}","[{""function"": ""level-members"", ""level"": ""[none:ANIO:ok]"", ""{http://www.tableausoftware.com/xml/user}ui-enumeration"": ""all"", ""{http://www.tableausoftware.com/xml/user}ui-marker"": ""enumerate""}]"
3_3dMatrculaECNivelSecundario,DHBEvolucinTemporal,3.3d Matr├¡cula EC Nivel secundario.twb,Características - Título,[federated.0qiz8oi1sb3cd813zi06q01yhyh5].[none:APERTURA_NIVEL_1:nk],categorical,"{""class"": ""categorical"", ""column"": ""[federated.0qiz8oi1sb3cd813zi06q01yhyh5].[none:APERTURA_NIVEL_1:nk]"", ""filter-group"": ""11""}","[{""function"": ""level-members"", ""level"": ""[none:APERTURA_NIVEL_1:nk]"", ""{http://www.tableausoftware.com/xml/user}ui-enumeration"": ""all"", ""{http://www.tableausoftware.com/xml/user}ui-marker"": ""enumerate""}]"
3_3dMatrculaECNivelSecundario,DHBEvolucinTemporal,3.3d Matr├¡cula EC Nivel secundario.twb,Características - Título,[federated.0qiz8oi1sb3cd813zi06q01yhyh5].[none:Calculation_334673811823804420:nk],categorical,"{""class"": ""categorical"", ""column"": ""[federated.0qiz8oi1sb3cd813zi06q01yhyh5].[none:Calculation_334673811823804420:nk]"", ""filter-group"": ""27""}","[{""function"": ""member"", ""level"": ""[none:Calculation_334673811823804420:nk]"", ""member"": ""true"", ""{http://www.tableausoftware.com/xml/user}ui-domain"": ""relevant"", ""{http://www.tableausoftware.com/xml/user}ui-enumeration"": ""inclusive"", ""{http://www.tableausoftware.com/xml/user}ui-marker"": ""enumerate""}]"
3_3dMatrculaECNivelSecundario,DHBEvolucinTemporal,3.3d Matr├¡cula EC Nivel secundario.twb,Características - Título,[federated.0qiz8oi1sb3cd813zi06q01yhyh5].[none:Calculation_334673811825987589:nk],categorical,"{""class"": ""categorical"", ""column"": ""[federated.0qiz8oi1sb3cd813zi06q01yhyh5].[none:Calculation_334673811825987589:nk]"", ""filter-group"": ""8""}","[{""function"": ""member"", ""level"": ""[none:Calculation_334673811825987589:nk]"", ""member"": ""true"", ""{http://www.tableausoftware.com/xml/user}ui-domain"": ""relevant"", ""{http://www.tableausoftware.com/xml/user}ui-enumeration"": ""inclusive"", ""{http://www.tableausoftware.com/xml/user}ui-marker"": ""enumerate""}]"
3_3dMatrculaECNivelSecundario,DHBEvolucinTemporal,3.3d Matr├¡cula EC Nivel secundario.twb,Características - Título,[federated.0qiz8oi1sb3cd813zi06q01yhyh5].[none:INDICADOR_NOMBRE (Indicadores):nk],categorical,"{""class"": ""categorical"", ""column"": ""[federated.0qiz8oi1sb3cd813zi06q01yhyh5].[none:INDICADOR_NOMBRE (Indicadores):nk]"", ""filter-group"": ""7""}","[{""function"": ""level-members"", ""level"": ""[none:INDICADOR_NOMBRE (Indicadores):nk]"", ""{http://www.tableausoftware.com/xml/user}ui-enumeration"": ""all"", ""{http://www.tableausoftware.com/xml/user}ui-marker"": ""enumerate""}]"
3_3dMatrculaECNivelSecundario,DHBEvolucinTemporal,3.3d Matr├¡cula EC Nivel secundario.twb,Características - Título,[federated.0qiz8oi1sb3cd813zi06q01yhyh5].[none:UNIDAD_GEOGRAFICA_NOMBRE:nk],categorical,"{""class"": ""categorical"", ""column"": ""[federated.0qiz8oi1sb3cd813zi06q01yhyh5].[none:UNIDAD_GEOGRAFICA_NOMBRE:nk]"", ""filter-group"": ""17""}","[{""function"": ""level-members"", ""level"": ""[none:UNIDAD_GEOGRAFICA_NOMBRE:nk]"", ""{http://www.tableausoftware.com/xml/user}ui-enumeration"": ""all"", ""{http://www.tableausoftware.com/xml/user}ui-marker"": ""enumerate""}]"
3_3dMatrculaECNivelSecundario,DHBEvolucinTemporal,3.3d Matr├¡cula EC Nivel secundario.twb,Características - Título,[federated.0qiz8oi1sb3cd813zi06q01yhyh5].[none:Visualizar Indicadores (copy)_4723009404679073821:nk],categorical,"{""class"": ""categorical"", ""column"": ""[federated.0qiz8oi1sb3cd813zi06q01yhyh5].[none:Visualizar Indicadores (copy)_4723009404679073821:nk]"", ""filter-group"": ""12""}","[{""function"": ""member"", ""level"": ""[none:Visualizar Indicadores (copy)_4723009404679073821:nk]"", ""member"": ""true"", ""{http://www.tableausoftware.com/xml/user}ui-domain"": ""relevant"", ""{http://www.tableausoftware.com/xml/user}ui-enumeration"": ""inclusive"", ""{http://www.tableausoftware.com/xml/user}ui-marker"": ""enumerate""}]"
3_3dMatrculaECNivelSecundario,DHBEvolucinTemporal,3.3d Matr├¡cula EC Nivel secundario.twb,Características- Filtro Indicador,[federated.0qiz8oi1sb3cd813zi06q01yhyh5].[DATOS_DISTRIBUCIONES_1],categorical,"{""class"": ""categorical"", ""column"": ""[federated.0qiz8oi1sb3cd813zi06q01yhyh5].[DATOS_DISTRIBUCIONES_1]"", ""filter-group"": ""26""}","[{""function"": ""level-members"", ""level"": ""[TIPO_DE_DATO]"", ""{http://www.tableausoftware.com/xml/user}ui-enumeration"": ""all"", ""{http://www.tableausoftware.com/xml/user}ui-marker"": ""enumerate""}]"
3_3dMatrculaECNivelSecundario,DHBEvolucinTemporal,3.3d Matr├¡cula EC Nivel secundario.twb,Características- Filtro Indicador,[federated.0qiz8oi1sb3cd813zi06q01yhyh5].[none:ANIO:ok],categorical,"{""class"": ""categorical"", ""column"": ""[federated.0qiz8oi1sb3cd813zi06q01yhyh5].[none:ANIO:ok]"", ""filter-group"": ""6""}","[{""function"": ""level-members"", ""level"": ""[none:ANIO:ok]"", ""{http://www.tableausoftware.com/xml/user}ui-enumeration"": ""all"", ""{http://www.tableausoftware.com/xml/user}ui-marker"": ""enumerate""}]"
3_3dMatrculaECNivelSecundario,DHBEvolucinTemporal,3.3d Matr├¡cula EC Nivel secundario.twb,Características- Filtro Indicador,[federated.0qiz8oi1sb3cd813zi06q01yhyh5].[none:APERTURA_NIVEL_1:nk],categorical,"{""class"": ""categorical"", ""column"": ""[federated.0qiz8oi1sb3cd813zi06q01yhyh5].[none:APERTURA_NIVEL_1:nk]"", ""filter-group"": ""11""}","[{""function"": ""level-members"", ""level"": ""[none:APERTURA_NIVEL_1:nk]"", ""{http://www.tableausoftware.com/xml/user}ui-enumeration"": ""all"", ""{http://www.tableausoftware.com/xml/user}ui-marker"": ""enumerate""}]"
3_3dMatrculaECNivelSecundario,DHBEvolucinTemporal,3.3d Matr├¡cula EC Nivel secundario.twb,Características- Filtro Indicador,[federated.0qiz8oi1sb3cd813zi06q01yhyh5].[none:Calculation_334673811823804420:nk],categorical,"{""class"": ""categorical"", ""column"": ""[federated.0qiz8oi1sb3cd813zi06q01yhyh5].[none:Calculation_334673811823804420:nk]"", ""filter-group"": ""27""}","[{""function"": ""member"", ""level"": ""[none:Calculation_334673811823804420:nk]"", ""member"": ""true"", ""{http://www.tableausoftware.com/xml/user}ui-domain"": ""relevant"", ""{http://www.tableausoftware.com/xml/user}ui-enumeration"": ""inclusive"", ""{http://www.tableausoftware.com/xml/user}ui-marker"": ""enumerate""}]"
3_3dMatrculaECNivelSecundario,DHBEvolucinTemporal,3.3d Matr├¡cula EC Nivel secundario.twb,Características- Filtro Indicador,[federated.0qiz8oi1sb3cd813zi06q01yhyh5].[none:INDICADOR_NOMBRE (Indicadores):nk],categorical,"{""class"": ""categorical"", ""column"": ""[federated.0qiz8oi1sb3cd813zi06q01yhyh5].[none:INDICADOR_NOMBRE (Indicadores):nk]"", ""filter-group"": ""7""}","[{""function"": ""level-members"", ""level"": ""[none:INDICADOR_NOMBRE (Indicadores):nk]"", ""{http://www.tableausoftware.com/xml/user}ui-enumeration"": ""all"", ""{http://www.tableausoftware.com/xml/user}ui-marker"": ""enumerate""}]"
3_3dMatrculaECNivelSecundario,DHBEvolucinTemporal,3.3d Matr├¡cula EC Nivel secundario.twb,Características- Filtro Indicador,[federated.0qiz8oi1sb3cd813zi06q01yhyh5].[none:UNIDAD_GEOGRAFICA_NOMBRE:nk],categorical,"{""class"": ""categorical"", ""column"": ""[federated.0qiz8oi1sb3cd813zi06q01yhyh5].[none:UNIDAD_GEOGRAFICA_NOMBRE:nk]"", ""filter-group"": ""17""}","[{""function"": ""level-members"", ""level"": ""[none:UNIDAD_GEOGRAFICA_NOMBRE:nk]"", ""{http://www.tableausoftware.com/xml/user}ui-enumeration"": ""all"", ""{http://www.tableausoftware.com/xml/user}ui-marker"": ""enumerate""}]"
3_3dMatrculaECNivelSecundario,DHBEvolucinTemporal,3.3d Matr├¡cula EC Nivel secundario.twb,Cruces Relevantes - Aperturas - Barras,[federated.0qiz8oi1sb3cd813zi06q01yhyh5].[DATOS_APERTURAS_1],categorical,"{""class"": ""categorical"", ""column"": ""[federated.0qiz8oi1sb3cd813zi06q01yhyh5].[DATOS_APERTURAS_1]"", ""filter-group"": ""14""}","[{""function"": ""level-members"", ""level"": ""[TIPO_DE_DATO]"", ""{http://www.tableausoftware.com/xml/user}ui-enumeration"": ""all"", ""{http://www.tableausoftware.com/xml/user}ui-marker"": ""enumerate""}]"
3_3dMatrculaECNivelSecundario,DHBEvolucinTemporal,3.3d Matr├¡cula EC Nivel secundario.twb,Cruces Relevantes - Aperturas - Barras,[federated.0qiz8oi1sb3cd813zi06q01yhyh5].[attr:APERTURA_DESCRIPCION:nk],categorical,"{""class"": ""categorical"", ""column"": ""[federated.0qiz8oi1sb3cd813zi06q01yhyh5].[attr:APERTURA_DESCRIPCION:nk]""}","[{""function"": ""level-members"", ""level"": ""[attr:APERTURA_DESCRIPCION:nk]"", ""{http://www.tableausoftware.com/xml/user}ui-enumeration"": ""all"", ""{http://www.tableausoftware.com/xml/user}ui-marker"": ""enumerate""}]"
3_3dMatrculaECNivelSecundario,DHBEvolucinTemporal,3.3d Matr├¡cula EC Nivel secundario.twb,Cruces Relevantes - Aperturas - Barras,[federated.0qiz8oi1sb3cd813zi06q01yhyh5].[none:ANIO:ok],categorical,"{""class"": ""categorical"", ""column"": ""[federated.0qiz8oi1sb3cd813zi06q01yhyh5].[none:ANIO:ok]"", ""filter-group"": ""5""}","[{""function"": ""level-members"", ""level"": ""[none:ANIO:ok]"", ""{http://www.tableausoftware.com/xml/user}ui-enumeration"": ""all"", ""{http://www.tableausoftware.com/xml/user}ui-marker"": ""enumerate""}]"
3_3dMatrculaECNivelSecundario,DHBEvolucinTemporal,3.3d Matr├¡cula EC Nivel secundario.twb,Cruces Relevantes - Aperturas - Barras,[federated.0qiz8oi1sb3cd813zi06q01yhyh5].[none:APERTURA_DESCRIPCION:nk],categorical,"{""class"": ""categorical"", ""column"": ""[federated.0qiz8oi1sb3cd813zi06q01yhyh5].[none:APERTURA_DESCRIPCION:nk]"", ""filter-group"": ""15""}","[{""function"": ""level-members"", ""level"": ""[none:APERTURA_DESCRIPCION:nk]"", ""{http://www.tableausoftware.com/xml/user}ui-enumeration"": ""all"", ""{http://www.tableausoftware.com/xml/user}ui-marker"": ""enumerate""}]"
3_3dMatrculaECNivelSecundario,DHBEvolucinTemporal,3.3d Matr├¡cula EC Nivel secundario.twb,Cruces Relevantes - Aperturas - Barras,[federated.0qiz8oi1sb3cd813zi06q01yhyh5].[none:BTN Mostrar Gráficos Caracteristicas (copy)_54254335857942529:nk],categorical,"{""class"": ""categorical"", ""column"": ""[federated.0qiz8oi1sb3cd813zi06q01yhyh5].[none:BTN Mostrar Gráficos Caracteristicas (copy)_54254335857942529:nk]""}","[{""function"": ""member"", ""level"": ""[none:BTN Mostrar Gráficos Caracteristicas (copy)_54254335857942529:nk]"", ""member"": ""true"", ""{http://www.tableausoftware.com/xml/user}ui-domain"": ""relevant"", ""{http://www.tableausoftware.com/xml/user}ui-enumeration"": ""inclusive"", ""{http://www.tableausoftware.com/xml/user}ui-marker"": ""enumerate""}]"
3_3dMatrculaECNivelSecundario,DHBEvolucinTemporal,3.3d Matr├¡cula EC Nivel secundario.twb,Cruces Relevantes - Aperturas - Barras,[federated.0qiz8oi1sb3cd813zi06q01yhyh5].[none:Calculation_334673811823804420:nk],categorical,"{""class"": ""categorical"", ""column"": ""[federated.0qiz8oi1sb3cd813zi06q01yhyh5].[none:Calculation_334673811823804420:nk]"", ""filter-group"": ""27""}","[{""function"": ""member"", ""level"": ""[none:Calculation_334673811823804420:nk]"", ""member"": ""true"", ""{http://www.tableausoftware.com/xml/user}ui-domain"": ""relevant"", ""{http://www.tableausoftware.com/xml/user}ui-enumeration"": ""inclusive"", ""{http://www.tableausoftware.com/xml/user}ui-marker"": ""enumerate""}]"
3_3dMatrculaECNivelSecundario,DHBEvolucinTemporal,3.3d Matr├¡cula EC Nivel secundario.twb,Cruces Relevantes - Aperturas - Barras,[federated.0qiz8oi1sb3cd813zi06q01yhyh5].[none:Calculation_334673811825987589:nk],categorical,"{""class"": ""categorical"", ""column"": ""[federated.0qiz8oi1sb3cd813zi06q01yhyh5].[none:Calculation_334673811825987589:nk]""}","[{""function"": ""member"", ""level"": ""[none:Calculation_334673811825987589:nk]"", ""member"": ""true"", ""{http://www.tableausoftware.com/xml/user}ui-domain"": ""relevant"", ""{http://www.tableausoftware.com/xml/user}ui-enumeration"": ""inclusive"", ""{http://www.tableausoftware.com/xml/user}ui-marker"": ""enumerate""}]"
3_3dMatrculaECNivelSecundario,DHBEvolucinTemporal,3.3d Matr├¡cula EC Nivel secundario.twb,Cruces Relevantes - Aperturas - Barras,[federated.0qiz8oi1sb3cd813zi06q01yhyh5].[none:Calculation_5425289489148153872:nk],categorical,"{""class"": ""categorical"", ""column"": ""[federated.0qiz8oi1sb3cd813zi06q01yhyh5].[none:Calculation_5425289489148153872:nk]""}","[{""function"": ""member"", ""level"": ""[none:Calculation_5425289489148153872:nk]"", ""member"": ""false"", ""{http://www.tableausoftware.com/xml/user}ui-domain"": ""relevant"", ""{http://www.tableausoftware.com/xml/user}ui-enumeration"": ""inclusive"", ""{http://www.tableausoftware.com/xml/user}ui-marker"": ""enumerate""}]"
3_3dMatrculaECNivelSecundario,DHBEvolucinTemporal,3.3d Matr├¡cula EC Nivel secundario.twb,Cruces Relevantes - Aperturas - Barras,[federated.0qiz8oi1sb3cd813zi06q01yhyh5].[none:INDICADOR_NOMBRE (Indicadores):nk],categorical,"{""class"": ""categorical"", ""column"": ""[federated.0qiz8oi1sb3cd813zi06q01yhyh5].[none:INDICADOR_NOMBRE (Indicadores):nk]"", ""filter-group"": ""3""}","[{""function"": ""level-members"", ""level"": ""[none:INDICADOR_NOMBRE (Indicadores):nk]"", ""{http://www.tableausoftware.com/xml/user}ui-enumeration"": ""all"", ""{http://www.tableausoftware.com/xml/user}ui-marker"": ""enumerate""}]"
3_3dMatrculaECNivelSecundario,DHBEvolucinTemporal,3.3d Matr├¡cula EC Nivel secundario.twb,Cruces Relevantes - Aperturas - Barras,[federated.0qiz8oi1sb3cd813zi06q01yhyh5].[none:UNIDAD_GEOGRAFICA_NOMBRE:nk],categorical,"{""class"": ""categorical"", ""column"": ""[federated.0qiz8oi1sb3cd813zi06q01yhyh5].[none:UNIDAD_GEOGRAFICA_NOMBRE:nk]"", ""filter-group"": ""23""}","[{""function"": ""level-members"", ""level"": ""[none:UNIDAD_GEOGRAFICA_NOMBRE:nk]"", ""{http://www.tableausoftware.com/xml/user}ui-enumeration"": ""all"", ""{http://www.tableausoftware.com/xml/user}ui-marker"": ""enumerate""}]"
3_3dMatrculaECNivelSecundario,DHBEvolucinTemporal,3.3d Matr├¡cula EC Nivel secundario.twb,Cruces Relevantes - Aperturas - Barras,[federated.0qiz8oi1sb3cd813zi06q01yhyh5].[none:Visualizar Desagregaciones (copia)_541839333440749569:qk],quantitative,"{""class"": ""quantitative"", ""column"": ""[federated.0qiz8oi1sb3cd813zi06q01yhyh5].[none:Visualizar Desagregaciones (copia)_541839333440749569:qk]"", ""included-values"": ""in-range-or-null""}",[]
3_3dMatrculaECNivelSecundario,DHBEvolucinTemporal,3.3d Matr├¡cula EC Nivel secundario.twb,Cruces Relevantes - Aperturas - Tabla,[federated.0qiz8oi1sb3cd813zi06q01yhyh5].[DATOS_APERTURAS_1],categorical,"{""class"": ""categorical"", ""column"": ""[federated.0qiz8oi1sb3cd813zi06q01yhyh5].[DATOS_APERTURAS_1]"", ""filter-group"": ""14""}","[{""function"": ""level-members"", ""level"": ""[TIPO_DE_DATO]"", ""{http://www.tableausoftware.com/xml/user}ui-enumeration"": ""all"", ""{http://www.tableausoftware.com/xml/user}ui-marker"": ""enumerate""}]"
3_3dMatrculaECNivelSecundario,DHBEvolucinTemporal,3.3d Matr├¡cula EC Nivel secundario.twb,Cruces Relevantes - Aperturas - Tabla,[federated.0qiz8oi1sb3cd813zi06q01yhyh5].[none:ANIO:ok],categorical,"{""class"": ""categorical"", ""column"": ""[federated.0qiz8oi1sb3cd813zi06q01yhyh5].[none:ANIO:ok]"", ""filter-group"": ""5""}","[{""function"": ""level-members"", ""level"": ""[none:ANIO:ok]"", ""{http://www.tableausoftware.com/xml/user}ui-enumeration"": ""all"", ""{http://www.tableausoftware.com/xml/user}ui-marker"": ""enumerate""}]"
3_3dMatrculaECNivelSecundario,DHBEvolucinTemporal,3.3d Matr├¡cula EC Nivel secundario.twb,Cruces Relevantes - Aperturas - Tabla,[federated.0qiz8oi1sb3cd813zi06q01yhyh5].[none:APERTURA_DESCRIPCION:nk],categorical,"{""class"": ""categorical"", ""column"": ""[federated.0qiz8oi1sb3cd813zi06q01yhyh5].[none:APERTURA_DESCRIPCION:nk]"", ""filter-group"": ""15""}","[{""function"": ""level-members"", ""level"": ""[none:APERTURA_DESCRIPCION:nk]"", ""{http://www.tableausoftware.com/xml/user}ui-enumeration"": ""all"", ""{http://www.tableausoftware.com/xml/user}ui-marker"": ""enumerate""}]"
3_3dMatrculaECNivelSecundario,DHBEvolucinTemporal,3.3d Matr├¡cula EC Nivel secundario.twb,Cruces Relevantes - Aperturas - Tabla,[federated.0qiz8oi1sb3cd813zi06q01yhyh5].[none:BTN Mostrar Gráficos Caracteristicas (copy)_54254335857942529:nk],categorical,"{""class"": ""categorical"", ""column"": ""[federated.0qiz8oi1sb3cd813zi06q01yhyh5].[none:BTN Mostrar Gráficos Caracteristicas (copy)_54254335857942529:nk]""}","[{""function"": ""member"", ""level"": ""[none:BTN Mostrar Gráficos Caracteristicas (copy)_54254335857942529:nk]"", ""member"": ""true"", ""{http://www.tableausoftware.com/xml/user}ui-domain"": ""relevant"", ""{http://www.tableausoftware.com/xml/user}ui-enumeration"": ""inclusive"", ""{http://www.tableausoftware.com/xml/user}ui-marker"": ""enumerate""}]"
3_3dMatrculaECNivelSecundario,DHBEvolucinTemporal,3.3d Matr├¡cula EC Nivel secundario.twb,Cruces Relevantes - Aperturas - Tabla,[federated.0qiz8oi1sb3cd813zi06q01yhyh5].[none:Calculation_334673811823804420:nk],categorical,"{""class"": ""categorical"", ""column"": ""[federated.0qiz8oi1sb3cd813zi06q01yhyh5].[none:Calculation_334673811823804420:nk]"", ""filter-group"": ""27""}","[{""function"": ""member"", ""level"": ""[none:Calculation_334673811823804420:nk]"", ""member"": ""true"", ""{http://www.tableausoftware.com/xml/user}ui-domain"": ""relevant"", ""{http://www.tableausoftware.com/xml/user}ui-enumeration"": ""inclusive"", ""{http://www.tableausoftware.com/xml/user}ui-marker"": ""enumerate""}]"
3_3dMatrculaECNivelSecundario,DHBEvolucinTemporal,3.3d Matr├¡cula EC Nivel secundario.twb,Cruces Relevantes - Aperturas - Tabla,[federated.0qiz8oi1sb3cd813zi06q01yhyh5].[none:Calculation_334673811825987589:nk],categorical,"{""class"": ""categorical"", ""column"": ""[federated.0qiz8oi1sb3cd813zi06q01yhyh5].[none:Calculation_334673811825987589:nk]""}","[{""function"": ""member"", ""level"": ""[none:Calculation_334673811825987589:nk]"", ""member"": ""true"", ""{http://www.tableausoftware.com/xml/user}ui-domain"": ""relevant"", ""{http://www.tableausoftware.com/xml/user}ui-enumeration"": ""inclusive"", ""{http://www.tableausoftware.com/xml/user}ui-marker"": ""enumerate""}]"
3_3dMatrculaECNivelSecundario,DHBEvolucinTemporal,3.3d Matr├¡cula EC Nivel secundario.twb,Cruces Relevantes - Aperturas - Tabla,[federated.0qiz8oi1sb3cd813zi06q01yhyh5].[none:Calculation_5425289489148153872:nk],categorical,"{""class"": ""categorical"", ""column"": ""[federated.0qiz8oi1sb3cd813zi06q01yhyh5].[none:Calculation_5425289489148153872:nk]""}","[{""function"": ""member"", ""level"": ""[none:Calculation_5425289489148153872:nk]"", ""member"": ""false"", ""{http://www.tableausoftware.com/xml/user}ui-domain"": ""relevant"", ""{http://www.tableausoftware.com/xml/user}ui-enumeration"": ""inclusive"", ""{http://www.tableausoftware.com/xml/user}ui-marker"": ""enumerate""}]"
3_3dMatrculaECNivelSecundario,DHBEvolucinTemporal,3.3d Matr├¡cula EC Nivel secundario.twb,Cruces Relevantes - Aperturas - Tabla,[federated.0qiz8oi1sb3cd813zi06q01yhyh5].[none:INDICADOR_NOMBRE (Indicadores):nk],categorical,"{""class"": ""categorical"", ""column"": ""[federated.0qiz8oi1sb3cd813zi06q01yhyh5].[none:INDICADOR_NOMBRE (Indicadores):nk]"", ""filter-group"": ""3""}","[{""function"": ""level-members"", ""level"": ""[none:INDICADOR_NOMBRE (Indicadores):nk]"", ""{http://www.tableausoftware.com/xml/user}ui-enumeration"": ""all"", ""{http://www.tableausoftware.com/xml/user}ui-marker"": ""enumerate""}]"
3_3dMatrculaECNivelSecundario,DHBEvolucinTemporal,3.3d Matr├¡cula EC Nivel secundario.twb,Cruces Relevantes - Aperturas - Tabla,[federated.0qiz8oi1sb3cd813zi06q01yhyh5].[none:UNIDAD_GEOGRAFICA_NOMBRE:nk],categorical,"{""class"": ""categorical"", ""column"": ""[federated.0qiz8oi1sb3cd813zi06q01yhyh5].[none:UNIDAD_GEOGRAFICA_NOMBRE:nk]"", ""filter-group"": ""23""}","[{""function"": ""level-members"", ""level"": ""[none:UNIDAD_GEOGRAFICA_NOMBRE:nk]"", ""{http://www.tableausoftware.com/xml/user}ui-enumeration"": ""all"", ""{http://www.tableausoftware.com/xml/user}ui-marker"": ""enumerate""}]"
3_3dMatrculaECNivelSecundario,DHBEvolucinTemporal,3.3d Matr├¡cula EC Nivel secundario.twb,Cruces Relevantes - Aperturas - Tabla,[federated.0qiz8oi1sb3cd813zi06q01yhyh5].[none:Visualizar Desagregaciones Barra (copia)_541839333440913410:qk],quantitative,"{""class"": ""quantitative"", ""column"": ""[federated.0qiz8oi1sb3cd813zi06q01yhyh5].[none:Visualizar Desagregaciones Barra (copia)_541839333440913410:qk]"", ""included-values"": ""in-range-or-null""}",[]
3_3dMatrculaECNivelSecundario,DHBEvolucinTemporal,3.3d Matr├¡cula EC Nivel secundario.twb,Cruces Relevantes - Aperturas y Grupos - Barras,[federated.0qiz8oi1sb3cd813zi06q01yhyh5].[DATOS_APERTURAS_1],categorical,"{""class"": ""categorical"", ""column"": ""[federated.0qiz8oi1sb3cd813zi06q01yhyh5].[DATOS_APERTURAS_1]"", ""filter-group"": ""14""}","[{""function"": ""level-members"", ""level"": ""[TIPO_DE_DATO]"", ""{http://www.tableausoftware.com/xml/user}ui-enumeration"": ""all"", ""{http://www.tableausoftware.com/xml/user}ui-marker"": ""enumerate""}]"
3_3dMatrculaECNivelSecundario,DHBEvolucinTemporal,3.3d Matr├¡cula EC Nivel secundario.twb,Cruces Relevantes - Aperturas y Grupos - Barras,[federated.0qiz8oi1sb3cd813zi06q01yhyh5].[none:ANIO:ok],categorical,"{""class"": ""categorical"", ""column"": ""[federated.0qiz8oi1sb3cd813zi06q01yhyh5].[none:ANIO:ok]"", ""filter-group"": ""5""}","[{""function"": ""level-members"", ""level"": ""[none:ANIO:ok]"", ""{http://www.tableausoftware.com/xml/user}ui-enumeration"": ""all"", ""{http://www.tableausoftware.com/xml/user}ui-marker"": ""enumerate""}]"
3_3dMatrculaECNivelSecundario,DHBEvolucinTemporal,3.3d Matr├¡cula EC Nivel secundario.twb,Cruces Relevantes - Aperturas y Grupos - Barras,[federated.0qiz8oi1sb3cd813zi06q01yhyh5].[none:APERTURA_DESCRIPCION:nk],categorical,"{""class"": ""categorical"", ""column"": ""[federated.0qiz8oi1sb3cd813zi06q01yhyh5].[none:APERTURA_DESCRIPCION:nk]"", ""filter-group"": ""15""}","[{""function"": ""level-members"", ""level"": ""[none:APERTURA_DESCRIPCION:nk]"", ""{http://www.tableausoftware.com/xml/user}ui-enumeration"": ""all"", ""{http://www.tableausoftware.com/xml/user}ui-marker"": ""enumerate""}]"
3_3dMatrculaECNivelSecundario,DHBEvolucinTemporal,3.3d Matr├¡cula EC Nivel secundario.twb,Cruces Relevantes - Aperturas y Grupos - Barras,[federated.0qiz8oi1sb3cd813zi06q01yhyh5].[none:BTN Mostrar Gráficos Caracteristicas (copy)_54254335857942529:nk],categorical,"{""class"": ""categorical"", ""column"": ""[federated.0qiz8oi1sb3cd813zi06q01yhyh5].[none:BTN Mostrar Gráficos Caracteristicas (copy)_54254335857942529:nk]""}","[{""function"": ""member"", ""level"": ""[none:BTN Mostrar Gráficos Caracteristicas (copy)_54254335857942529:nk]"", ""member"": ""true"", ""{http://www.tableausoftware.com/xml/user}ui-domain"": ""relevant"", ""{http://www.tableausoftware.com/xml/user}ui-enumeration"": ""inclusive"", ""{http://www.tableausoftware.com/xml/user}ui-marker"": ""enumerate""}]"
3_3dMatrculaECNivelSecundario,DHBEvolucinTemporal,3.3d Matr├¡cula EC Nivel secundario.twb,Cruces Relevantes - Aperturas y Grupos - Barras,[federated.0qiz8oi1sb3cd813zi06q01yhyh5].[none:Calculation_334673811823804420:nk],categorical,"{""class"": ""categorical"", ""column"": ""[federated.0qiz8oi1sb3cd813zi06q01yhyh5].[none:Calculation_334673811823804420:nk]"", ""filter-group"": ""27""}","[{""function"": ""member"", ""level"": ""[none:Calculation_334673811823804420:nk]"", ""member"": ""true"", ""{http://www.tableausoftware.com/xml/user}ui-domain"": ""relevant"", ""{http://www.tableausoftware.com/xml/user}ui-enumeration"": ""inclusive"", ""{http://www.tableausoftware.com/xml/user}ui-marker"": ""enumerate""}]"
3_3dMatrculaECNivelSecundario,DHBEvolucinTemporal,3.3d Matr├¡cula EC Nivel secundario.twb,Cruces Relevantes - Aperturas y Grupos - Barras,[federated.0qiz8oi1sb3cd813zi06q01yhyh5].[none:Calculation_334673811825987589:nk],categorical,"{""class"": ""categorical"", ""column"": ""[federated.0qiz8oi1sb3cd813zi06q01yhyh5].[none:Calculation_334673811825987589:nk]""}","[{""function"": ""member"", ""level"": ""[none:Calculation_334673811825987589:nk]"", ""member"": ""true"", ""{http://www.tableausoftware.com/xml/user}ui-domain"": ""relevant"", ""{http://www.tableausoftware.com/xml/user}ui-enumeration"": ""inclusive"", ""{http://www.tableausoftware.com/xml/user}ui-marker"": ""enumerate""}]"
3_3dMatrculaECNivelSecundario,DHBEvolucinTemporal,3.3d Matr├¡cula EC Nivel secundario.twb,Cruces Relevantes - Aperturas y Grupos - Barras,[federated.0qiz8oi1sb3cd813zi06q01yhyh5].[none:Calculation_5425289489148153872:nk],categorical,"{""class"": ""categorical"", ""column"": ""[federated.0qiz8oi1sb3cd813zi06q01yhyh5].[none:Calculation_5425289489148153872:nk]""}","[{""function"": ""member"", ""level"": ""[none:Calculation_5425289489148153872:nk]"", ""member"": ""true"", ""{http://www.tableausoftware.com/xml/user}ui-domain"": ""relevant"", ""{http://www.tableausoftware.com/xml/user}ui-enumeration"": ""inclusive"", ""{http://www.tableausoftware.com/xml/user}ui-marker"": ""enumerate""}]"
3_3dMatrculaECNivelSecundario,DHBEvolucinTemporal,3.3d Matr├¡cula EC Nivel secundario.twb,Cruces Relevantes - Aperturas y Grupos - Barras,[federated.0qiz8oi1sb3cd813zi06q01yhyh5].[none:INDICADOR_NOMBRE (Indicadores):nk],categorical,"{""class"": ""categorical"", ""column"": ""[federated.0qiz8oi1sb3cd813zi06q01yhyh5].[none:INDICADOR_NOMBRE (Indicadores):nk]"", ""filter-group"": ""3""}","[{""function"": ""level-members"", ""level"": ""[none:INDICADOR_NOMBRE (Indicadores):nk]"", ""{http://www.tableausoftware.com/xml/user}ui-enumeration"": ""all"", ""{http://www.tableausoftware.com/xml/user}ui-marker"": ""enumerate""}]"
3_3dMatrculaECNivelSecundario,DHBEvolucinTemporal,3.3d Matr├¡cula EC Nivel secundario.twb,Cruces Relevantes - Aperturas y Grupos - Barras,[federated.0qiz8oi1sb3cd813zi06q01yhyh5].[none:UNIDAD_GEOGRAFICA_NOMBRE:nk],categorical,"{""class"": ""categorical"", ""column"": ""[federated.0qiz8oi1sb3cd813zi06q01yhyh5].[none:UNIDAD_GEOGRAFICA_NOMBRE:nk]"", ""filter-group"": ""23""}","[{""function"": ""level-members"", ""level"": ""[none:UNIDAD_GEOGRAFICA_NOMBRE:nk]"", ""{http://www.tableausoftware.com/xml/user}ui-enumeration"": ""all"", ""{http://www.tableausoftware.com/xml/user}ui-marker"": ""enumerate""}]"
3_3dMatrculaECNivelSecundario,DHBEvolucinTemporal,3.3d Matr├¡cula EC Nivel secundario.twb,Cruces Relevantes - Aperturas y Grupos - Barras,[federated.0qiz8oi1sb3cd813zi06q01yhyh5].[none:Visualizar Desagregaciones (copia)_541839333440749569:qk],quantitative,"{""class"": ""quantitative"", ""column"": ""[federated.0qiz8oi1sb3cd813zi06q01yhyh5].[none:Visualizar Desagregaciones (copia)_541839333440749569:qk]"", ""included-values"": ""in-range-or-null""}",[]
3_3dMatrculaECNivelSecundario,DHBEvolucinTemporal,3.3d Matr├¡cula EC Nivel secundario.twb,Cruces Relevantes - Aperturas y Grupos - Tabla,[federated.0qiz8oi1sb3cd813zi06q01yhyh5].[DATOS_APERTURAS_1],categorical,"{""class"": ""categorical"", ""column"": ""[federated.0qiz8oi1sb3cd813zi06q01yhyh5].[DATOS_APERTURAS_1]"", ""filter-group"": ""14""}","[{""function"": ""level-members"", ""level"": ""[TIPO_DE_DATO]"", ""{http://www.tableausoftware.com/xml/user}ui-enumeration"": ""all"", ""{http://www.tableausoftware.com/xml/user}ui-marker"": ""enumerate""}]"
3_3dMatrculaECNivelSecundario,DHBEvolucinTemporal,3.3d Matr├¡cula EC Nivel secundario.twb,Cruces Relevantes - Aperturas y Grupos - Tabla,[federated.0qiz8oi1sb3cd813zi06q01yhyh5].[none:ANIO:ok],categorical,"{""class"": ""categorical"", ""column"": ""[federated.0qiz8oi1sb3cd813zi06q01yhyh5].[none:ANIO:ok]"", ""filter-group"": ""5""}","[{""function"": ""level-members"", ""level"": ""[none:ANIO:ok]"", ""{http://www.tableausoftware.com/xml/user}ui-enumeration"": ""all"", ""{http://www.tableausoftware.com/xml/user}ui-marker"": ""enumerate""}]"
3_3dMatrculaECNivelSecundario,DHBEvolucinTemporal,3.3d Matr├¡cula EC Nivel secundario.twb,Cruces Relevantes - Aperturas y Grupos - Tabla,[federated.0qiz8oi1sb3cd813zi06q01yhyh5].[none:APERTURA_DESCRIPCION:nk],categorical,"{""class"": ""categorical"", ""column"": ""[federated.0qiz8oi1sb3cd813zi06q01yhyh5].[none:APERTURA_DESCRIPCION:nk]"", ""filter-group"": ""15""}","[{""function"": ""level-members"", ""level"": ""[none:APERTURA_DESCRIPCION:nk]"", ""{http://www.tableausoftware.com/xml/user}ui-enumeration"": ""all"", ""{http://www.tableausoftware.com/xml/user}ui-marker"": ""enumerate""}]"
3_3dMatrculaECNivelSecundario,DHBEvolucinTemporal,3.3d Matr├¡cula EC Nivel secundario.twb,Cruces Relevantes - Aperturas y Grupos - Tabla,[federated.0qiz8oi1sb3cd813zi06q01yhyh5].[none:BTN Mostrar Gráficos Caracteristicas (copy)_54254335857942529:nk],categorical,"{""class"": ""categorical"", ""column"": ""[federated.0qiz8oi1sb3cd813zi06q01yhyh5].[none:BTN Mostrar Gráficos Caracteristicas (copy)_54254335857942529:nk]""}","[{""function"": ""member"", ""level"": ""[none:BTN Mostrar Gráficos Caracteristicas (copy)_54254335857942529:nk]"", ""member"": ""true"", ""{http://www.tableausoftware.com/xml/user}ui-domain"": ""relevant"", ""{http://www.tableausoftware.com/xml/user}ui-enumeration"": ""inclusive"", ""{http://www.tableausoftware.com/xml/user}ui-marker"": ""enumerate""}]"
3_3dMatrculaECNivelSecundario,DHBEvolucinTemporal,3.3d Matr├¡cula EC Nivel secundario.twb,Cruces Relevantes - Aperturas y Grupos - Tabla,[federated.0qiz8oi1sb3cd813zi06q01yhyh5].[none:Calculation_334673811823804420:nk],categorical,"{""class"": ""categorical"", ""column"": ""[federated.0qiz8oi1sb3cd813zi06q01yhyh5].[none:Calculation_334673811823804420:nk]"", ""filter-group"": ""27""}","[{""function"": ""member"", ""level"": ""[none:Calculation_334673811823804420:nk]"", ""member"": ""true"", ""{http://www.tableausoftware.com/xml/user}ui-domain"": ""relevant"", ""{http://www.tableausoftware.com/xml/user}ui-enumeration"": ""inclusive"", ""{http://www.tableausoftware.com/xml/user}ui-marker"": ""enumerate""}]"
3_3dMatrculaECNivelSecundario,DHBEvolucinTemporal,3.3d Matr├¡cula EC Nivel secundario.twb,Cruces Relevantes - Aperturas y Grupos - Tabla,[federated.0qiz8oi1sb3cd813zi06q01yhyh5].[none:Calculation_334673811825987589:nk],categorical,"{""class"": ""categorical"", ""column"": ""[federated.0qiz8oi1sb3cd813zi06q01yhyh5].[none:Calculation_334673811825987589:nk]""}","[{""function"": ""member"", ""level"": ""[none:Calculation_334673811825987589:nk]"", ""member"": ""true"", ""{http://www.tableausoftware.com/xml/user}ui-domain"": ""relevant"", ""{http://www.tableausoftware.com/xml/user}ui-enumeration"": ""inclusive"", ""{http://www.tableausoftware.com/xml/user}ui-marker"": ""enumerate""}]"
3_3dMatrculaECNivelSecundario,DHBEvolucinTemporal,3.3d Matr├¡cula EC Nivel secundario.twb,Cruces Relevantes - Aperturas y Grupos - Tabla,[federated.0qiz8oi1sb3cd813zi06q01yhyh5].[none:Calculation_5425289489148153872:nk],categorical,"{""class"": ""categorical"", ""column"": ""[federated.0qiz8oi1sb3cd813zi06q01yhyh5].[none:Calculation_5425289489148153872:nk]""}","[{""function"": ""member"", ""level"": ""[none:Calculation_5425289489148153872:nk]"", ""member"": ""true"", ""{http://www.tableausoftware.com/xml/user}ui-domain"": ""relevant"", ""{http://www.tableausoftware.com/xml/user}ui-enumeration"": ""inclusive"", ""{http://www.tableausoftware.com/xml/user}ui-marker"": ""enumerate""}]"
3_3dMatrculaECNivelSecundario,DHBEvolucinTemporal,3.3d Matr├¡cula EC Nivel secundario.twb,Cruces Relevantes - Aperturas y Grupos - Tabla,[federated.0qiz8oi1sb3cd813zi06q01yhyh5].[none:INDICADOR_NOMBRE (Indicadores):nk],categorical,"{""class"": ""categorical"", ""column"": ""[federated.0qiz8oi1sb3cd813zi06q01yhyh5].[none:INDICADOR_NOMBRE (Indicadores):nk]"", ""filter-group"": ""3""}","[{""function"": ""level-members"", ""level"": ""[none:INDICADOR_NOMBRE (Indicadores):nk]"", ""{http://www.tableausoftware.com/xml/user}ui-enumeration"": ""all"", ""{http://www.tableausoftware.com/xml/user}ui-marker"": ""enumerate""}]"
3_3dMatrculaECNivelSecundario,DHBEvolucinTemporal,3.3d Matr├¡cula EC Nivel secundario.twb,Cruces Relevantes - Aperturas y Grupos - Tabla,[federated.0qiz8oi1sb3cd813zi06q01yhyh5].[none:UNIDAD_GEOGRAFICA_NOMBRE:nk],categorical,"{""class"": ""categorical"", ""column"": ""[federated.0qiz8oi1sb3cd813zi06q01yhyh5].[none:UNIDAD_GEOGRAFICA_NOMBRE:nk]"", ""filter-group"": ""23""}","[{""function"": ""level-members"", ""level"": ""[none:UNIDAD_GEOGRAFICA_NOMBRE:nk]"", ""{http://www.tableausoftware.com/xml/user}ui-enumeration"": ""all"", ""{http://www.tableausoftware.com/xml/user}ui-marker"": ""enumerate""}]"
3_3dMatrculaECNivelSecundario,DHBEvolucinTemporal,3.3d Matr├¡cula EC Nivel secundario.twb,Cruces Relevantes - Aperturas y Grupos - Tabla,[federated.0qiz8oi1sb3cd813zi06q01yhyh5].[none:Visualizar Desagregaciones Barra (copia)_541839333440913410:qk],quantitative,"{""class"": ""quantitative"", ""column"": ""[federated.0qiz8oi1sb3cd813zi06q01yhyh5].[none:Visualizar Desagregaciones Barra (copia)_541839333440913410:qk]"", ""included-values"": ""in-range-or-null""}",[]
3_3dMatrculaECNivelSecundario,DHBEvolucinTemporal,3.3d Matr├¡cula EC Nivel secundario.twb,Cruces Relevantes - BTN,"[federated.0qiz8oi1sb3cd813zi06q01yhyh5].[Action (BTN Limpiar filtros,SELECCIONE)]",categorical,"{""class"": ""categorical"", ""column"": ""[federated.0qiz8oi1sb3cd813zi06q01yhyh5].[Action (BTN Limpiar filtros,SELECCIONE)]""}","[{""function"": ""crossjoin"", ""{http://www.tableausoftware.com/xml/user}ui-action-filter"": ""[Action88_A2306F1AF23E4F9CAD37CD015AD97FBE]"", ""{http://www.tableausoftware.com/xml/user}ui-domain"": ""database"", ""{http://www.tableausoftware.com/xml/user}ui-enumeration"": ""inclusive"", ""{http://www.tableausoftware.com/xml/user}ui-marker"": ""enumerate""}, {""function"": ""member"", ""level"": ""[BTN Distribuciones (copy)_4723009404404842516]"", ""member"": ""\""Limpiar filtros\""""}, {""function"": ""member"", ""level"": ""[Calculation_4723009402545549324]"", ""member"": ""\""Seleccione\""""}]"
3_3dMatrculaECNivelSecundario,DHBEvolucinTemporal,3.3d Matr├¡cula EC Nivel secundario.twb,Cruces Relevantes - BTN,[federated.0qiz8oi1sb3cd813zi06q01yhyh5].[DATOS_APERTURAS_1],categorical,"{""class"": ""categorical"", ""column"": ""[federated.0qiz8oi1sb3cd813zi06q01yhyh5].[DATOS_APERTURAS_1]"", ""filter-group"": ""14""}","[{""function"": ""level-members"", ""level"": ""[TIPO_DE_DATO]"", ""{http://www.tableausoftware.com/xml/user}ui-enumeration"": ""all"", ""{http://www.tableausoftware.com/xml/user}ui-marker"": ""enumerate""}]"
3_3dMatrculaECNivelSecundario,DHBEvolucinTemporal,3.3d Matr├¡cula EC Nivel secundario.twb,Cruces Relevantes - BTN,[federated.0qiz8oi1sb3cd813zi06q01yhyh5].[none:Calculation_334673811823804420:nk],categorical,"{""class"": ""categorical"", ""column"": ""[federated.0qiz8oi1sb3cd813zi06q01yhyh5].[none:Calculation_334673811823804420:nk]"", ""filter-group"": ""27""}","[{""function"": ""member"", ""level"": ""[none:Calculation_334673811823804420:nk]"", ""member"": ""true"", ""{http://www.tableausoftware.com/xml/user}ui-domain"": ""relevant"", ""{http://www.tableausoftware.com/xml/user}ui-enumeration"": ""inclusive"", ""{http://www.tableausoftware.com/xml/user}ui-marker"": ""enumerate""}]"
3_3dMatrculaECNivelSecundario,DHBEvolucinTemporal,3.3d Matr├¡cula EC Nivel secundario.twb,Cruces Relevantes - BTN Mostrar Gráficos,[federated.0qiz8oi1sb3cd813zi06q01yhyh5].[none:BTN Mostrar Gráficos Caracteristicas (copy)_54254335857942529:nk],categorical,"{""class"": ""categorical"", ""column"": ""[federated.0qiz8oi1sb3cd813zi06q01yhyh5].[none:BTN Mostrar Gráficos Caracteristicas (copy)_54254335857942529:nk]""}","[{""function"": ""member"", ""level"": ""[none:BTN Mostrar Gráficos Caracteristicas (copy)_54254335857942529:nk]"", ""member"": ""false"", ""{http://www.tableausoftware.com/xml/user}ui-domain"": ""relevant"", ""{http://www.tableausoftware.com/xml/user}ui-enumeration"": ""inclusive"", ""{http://www.tableausoftware.com/xml/user}ui-marker"": ""enumerate""}]"
3_3dMatrculaECNivelSecundario,DHBEvolucinTemporal,3.3d Matr├¡cula EC Nivel secundario.twb,Cruces Relevantes - Datos Indicador,[federated.0qiz8oi1sb3cd813zi06q01yhyh5].[DATOS_APERTURAS_1],categorical,"{""class"": ""categorical"", ""column"": ""[federated.0qiz8oi1sb3cd813zi06q01yhyh5].[DATOS_APERTURAS_1]"", ""filter-group"": ""14""}","[{""function"": ""level-members"", ""level"": ""[TIPO_DE_DATO]"", ""{http://www.tableausoftware.com/xml/user}ui-enumeration"": ""all"", ""{http://www.tableausoftware.com/xml/user}ui-marker"": ""enumerate""}]"
3_3dMatrculaECNivelSecundario,DHBEvolucinTemporal,3.3d Matr├¡cula EC Nivel secundario.twb,Cruces Relevantes - Datos Indicador,[federated.0qiz8oi1sb3cd813zi06q01yhyh5].[none:ANIO:ok],categorical,"{""class"": ""categorical"", ""column"": ""[federated.0qiz8oi1sb3cd813zi06q01yhyh5].[none:ANIO:ok]"", ""filter-group"": ""5""}","[{""function"": ""level-members"", ""level"": ""[none:ANIO:ok]"", ""{http://www.tableausoftware.com/xml/user}ui-enumeration"": ""all"", ""{http://www.tableausoftware.com/xml/user}ui-marker"": ""enumerate""}]"
3_3dMatrculaECNivelSecundario,DHBEvolucinTemporal,3.3d Matr├¡cula EC Nivel secundario.twb,Cruces Relevantes - Datos Indicador,[federated.0qiz8oi1sb3cd813zi06q01yhyh5].[none:APERTURA_DESCRIPCION:nk],categorical,"{""class"": ""categorical"", ""column"": ""[federated.0qiz8oi1sb3cd813zi06q01yhyh5].[none:APERTURA_DESCRIPCION:nk]"", ""filter-group"": ""15""}","[{""function"": ""level-members"", ""level"": ""[none:APERTURA_DESCRIPCION:nk]"", ""{http://www.tableausoftware.com/xml/user}ui-enumeration"": ""all"", ""{http://www.tableausoftware.com/xml/user}ui-marker"": ""enumerate""}]"
3_3dMatrculaECNivelSecundario,DHBEvolucinTemporal,3.3d Matr├¡cula EC Nivel secundario.twb,Cruces Relevantes - Datos Indicador,[federated.0qiz8oi1sb3cd813zi06q01yhyh5].[none:Calculation_334673811823804420:nk],categorical,"{""class"": ""categorical"", ""column"": ""[federated.0qiz8oi1sb3cd813zi06q01yhyh5].[none:Calculation_334673811823804420:nk]"", ""filter-group"": ""27""}","[{""function"": ""member"", ""level"": ""[none:Calculation_334673811823804420:nk]"", ""member"": ""true"", ""{http://www.tableausoftware.com/xml/user}ui-domain"": ""relevant"", ""{http://www.tableausoftware.com/xml/user}ui-enumeration"": ""inclusive"", ""{http://www.tableausoftware.com/xml/user}ui-marker"": ""enumerate""}]"
3_3dMatrculaECNivelSecundario,DHBEvolucinTemporal,3.3d Matr├¡cula EC Nivel secundario.twb,Cruces Relevantes - Datos Indicador,[federated.0qiz8oi1sb3cd813zi06q01yhyh5].[none:Calculation_334673811825987589:nk],categorical,"{""class"": ""categorical"", ""column"": ""[federated.0qiz8oi1sb3cd813zi06q01yhyh5].[none:Calculation_334673811825987589:nk]""}","[{""function"": ""member"", ""level"": ""[none:Calculation_334673811825987589:nk]"", ""member"": ""true"", ""{http://www.tableausoftware.com/xml/user}ui-domain"": ""relevant"", ""{http://www.tableausoftware.com/xml/user}ui-enumeration"": ""inclusive"", ""{http://www.tableausoftware.com/xml/user}ui-marker"": ""enumerate""}]"
3_3dMatrculaECNivelSecundario,DHBEvolucinTemporal,3.3d Matr├¡cula EC Nivel secundario.twb,Cruces Relevantes - Datos Indicador,[federated.0qiz8oi1sb3cd813zi06q01yhyh5].[none:INDICADOR_NOMBRE (Indicadores):nk],categorical,"{""class"": ""categorical"", ""column"": ""[federated.0qiz8oi1sb3cd813zi06q01yhyh5].[none:INDICADOR_NOMBRE (Indicadores):nk]"", ""filter-group"": ""3""}","[{""function"": ""level-members"", ""level"": ""[none:INDICADOR_NOMBRE (Indicadores):nk]"", ""{http://www.tableausoftware.com/xml/user}ui-enumeration"": ""all"", ""{http://www.tableausoftware.com/xml/user}ui-marker"": ""enumerate""}]"
3_3dMatrculaECNivelSecundario,DHBEvolucinTemporal,3.3d Matr├¡cula EC Nivel secundario.twb,Cruces Relevantes - Datos Indicador,[federated.0qiz8oi1sb3cd813zi06q01yhyh5].[none:UNIDAD_GEOGRAFICA_NOMBRE:nk],categorical,"{""class"": ""categorical"", ""column"": ""[federated.0qiz8oi1sb3cd813zi06q01yhyh5].[none:UNIDAD_GEOGRAFICA_NOMBRE:nk]"", ""filter-group"": ""23""}","[{""function"": ""level-members"", ""level"": ""[none:UNIDAD_GEOGRAFICA_NOMBRE:nk]"", ""{http://www.tableausoftware.com/xml/user}ui-enumeration"": ""all"", ""{http://www.tableausoftware.com/xml/user}ui-marker"": ""enumerate""}]"
3_3dMatrculaECNivelSecundario,DHBEvolucinTemporal,3.3d Matr├¡cula EC Nivel secundario.twb,Cruces Relevantes - Filtro,[federated.0qiz8oi1sb3cd813zi06q01yhyh5].[DATOS_APERTURAS_1],categorical,"{""class"": ""categorical"", ""column"": ""[federated.0qiz8oi1sb3cd813zi06q01yhyh5].[DATOS_APERTURAS_1]"", ""filter-group"": ""14""}","[{""function"": ""level-members"", ""level"": ""[TIPO_DE_DATO]"", ""{http://www.tableausoftware.com/xml/user}ui-enumeration"": ""all"", ""{http://www.tableausoftware.com/xml/user}ui-marker"": ""enumerate""}]"
3_3dMatrculaECNivelSecundario,DHBEvolucinTemporal,3.3d Matr├¡cula EC Nivel secundario.twb,Cruces Relevantes - Filtro,[federated.0qiz8oi1sb3cd813zi06q01yhyh5].[none:ANIO:ok],categorical,"{""class"": ""categorical"", ""column"": ""[federated.0qiz8oi1sb3cd813zi06q01yhyh5].[none:ANIO:ok]"", ""filter-group"": ""5""}","[{""function"": ""level-members"", ""level"": ""[none:ANIO:ok]"", ""{http://www.tableausoftware.com/xml/user}ui-enumeration"": ""all"", ""{http://www.tableausoftware.com/xml/user}ui-marker"": ""enumerate""}]"
3_3dMatrculaECNivelSecundario,DHBEvolucinTemporal,3.3d Matr├¡cula EC Nivel secundario.twb,Cruces Relevantes - Filtro,[federated.0qiz8oi1sb3cd813zi06q01yhyh5].[none:APERTURA_DESCRIPCION:nk],categorical,"{""class"": ""categorical"", ""column"": ""[federated.0qiz8oi1sb3cd813zi06q01yhyh5].[none:APERTURA_DESCRIPCION:nk]"", ""filter-group"": ""15""}","[{""function"": ""level-members"", ""level"": ""[none:APERTURA_DESCRIPCION:nk]"", ""{http://www.tableausoftware.com/xml/user}ui-enumeration"": ""all"", ""{http://www.tableausoftware.com/xml/user}ui-marker"": ""enumerate""}]"
3_3dMatrculaECNivelSecundario,DHBEvolucinTemporal,3.3d Matr├¡cula EC Nivel secundario.twb,Cruces Relevantes - Filtro,[federated.0qiz8oi1sb3cd813zi06q01yhyh5].[none:Calculation_334673811823804420:nk],categorical,"{""class"": ""categorical"", ""column"": ""[federated.0qiz8oi1sb3cd813zi06q01yhyh5].[none:Calculation_334673811823804420:nk]"", ""filter-group"": ""27""}","[{""function"": ""member"", ""level"": ""[none:Calculation_334673811823804420:nk]"", ""member"": ""true"", ""{http://www.tableausoftware.com/xml/user}ui-domain"": ""relevant"", ""{http://www.tableausoftware.com/xml/user}ui-enumeration"": ""inclusive"", ""{http://www.tableausoftware.com/xml/user}ui-marker"": ""enumerate""}]"
3_3dMatrculaECNivelSecundario,DHBEvolucinTemporal,3.3d Matr├¡cula EC Nivel secundario.twb,Cruces Relevantes - Filtro,[federated.0qiz8oi1sb3cd813zi06q01yhyh5].[none:Calculation_334673811825987589:nk],categorical,"{""class"": ""categorical"", ""column"": ""[federated.0qiz8oi1sb3cd813zi06q01yhyh5].[none:Calculation_334673811825987589:nk]""}","[{""function"": ""member"", ""level"": ""[none:Calculation_334673811825987589:nk]"", ""member"": ""true"", ""{http://www.tableausoftware.com/xml/user}ui-domain"": ""relevant"", ""{http://www.tableausoftware.com/xml/user}ui-enumeration"": ""inclusive"", ""{http://www.tableausoftware.com/xml/user}ui-marker"": ""enumerate""}]"
3_3dMatrculaECNivelSecundario,DHBEvolucinTemporal,3.3d Matr├¡cula EC Nivel secundario.twb,Cruces Relevantes - Filtro,[federated.0qiz8oi1sb3cd813zi06q01yhyh5].[none:INDICADOR_NOMBRE (Indicadores):nk],categorical,"{""class"": ""categorical"", ""column"": ""[federated.0qiz8oi1sb3cd813zi06q01yhyh5].[none:INDICADOR_NOMBRE (Indicadores):nk]"", ""filter-group"": ""3""}","[{""function"": ""level-members"", ""level"": ""[none:INDICADOR_NOMBRE (Indicadores):nk]"", ""{http://www.tableausoftware.com/xml/user}ui-enumeration"": ""all"", ""{http://www.tableausoftware.com/xml/user}ui-marker"": ""enumerate""}]"
3_3dMatrculaECNivelSecundario,DHBEvolucinTemporal,3.3d Matr├¡cula EC Nivel secundario.twb,Cruces Relevantes - Filtro,[federated.0qiz8oi1sb3cd813zi06q01yhyh5].[none:UNIDAD_GEOGRAFICA_NOMBRE:nk],categorical,"{""class"": ""categorical"", ""column"": ""[federated.0qiz8oi1sb3cd813zi06q01yhyh5].[none:UNIDAD_GEOGRAFICA_NOMBRE:nk]"", ""filter-group"": ""23""}","[{""function"": ""level-members"", ""level"": ""[none:UNIDAD_GEOGRAFICA_NOMBRE:nk]"", ""{http://www.tableausoftware.com/xml/user}ui-enumeration"": ""all"", ""{http://www.tableausoftware.com/xml/user}ui-marker"": ""enumerate""}]"
3_3dMatrculaECNivelSecundario,DHBEvolucinTemporal,3.3d Matr├¡cula EC Nivel secundario.twb,Cruces Relevantes - Filtro Inidicador,[federated.0qiz8oi1sb3cd813zi06q01yhyh5].[DATOS_APERTURAS_1],categorical,"{""class"": ""categorical"", ""column"": ""[federated.0qiz8oi1sb3cd813zi06q01yhyh5].[DATOS_APERTURAS_1]"", ""filter-group"": ""14""}","[{""function"": ""level-members"", ""level"": ""[TIPO_DE_DATO]"", ""{http://www.tableausoftware.com/xml/user}ui-enumeration"": ""all"", ""{http://www.tableausoftware.com/xml/user}ui-marker"": ""enumerate""}]"
3_3dMatrculaECNivelSecundario,DHBEvolucinTemporal,3.3d Matr├¡cula EC Nivel secundario.twb,Cruces Relevantes - Filtro Inidicador,[federated.0qiz8oi1sb3cd813zi06q01yhyh5].[none:ANIO:ok],categorical,"{""class"": ""categorical"", ""column"": ""[federated.0qiz8oi1sb3cd813zi06q01yhyh5].[none:ANIO:ok]"", ""filter-group"": ""5""}","[{""function"": ""level-members"", ""level"": ""[none:ANIO:ok]"", ""{http://www.tableausoftware.com/xml/user}ui-enumeration"": ""all"", ""{http://www.tableausoftware.com/xml/user}ui-marker"": ""enumerate""}]"
3_3dMatrculaECNivelSecundario,DHBEvolucinTemporal,3.3d Matr├¡cula EC Nivel secundario.twb,Cruces Relevantes - Filtro Inidicador,[federated.0qiz8oi1sb3cd813zi06q01yhyh5].[none:APERTURA_DESCRIPCION:nk],categorical,"{""class"": ""categorical"", ""column"": ""[federated.0qiz8oi1sb3cd813zi06q01yhyh5].[none:APERTURA_DESCRIPCION:nk]"", ""filter-group"": ""15""}","[{""function"": ""level-members"", ""level"": ""[none:APERTURA_DESCRIPCION:nk]"", ""{http://www.tableausoftware.com/xml/user}ui-enumeration"": ""all"", ""{http://www.tableausoftware.com/xml/user}ui-marker"": ""enumerate""}]"
3_3dMatrculaECNivelSecundario,DHBEvolucinTemporal,3.3d Matr├¡cula EC Nivel secundario.twb,Cruces Relevantes - Filtro Inidicador,[federated.0qiz8oi1sb3cd813zi06q01yhyh5].[none:Calculation_334673811823804420:nk],categorical,"{""class"": ""categorical"", ""column"": ""[federated.0qiz8oi1sb3cd813zi06q01yhyh5].[none:Calculation_334673811823804420:nk]"", ""filter-group"": ""27""}","[{""function"": ""member"", ""level"": ""[none:Calculation_334673811823804420:nk]"", ""member"": ""true"", ""{http://www.tableausoftware.com/xml/user}ui-domain"": ""relevant"", ""{http://www.tableausoftware.com/xml/user}ui-enumeration"": ""inclusive"", ""{http://www.tableausoftware.com/xml/user}ui-marker"": ""enumerate""}]"
3_3dMatrculaECNivelSecundario,DHBEvolucinTemporal,3.3d Matr├¡cula EC Nivel secundario.twb,Cruces Relevantes - Filtro Inidicador,[federated.0qiz8oi1sb3cd813zi06q01yhyh5].[none:INDICADOR_NOMBRE (Indicadores):nk],categorical,"{""class"": ""categorical"", ""column"": ""[federated.0qiz8oi1sb3cd813zi06q01yhyh5].[none:INDICADOR_NOMBRE (Indicadores):nk]"", ""filter-group"": ""3""}","[{""function"": ""level-members"", ""level"": ""[none:INDICADOR_NOMBRE (Indicadores):nk]"", ""{http://www.tableausoftware.com/xml/user}ui-enumeration"": ""all"", ""{http://www.tableausoftware.com/xml/user}ui-marker"": ""enumerate""}]"
3_3dMatrculaECNivelSecundario,DHBEvolucinTemporal,3.3d Matr├¡cula EC Nivel secundario.twb,Cruces Relevantes - Filtro Inidicador,[federated.0qiz8oi1sb3cd813zi06q01yhyh5].[none:UNIDAD_GEOGRAFICA_NOMBRE:nk],categorical,"{""class"": ""categorical"", ""column"": ""[federated.0qiz8oi1sb3cd813zi06q01yhyh5].[none:UNIDAD_GEOGRAFICA_NOMBRE:nk]"", ""filter-group"": ""23""}","[{""function"": ""level-members"", ""level"": ""[none:UNIDAD_GEOGRAFICA_NOMBRE:nk]"", ""{http://www.tableausoftware.com/xml/user}ui-enumeration"": ""all"", ""{http://www.tableausoftware.com/xml/user}ui-marker"": ""enumerate""}]"
3_3dMatrculaECNivelSecundario,DHBEvolucinTemporal,3.3d Matr├¡cula EC Nivel secundario.twb,Cruces Relevantes - Titulo,[federated.0qiz8oi1sb3cd813zi06q01yhyh5].[DATOS_APERTURAS_1],categorical,"{""class"": ""categorical"", ""column"": ""[federated.0qiz8oi1sb3cd813zi06q01yhyh5].[DATOS_APERTURAS_1]"", ""filter-group"": ""14""}","[{""function"": ""level-members"", ""level"": ""[TIPO_DE_DATO]"", ""{http://www.tableausoftware.com/xml/user}ui-enumeration"": ""all"", ""{http://www.tableausoftware.com/xml/user}ui-marker"": ""enumerate""}]"
3_3dMatrculaECNivelSecundario,DHBEvolucinTemporal,3.3d Matr├¡cula EC Nivel secundario.twb,Cruces Relevantes - Titulo,[federated.0qiz8oi1sb3cd813zi06q01yhyh5].[none:ANIO:ok],categorical,"{""class"": ""categorical"", ""column"": ""[federated.0qiz8oi1sb3cd813zi06q01yhyh5].[none:ANIO:ok]"", ""filter-group"": ""5""}","[{""function"": ""level-members"", ""level"": ""[none:ANIO:ok]"", ""{http://www.tableausoftware.com/xml/user}ui-enumeration"": ""all"", ""{http://www.tableausoftware.com/xml/user}ui-marker"": ""enumerate""}]"
3_3dMatrculaECNivelSecundario,DHBEvolucinTemporal,3.3d Matr├¡cula EC Nivel secundario.twb,Cruces Relevantes - Titulo,[federated.0qiz8oi1sb3cd813zi06q01yhyh5].[none:APERTURA_DESCRIPCION:nk],categorical,"{""class"": ""categorical"", ""column"": ""[federated.0qiz8oi1sb3cd813zi06q01yhyh5].[none:APERTURA_DESCRIPCION:nk]"", ""filter-group"": ""15""}","[{""function"": ""level-members"", ""level"": ""[none:APERTURA_DESCRIPCION:nk]"", ""{http://www.tableausoftware.com/xml/user}ui-enumeration"": ""all"", ""{http://www.tableausoftware.com/xml/user}ui-marker"": ""enumerate""}]"
3_3dMatrculaECNivelSecundario,DHBEvolucinTemporal,3.3d Matr├¡cula EC Nivel secundario.twb,Cruces Relevantes - Titulo,[federated.0qiz8oi1sb3cd813zi06q01yhyh5].[none:BTN Mostrar Gráficos Caracteristicas (copy)_54254335857942529:nk],categorical,"{""class"": ""categorical"", ""column"": ""[federated.0qiz8oi1sb3cd813zi06q01yhyh5].[none:BTN Mostrar Gráficos Caracteristicas (copy)_54254335857942529:nk]""}","[{""function"": ""member"", ""level"": ""[none:BTN Mostrar Gráficos Caracteristicas (copy)_54254335857942529:nk]"", ""member"": ""true"", ""{http://www.tableausoftware.com/xml/user}ui-domain"": ""relevant"", ""{http://www.tableausoftware.com/xml/user}ui-enumeration"": ""inclusive"", ""{http://www.tableausoftware.com/xml/user}ui-marker"": ""enumerate""}]"
3_3dMatrculaECNivelSecundario,DHBEvolucinTemporal,3.3d Matr├¡cula EC Nivel secundario.twb,Cruces Relevantes - Titulo,[federated.0qiz8oi1sb3cd813zi06q01yhyh5].[none:Calculation_334673811823804420:nk],categorical,"{""class"": ""categorical"", ""column"": ""[federated.0qiz8oi1sb3cd813zi06q01yhyh5].[none:Calculation_334673811823804420:nk]"", ""filter-group"": ""27""}","[{""function"": ""member"", ""level"": ""[none:Calculation_334673811823804420:nk]"", ""member"": ""true"", ""{http://www.tableausoftware.com/xml/user}ui-domain"": ""relevant"", ""{http://www.tableausoftware.com/xml/user}ui-enumeration"": ""inclusive"", ""{http://www.tableausoftware.com/xml/user}ui-marker"": ""enumerate""}]"
3_3dMatrculaECNivelSecundario,DHBEvolucinTemporal,3.3d Matr├¡cula EC Nivel secundario.twb,Cruces Relevantes - Titulo,[federated.0qiz8oi1sb3cd813zi06q01yhyh5].[none:Calculation_334673811825987589:nk],categorical,"{""class"": ""categorical"", ""column"": ""[federated.0qiz8oi1sb3cd813zi06q01yhyh5].[none:Calculation_334673811825987589:nk]""}","[{""function"": ""member"", ""level"": ""[none:Calculation_334673811825987589:nk]"", ""member"": ""true"", ""{http://www.tableausoftware.com/xml/user}ui-domain"": ""relevant"", ""{http://www.tableausoftware.com/xml/user}ui-enumeration"": ""inclusive"", ""{http://www.tableausoftware.com/xml/user}ui-marker"": ""enumerate""}]"
3_3dMatrculaECNivelSecundario,DHBEvolucinTemporal,3.3d Matr├¡cula EC Nivel secundario.twb,Cruces Relevantes - Titulo,[federated.0qiz8oi1sb3cd813zi06q01yhyh5].[none:INDICADOR_NOMBRE (Indicadores):nk],categorical,"{""class"": ""categorical"", ""column"": ""[federated.0qiz8oi1sb3cd813zi06q01yhyh5].[none:INDICADOR_NOMBRE (Indicadores):nk]"", ""filter-group"": ""3""}","[{""function"": ""level-members"", ""level"": ""[none:INDICADOR_NOMBRE (Indicadores):nk]"", ""{http://www.tableausoftware.com/xml/user}ui-enumeration"": ""all"", ""{http://www.tableausoftware.com/xml/user}ui-marker"": ""enumerate""}]"
3_3dMatrculaECNivelSecundario,DHBEvolucinTemporal,3.3d Matr├¡cula EC Nivel secundario.twb,Cruces Relevantes - Titulo,[federated.0qiz8oi1sb3cd813zi06q01yhyh5].[none:UNIDAD_GEOGRAFICA_NOMBRE:nk],categorical,"{""class"": ""categorical"", ""column"": ""[federated.0qiz8oi1sb3cd813zi06q01yhyh5].[none:UNIDAD_GEOGRAFICA_NOMBRE:nk]"", ""filter-group"": ""23""}","[{""function"": ""level-members"", ""level"": ""[none:UNIDAD_GEOGRAFICA_NOMBRE:nk]"", ""{http://www.tableausoftware.com/xml/user}ui-enumeration"": ""all"", ""{http://www.tableausoftware.com/xml/user}ui-marker"": ""enumerate""}]"
3_3dMatrculaECNivelSecundario,DHBEvolucinTemporal,3.3d Matr├¡cula EC Nivel secundario.twb,Distribución Territorial - BTN,"[federated.0qiz8oi1sb3cd813zi06q01yhyh5].[Action (BTN Limpiar filtros,SELECCIONE)]",categorical,"{""class"": ""categorical"", ""column"": ""[federated.0qiz8oi1sb3cd813zi06q01yhyh5].[Action (BTN Limpiar filtros,SELECCIONE)]""}","[{""function"": ""crossjoin"", ""{http://www.tableausoftware.com/xml/user}ui-action-filter"": ""[Action88_A2306F1AF23E4F9CAD37CD015AD97FBE]"", ""{http://www.tableausoftware.com/xml/user}ui-domain"": ""database"", ""{http://www.tableausoftware.com/xml/user}ui-enumeration"": ""inclusive"", ""{http://www.tableausoftware.com/xml/user}ui-marker"": ""enumerate""}, {""function"": ""member"", ""level"": ""[BTN Distribuciones (copy)_4723009404404842516]"", ""member"": ""\""Limpiar filtros\""""}, {""function"": ""member"", ""level"": ""[Calculation_4723009402545549324]"", ""member"": ""\""Seleccione\""""}]"
3_3dMatrculaECNivelSecundario,DHBEvolucinTemporal,3.3d Matr├¡cula EC Nivel secundario.twb,Distribución Territorial - BTN,[federated.0qiz8oi1sb3cd813zi06q01yhyh5].[DATOS_MAPA],categorical,"{""class"": ""categorical"", ""column"": ""[federated.0qiz8oi1sb3cd813zi06q01yhyh5].[DATOS_MAPA]"", ""filter-group"": ""9""}",[]
3_3dMatrculaECNivelSecundario,DHBEvolucinTemporal,3.3d Matr├¡cula EC Nivel secundario.twb,Distribución Territorial - BTN,[federated.0qiz8oi1sb3cd813zi06q01yhyh5].[none:Calculation_334673811823804420:nk],categorical,"{""class"": ""categorical"", ""column"": ""[federated.0qiz8oi1sb3cd813zi06q01yhyh5].[none:Calculation_334673811823804420:nk]"", ""filter-group"": ""27""}","[{""function"": ""member"", ""level"": ""[none:Calculation_334673811823804420:nk]"", ""member"": ""true"", ""{http://www.tableausoftware.com/xml/user}ui-domain"": ""relevant"", ""{http://www.tableausoftware.com/xml/user}ui-enumeration"": ""inclusive"", ""{http://www.tableausoftware.com/xml/user}ui-marker"": ""enumerate""}]"
3_3dMatrculaECNivelSecundario,DHBEvolucinTemporal,3.3d Matr├¡cula EC Nivel secundario.twb,Distribución Territorial - BTN Mostrar Gráficos,[federated.0qiz8oi1sb3cd813zi06q01yhyh5].[none:BTN Mostrar Gráficos Cruces Relevantes (copy) (copy)_54254335887220741:nk],categorical,"{""class"": ""categorical"", ""column"": ""[federated.0qiz8oi1sb3cd813zi06q01yhyh5].[none:BTN Mostrar Gráficos Cruces Relevantes (copy) (copy)_54254335887220741:nk]""}","[{""function"": ""member"", ""level"": ""[none:BTN Mostrar Gráficos Cruces Relevantes (copy) (copy)_54254335887220741:nk]"", ""member"": ""false"", ""{http://www.tableausoftware.com/xml/user}ui-domain"": ""relevant"", ""{http://www.tableausoftware.com/xml/user}ui-enumeration"": ""inclusive"", ""{http://www.tableausoftware.com/xml/user}ui-marker"": ""enumerate""}]"
3_3dMatrculaECNivelSecundario,DHBEvolucinTemporal,3.3d Matr├¡cula EC Nivel secundario.twb,Distribución Territorial - Departamental Tabla,[federated.0qiz8oi1sb3cd813zi06q01yhyh5].[DATOS_MAPA],categorical,"{""class"": ""categorical"", ""column"": ""[federated.0qiz8oi1sb3cd813zi06q01yhyh5].[DATOS_MAPA]"", ""filter-group"": ""9""}",[]
3_3dMatrculaECNivelSecundario,DHBEvolucinTemporal,3.3d Matr├¡cula EC Nivel secundario.twb,Distribución Territorial - Departamental Tabla,[federated.0qiz8oi1sb3cd813zi06q01yhyh5].[none:ANIO:ok],categorical,"{""class"": ""categorical"", ""column"": ""[federated.0qiz8oi1sb3cd813zi06q01yhyh5].[none:ANIO:ok]"", ""filter-group"": ""4""}","[{""function"": ""level-members"", ""level"": ""[none:ANIO:ok]"", ""{http://www.tableausoftware.com/xml/user}ui-enumeration"": ""all"", ""{http://www.tableausoftware.com/xml/user}ui-marker"": ""enumerate""}]"
3_3dMatrculaECNivelSecundario,DHBEvolucinTemporal,3.3d Matr├¡cula EC Nivel secundario.twb,Distribución Territorial - Departamental Tabla,[federated.0qiz8oi1sb3cd813zi06q01yhyh5].[none:BTN Mostrar Gráficos Cruces Relevantes (copy) (copy)_54254335887220741:nk],categorical,"{""class"": ""categorical"", ""column"": ""[federated.0qiz8oi1sb3cd813zi06q01yhyh5].[none:BTN Mostrar Gráficos Cruces Relevantes (copy) (copy)_54254335887220741:nk]"", ""filter-group"": ""19""}","[{""function"": ""member"", ""level"": ""[none:BTN Mostrar Gráficos Cruces Relevantes (copy) (copy)_54254335887220741:nk]"", ""member"": ""true"", ""{http://www.tableausoftware.com/xml/user}ui-domain"": ""relevant"", ""{http://www.tableausoftware.com/xml/user}ui-enumeration"": ""inclusive"", ""{http://www.tableausoftware.com/xml/user}ui-marker"": ""enumerate""}]"
3_3dMatrculaECNivelSecundario,DHBEvolucinTemporal,3.3d Matr├¡cula EC Nivel secundario.twb,Distribución Territorial - Departamental Tabla,[federated.0qiz8oi1sb3cd813zi06q01yhyh5].[none:Calculation_334673811823804420:nk],categorical,"{""class"": ""categorical"", ""column"": ""[federated.0qiz8oi1sb3cd813zi06q01yhyh5].[none:Calculation_334673811823804420:nk]"", ""filter-group"": ""27""}","[{""function"": ""member"", ""level"": ""[none:Calculation_334673811823804420:nk]"", ""member"": ""true"", ""{http://www.tableausoftware.com/xml/user}ui-domain"": ""relevant"", ""{http://www.tableausoftware.com/xml/user}ui-enumeration"": ""inclusive"", ""{http://www.tableausoftware.com/xml/user}ui-marker"": ""enumerate""}]"
3_3dMatrculaECNivelSecundario,DHBEvolucinTemporal,3.3d Matr├¡cula EC Nivel secundario.twb,Distribución Territorial - Departamental Tabla,[federated.0qiz8oi1sb3cd813zi06q01yhyh5].[none:Calculation_334673811825987589:nk],categorical,"{""class"": ""categorical"", ""column"": ""[federated.0qiz8oi1sb3cd813zi06q01yhyh5].[none:Calculation_334673811825987589:nk]""}","[{""function"": ""member"", ""level"": ""[none:Calculation_334673811825987589:nk]"", ""member"": ""true"", ""{http://www.tableausoftware.com/xml/user}ui-domain"": ""relevant"", ""{http://www.tableausoftware.com/xml/user}ui-enumeration"": ""inclusive"", ""{http://www.tableausoftware.com/xml/user}ui-marker"": ""enumerate""}]"
3_3dMatrculaECNivelSecundario,DHBEvolucinTemporal,3.3d Matr├¡cula EC Nivel secundario.twb,Distribución Territorial - Departamental Tabla,[federated.0qiz8oi1sb3cd813zi06q01yhyh5].[none:INDICADOR_NOMBRE (Indicadores):nk],categorical,"{""class"": ""categorical"", ""column"": ""[federated.0qiz8oi1sb3cd813zi06q01yhyh5].[none:INDICADOR_NOMBRE (Indicadores):nk]"", ""filter-group"": ""10""}","[{""function"": ""level-members"", ""level"": ""[none:INDICADOR_NOMBRE (Indicadores):nk]"", ""{http://www.tableausoftware.com/xml/user}ui-enumeration"": ""all"", ""{http://www.tableausoftware.com/xml/user}ui-marker"": ""enumerate""}]"
3_3dMatrculaECNivelSecundario,DHBEvolucinTemporal,3.3d Matr├¡cula EC Nivel secundario.twb,Distribución Territorial - Filtro,[federated.0qiz8oi1sb3cd813zi06q01yhyh5].[DATOS_MAPA],categorical,"{""class"": ""categorical"", ""column"": ""[federated.0qiz8oi1sb3cd813zi06q01yhyh5].[DATOS_MAPA]"", ""filter-group"": ""9""}",[]
3_3dMatrculaECNivelSecundario,DHBEvolucinTemporal,3.3d Matr├¡cula EC Nivel secundario.twb,Distribución Territorial - Filtro,[federated.0qiz8oi1sb3cd813zi06q01yhyh5].[none:ANIO:ok],categorical,"{""class"": ""categorical"", ""column"": ""[federated.0qiz8oi1sb3cd813zi06q01yhyh5].[none:ANIO:ok]"", ""filter-group"": ""4""}","[{""function"": ""level-members"", ""level"": ""[none:ANIO:ok]"", ""{http://www.tableausoftware.com/xml/user}ui-enumeration"": ""all"", ""{http://www.tableausoftware.com/xml/user}ui-marker"": ""enumerate""}]"
3_3dMatrculaECNivelSecundario,DHBEvolucinTemporal,3.3d Matr├¡cula EC Nivel secundario.twb,Distribución Territorial - Filtro,[federated.0qiz8oi1sb3cd813zi06q01yhyh5].[none:Calculation_334673811823804420:nk],categorical,"{""class"": ""categorical"", ""column"": ""[federated.0qiz8oi1sb3cd813zi06q01yhyh5].[none:Calculation_334673811823804420:nk]"", ""filter-group"": ""27""}","[{""function"": ""member"", ""level"": ""[none:Calculation_334673811823804420:nk]"", ""member"": ""true"", ""{http://www.tableausoftware.com/xml/user}ui-domain"": ""relevant"", ""{http://www.tableausoftware.com/xml/user}ui-enumeration"": ""inclusive"", ""{http://www.tableausoftware.com/xml/user}ui-marker"": ""enumerate""}]"
3_3dMatrculaECNivelSecundario,DHBEvolucinTemporal,3.3d Matr├¡cula EC Nivel secundario.twb,Distribución Territorial - Filtro,[federated.0qiz8oi1sb3cd813zi06q01yhyh5].[none:Calculation_334673811825987589:nk],categorical,"{""class"": ""categorical"", ""column"": ""[federated.0qiz8oi1sb3cd813zi06q01yhyh5].[none:Calculation_334673811825987589:nk]""}","[{""function"": ""member"", ""level"": ""[none:Calculation_334673811825987589:nk]"", ""member"": ""true"", ""{http://www.tableausoftware.com/xml/user}ui-domain"": ""relevant"", ""{http://www.tableausoftware.com/xml/user}ui-enumeration"": ""inclusive"", ""{http://www.tableausoftware.com/xml/user}ui-marker"": ""enumerate""}]"
3_3dMatrculaECNivelSecundario,DHBEvolucinTemporal,3.3d Matr├¡cula EC Nivel secundario.twb,Distribución Territorial - Filtro,[federated.0qiz8oi1sb3cd813zi06q01yhyh5].[none:INDICADOR_NOMBRE (Indicadores):nk],categorical,"{""class"": ""categorical"", ""column"": ""[federated.0qiz8oi1sb3cd813zi06q01yhyh5].[none:INDICADOR_NOMBRE (Indicadores):nk]"", ""filter-group"": ""10""}","[{""function"": ""level-members"", ""level"": ""[none:INDICADOR_NOMBRE (Indicadores):nk]"", ""{http://www.tableausoftware.com/xml/user}ui-enumeration"": ""all"", ""{http://www.tableausoftware.com/xml/user}ui-marker"": ""enumerate""}]"
3_3dMatrculaECNivelSecundario,DHBEvolucinTemporal,3.3d Matr├¡cula EC Nivel secundario.twb,Distribución Territorial - Filtro Indicador,[federated.0qiz8oi1sb3cd813zi06q01yhyh5].[DATOS_MAPA],categorical,"{""class"": ""categorical"", ""column"": ""[federated.0qiz8oi1sb3cd813zi06q01yhyh5].[DATOS_MAPA]"", ""filter-group"": ""9""}",[]
3_3dMatrculaECNivelSecundario,DHBEvolucinTemporal,3.3d Matr├¡cula EC Nivel secundario.twb,Distribución Territorial - Filtro Indicador,[federated.0qiz8oi1sb3cd813zi06q01yhyh5].[none:ANIO:ok],categorical,"{""class"": ""categorical"", ""column"": ""[federated.0qiz8oi1sb3cd813zi06q01yhyh5].[none:ANIO:ok]"", ""filter-group"": ""4""}","[{""function"": ""level-members"", ""level"": ""[none:ANIO:ok]"", ""{http://www.tableausoftware.com/xml/user}ui-enumeration"": ""all"", ""{http://www.tableausoftware.com/xml/user}ui-marker"": ""enumerate""}]"
3_3dMatrculaECNivelSecundario,DHBEvolucinTemporal,3.3d Matr├¡cula EC Nivel secundario.twb,Distribución Territorial - Filtro Indicador,[federated.0qiz8oi1sb3cd813zi06q01yhyh5].[none:Calculation_334673811823804420:nk],categorical,"{""class"": ""categorical"", ""column"": ""[federated.0qiz8oi1sb3cd813zi06q01yhyh5].[none:Calculation_334673811823804420:nk]"", ""filter-group"": ""27""}","[{""function"": ""member"", ""level"": ""[none:Calculation_334673811823804420:nk]"", ""member"": ""true"", ""{http://www.tableausoftware.com/xml/user}ui-domain"": ""relevant"", ""{http://www.tableausoftware.com/xml/user}ui-enumeration"": ""inclusive"", ""{http://www.tableausoftware.com/xml/user}ui-marker"": ""enumerate""}]"
3_3dMatrculaECNivelSecundario,DHBEvolucinTemporal,3.3d Matr├¡cula EC Nivel secundario.twb,Distribución Territorial - Filtro Indicador,[federated.0qiz8oi1sb3cd813zi06q01yhyh5].[none:INDICADOR_NOMBRE (Indicadores):nk],categorical,"{""class"": ""categorical"", ""column"": ""[federated.0qiz8oi1sb3cd813zi06q01yhyh5].[none:INDICADOR_NOMBRE (Indicadores):nk]"", ""filter-group"": ""10""}","[{""function"": ""level-members"", ""level"": ""[none:INDICADOR_NOMBRE (Indicadores):nk]"", ""{http://www.tableausoftware.com/xml/user}ui-enumeration"": ""all"", ""{http://www.tableausoftware.com/xml/user}ui-marker"": ""enumerate""}]"
3_3dMatrculaECNivelSecundario,DHBEvolucinTemporal,3.3d Matr├¡cula EC Nivel secundario.twb,Distribución Territorial - Provincial Aperturas - Barras,[federated.0qiz8oi1sb3cd813zi06q01yhyh5].[DATOS_MAPA],categorical,"{""class"": ""categorical"", ""column"": ""[federated.0qiz8oi1sb3cd813zi06q01yhyh5].[DATOS_MAPA]"", ""filter-group"": ""9""}",[]
3_3dMatrculaECNivelSecundario,DHBEvolucinTemporal,3.3d Matr├¡cula EC Nivel secundario.twb,Distribución Territorial - Provincial Aperturas - Barras,[federated.0qiz8oi1sb3cd813zi06q01yhyh5].[none:ANIO:ok],categorical,"{""class"": ""categorical"", ""column"": ""[federated.0qiz8oi1sb3cd813zi06q01yhyh5].[none:ANIO:ok]"", ""filter-group"": ""4""}","[{""function"": ""level-members"", ""level"": ""[none:ANIO:ok]"", ""{http://www.tableausoftware.com/xml/user}ui-enumeration"": ""all"", ""{http://www.tableausoftware.com/xml/user}ui-marker"": ""enumerate""}]"
3_3dMatrculaECNivelSecundario,DHBEvolucinTemporal,3.3d Matr├¡cula EC Nivel secundario.twb,Distribución Territorial - Provincial Aperturas - Barras,[federated.0qiz8oi1sb3cd813zi06q01yhyh5].[none:BTN Mostrar Gráficos Cruces Relevantes (copy) (copy)_54254335887220741:nk],categorical,"{""class"": ""categorical"", ""column"": ""[federated.0qiz8oi1sb3cd813zi06q01yhyh5].[none:BTN Mostrar Gráficos Cruces Relevantes (copy) (copy)_54254335887220741:nk]"", ""filter-group"": ""19""}","[{""function"": ""member"", ""level"": ""[none:BTN Mostrar Gráficos Cruces Relevantes (copy) (copy)_54254335887220741:nk]"", ""member"": ""true"", ""{http://www.tableausoftware.com/xml/user}ui-domain"": ""relevant"", ""{http://www.tableausoftware.com/xml/user}ui-enumeration"": ""inclusive"", ""{http://www.tableausoftware.com/xml/user}ui-marker"": ""enumerate""}]"
3_3dMatrculaECNivelSecundario,DHBEvolucinTemporal,3.3d Matr├¡cula EC Nivel secundario.twb,Distribución Territorial - Provincial Aperturas - Barras,[federated.0qiz8oi1sb3cd813zi06q01yhyh5].[none:Calculation_334673811823804420:nk],categorical,"{""class"": ""categorical"", ""column"": ""[federated.0qiz8oi1sb3cd813zi06q01yhyh5].[none:Calculation_334673811823804420:nk]"", ""filter-group"": ""27""}","[{""function"": ""member"", ""level"": ""[none:Calculation_334673811823804420:nk]"", ""member"": ""true"", ""{http://www.tableausoftware.com/xml/user}ui-domain"": ""relevant"", ""{http://www.tableausoftware.com/xml/user}ui-enumeration"": ""inclusive"", ""{http://www.tableausoftware.com/xml/user}ui-marker"": ""enumerate""}]"
3_3dMatrculaECNivelSecundario,DHBEvolucinTemporal,3.3d Matr├¡cula EC Nivel secundario.twb,Distribución Territorial - Provincial Aperturas - Barras,[federated.0qiz8oi1sb3cd813zi06q01yhyh5].[none:Calculation_334673811825987589:nk],categorical,"{""class"": ""categorical"", ""column"": ""[federated.0qiz8oi1sb3cd813zi06q01yhyh5].[none:Calculation_334673811825987589:nk]""}","[{""function"": ""member"", ""level"": ""[none:Calculation_334673811825987589:nk]"", ""member"": ""true"", ""{http://www.tableausoftware.com/xml/user}ui-domain"": ""relevant"", ""{http://www.tableausoftware.com/xml/user}ui-enumeration"": ""inclusive"", ""{http://www.tableausoftware.com/xml/user}ui-marker"": ""enumerate""}]"
3_3dMatrculaECNivelSecundario,DHBEvolucinTemporal,3.3d Matr├¡cula EC Nivel secundario.twb,Distribución Territorial - Provincial Aperturas - Barras,[federated.0qiz8oi1sb3cd813zi06q01yhyh5].[none:INDICADOR_NOMBRE (Indicadores):nk],categorical,"{""class"": ""categorical"", ""column"": ""[federated.0qiz8oi1sb3cd813zi06q01yhyh5].[none:INDICADOR_NOMBRE (Indicadores):nk]"", ""filter-group"": ""10""}","[{""function"": ""level-members"", ""level"": ""[none:INDICADOR_NOMBRE (Indicadores):nk]"", ""{http://www.tableausoftware.com/xml/user}ui-enumeration"": ""all"", ""{http://www.tableausoftware.com/xml/user}ui-marker"": ""enumerate""}]"
3_3dMatrculaECNivelSecundario,DHBEvolucinTemporal,3.3d Matr├¡cula EC Nivel secundario.twb,Distribución Territorial - Provincial Geográfico,[federated.0qiz8oi1sb3cd813zi06q01yhyh5].[DATOS_MAPA],categorical,"{""class"": ""categorical"", ""column"": ""[federated.0qiz8oi1sb3cd813zi06q01yhyh5].[DATOS_MAPA]"", ""filter-group"": ""9""}",[]
3_3dMatrculaECNivelSecundario,DHBEvolucinTemporal,3.3d Matr├¡cula EC Nivel secundario.twb,Distribución Territorial - Provincial Geográfico,[federated.0qiz8oi1sb3cd813zi06q01yhyh5].[none:ANIO:ok],categorical,"{""class"": ""categorical"", ""column"": ""[federated.0qiz8oi1sb3cd813zi06q01yhyh5].[none:ANIO:ok]"", ""filter-group"": ""4""}","[{""function"": ""level-members"", ""level"": ""[none:ANIO:ok]"", ""{http://www.tableausoftware.com/xml/user}ui-enumeration"": ""all"", ""{http://www.tableausoftware.com/xml/user}ui-marker"": ""enumerate""}]"
3_3dMatrculaECNivelSecundario,DHBEvolucinTemporal,3.3d Matr├¡cula EC Nivel secundario.twb,Distribución Territorial - Provincial Geográfico,[federated.0qiz8oi1sb3cd813zi06q01yhyh5].[none:BTN Mostrar Gráficos Cruces Relevantes (copy) (copy)_54254335887220741:nk],categorical,"{""class"": ""categorical"", ""column"": ""[federated.0qiz8oi1sb3cd813zi06q01yhyh5].[none:BTN Mostrar Gráficos Cruces Relevantes (copy) (copy)_54254335887220741:nk]"", ""filter-group"": ""19""}","[{""function"": ""member"", ""level"": ""[none:BTN Mostrar Gráficos Cruces Relevantes (copy) (copy)_54254335887220741:nk]"", ""member"": ""true"", ""{http://www.tableausoftware.com/xml/user}ui-domain"": ""relevant"", ""{http://www.tableausoftware.com/xml/user}ui-enumeration"": ""inclusive"", ""{http://www.tableausoftware.com/xml/user}ui-marker"": ""enumerate""}]"
3_3dMatrculaECNivelSecundario,DHBEvolucinTemporal,3.3d Matr├¡cula EC Nivel secundario.twb,Distribución Territorial - Provincial Geográfico,[federated.0qiz8oi1sb3cd813zi06q01yhyh5].[none:Calculation_334673811823804420:nk],categorical,"{""class"": ""categorical"", ""column"": ""[federated.0qiz8oi1sb3cd813zi06q01yhyh5].[none:Calculation_334673811823804420:nk]"", ""filter-group"": ""27""}","[{""function"": ""member"", ""level"": ""[none:Calculation_334673811823804420:nk]"", ""member"": ""true"", ""{http://www.tableausoftware.com/xml/user}ui-domain"": ""relevant"", ""{http://www.tableausoftware.com/xml/user}ui-enumeration"": ""inclusive"", ""{http://www.tableausoftware.com/xml/user}ui-marker"": ""enumerate""}]"
3_3dMatrculaECNivelSecundario,DHBEvolucinTemporal,3.3d Matr├¡cula EC Nivel secundario.twb,Distribución Territorial - Provincial Geográfico,[federated.0qiz8oi1sb3cd813zi06q01yhyh5].[none:Calculation_334673811825987589:nk],categorical,"{""class"": ""categorical"", ""column"": ""[federated.0qiz8oi1sb3cd813zi06q01yhyh5].[none:Calculation_334673811825987589:nk]""}","[{""function"": ""member"", ""level"": ""[none:Calculation_334673811825987589:nk]"", ""member"": ""true"", ""{http://www.tableausoftware.com/xml/user}ui-domain"": ""relevant"", ""{http://www.tableausoftware.com/xml/user}ui-enumeration"": ""inclusive"", ""{http://www.tableausoftware.com/xml/user}ui-marker"": ""enumerate""}]"
3_3dMatrculaECNivelSecundario,DHBEvolucinTemporal,3.3d Matr├¡cula EC Nivel secundario.twb,Distribución Territorial - Provincial Geográfico,[federated.0qiz8oi1sb3cd813zi06q01yhyh5].[none:INDICADOR_NOMBRE (Indicadores):nk],categorical,"{""class"": ""categorical"", ""column"": ""[federated.0qiz8oi1sb3cd813zi06q01yhyh5].[none:INDICADOR_NOMBRE (Indicadores):nk]"", ""filter-group"": ""10""}","[{""function"": ""level-members"", ""level"": ""[none:INDICADOR_NOMBRE (Indicadores):nk]"", ""{http://www.tableausoftware.com/xml/user}ui-enumeration"": ""all"", ""{http://www.tableausoftware.com/xml/user}ui-marker"": ""enumerate""}]"
3_3dMatrculaECNivelSecundario,DHBEvolucinTemporal,3.3d Matr├¡cula EC Nivel secundario.twb,Distribución Territorial - Provincial Tabla,[federated.0qiz8oi1sb3cd813zi06q01yhyh5].[DATOS_MAPA],categorical,"{""class"": ""categorical"", ""column"": ""[federated.0qiz8oi1sb3cd813zi06q01yhyh5].[DATOS_MAPA]"", ""filter-group"": ""9""}",[]
3_3dMatrculaECNivelSecundario,DHBEvolucinTemporal,3.3d Matr├¡cula EC Nivel secundario.twb,Distribución Territorial - Provincial Tabla,[federated.0qiz8oi1sb3cd813zi06q01yhyh5].[none:ANIO:ok],categorical,"{""class"": ""categorical"", ""column"": ""[federated.0qiz8oi1sb3cd813zi06q01yhyh5].[none:ANIO:ok]"", ""filter-group"": ""4""}","[{""function"": ""level-members"", ""level"": ""[none:ANIO:ok]"", ""{http://www.tableausoftware.com/xml/user}ui-enumeration"": ""all"", ""{http://www.tableausoftware.com/xml/user}ui-marker"": ""enumerate""}]"
3_3dMatrculaECNivelSecundario,DHBEvolucinTemporal,3.3d Matr├¡cula EC Nivel secundario.twb,Distribución Territorial - Provincial Tabla,[federated.0qiz8oi1sb3cd813zi06q01yhyh5].[none:BTN Mostrar Gráficos Cruces Relevantes (copy) (copy)_54254335887220741:nk],categorical,"{""class"": ""categorical"", ""column"": ""[federated.0qiz8oi1sb3cd813zi06q01yhyh5].[none:BTN Mostrar Gráficos Cruces Relevantes (copy) (copy)_54254335887220741:nk]"", ""filter-group"": ""19""}","[{""function"": ""member"", ""level"": ""[none:BTN Mostrar Gráficos Cruces Relevantes (copy) (copy)_54254335887220741:nk]"", ""member"": ""true"", ""{http://www.tableausoftware.com/xml/user}ui-domain"": ""relevant"", ""{http://www.tableausoftware.com/xml/user}ui-enumeration"": ""inclusive"", ""{http://www.tableausoftware.com/xml/user}ui-marker"": ""enumerate""}]"
3_3dMatrculaECNivelSecundario,DHBEvolucinTemporal,3.3d Matr├¡cula EC Nivel secundario.twb,Distribución Territorial - Provincial Tabla,[federated.0qiz8oi1sb3cd813zi06q01yhyh5].[none:Calculation_334673811823804420:nk],categorical,"{""class"": ""categorical"", ""column"": ""[federated.0qiz8oi1sb3cd813zi06q01yhyh5].[none:Calculation_334673811823804420:nk]"", ""filter-group"": ""27""}","[{""function"": ""member"", ""level"": ""[none:Calculation_334673811823804420:nk]"", ""member"": ""true"", ""{http://www.tableausoftware.com/xml/user}ui-domain"": ""relevant"", ""{http://www.tableausoftware.com/xml/user}ui-enumeration"": ""inclusive"", ""{http://www.tableausoftware.com/xml/user}ui-marker"": ""enumerate""}]"
3_3dMatrculaECNivelSecundario,DHBEvolucinTemporal,3.3d Matr├¡cula EC Nivel secundario.twb,Distribución Territorial - Provincial Tabla,[federated.0qiz8oi1sb3cd813zi06q01yhyh5].[none:Calculation_334673811825987589:nk],categorical,"{""class"": ""categorical"", ""column"": ""[federated.0qiz8oi1sb3cd813zi06q01yhyh5].[none:Calculation_334673811825987589:nk]""}","[{""function"": ""member"", ""level"": ""[none:Calculation_334673811825987589:nk]"", ""member"": ""true"", ""{http://www.tableausoftware.com/xml/user}ui-domain"": ""relevant"", ""{http://www.tableausoftware.com/xml/user}ui-enumeration"": ""inclusive"", ""{http://www.tableausoftware.com/xml/user}ui-marker"": ""enumerate""}]"
3_3dMatrculaECNivelSecundario,DHBEvolucinTemporal,3.3d Matr├¡cula EC Nivel secundario.twb,Distribución Territorial - Provincial Tabla,[federated.0qiz8oi1sb3cd813zi06q01yhyh5].[none:INDICADOR_NOMBRE (Indicadores):nk],categorical,"{""class"": ""categorical"", ""column"": ""[federated.0qiz8oi1sb3cd813zi06q01yhyh5].[none:INDICADOR_NOMBRE (Indicadores):nk]"", ""filter-group"": ""10""}","[{""function"": ""level-members"", ""level"": ""[none:INDICADOR_NOMBRE (Indicadores):nk]"", ""{http://www.tableausoftware.com/xml/user}ui-enumeration"": ""all"", ""{http://www.tableausoftware.com/xml/user}ui-marker"": ""enumerate""}]"
3_3dMatrculaECNivelSecundario,DHBEvolucinTemporal,3.3d Matr├¡cula EC Nivel secundario.twb,Distribución Territorial - Regional Geográfico,[federated.0qiz8oi1sb3cd813zi06q01yhyh5].[DATOS_MAPA],categorical,"{""class"": ""categorical"", ""column"": ""[federated.0qiz8oi1sb3cd813zi06q01yhyh5].[DATOS_MAPA]"", ""filter-group"": ""9""}",[]
3_3dMatrculaECNivelSecundario,DHBEvolucinTemporal,3.3d Matr├¡cula EC Nivel secundario.twb,Distribución Territorial - Regional Geográfico,[federated.0qiz8oi1sb3cd813zi06q01yhyh5].[none:ANIO:ok],categorical,"{""class"": ""categorical"", ""column"": ""[federated.0qiz8oi1sb3cd813zi06q01yhyh5].[none:ANIO:ok]"", ""filter-group"": ""4""}","[{""function"": ""level-members"", ""level"": ""[none:ANIO:ok]"", ""{http://www.tableausoftware.com/xml/user}ui-enumeration"": ""all"", ""{http://www.tableausoftware.com/xml/user}ui-marker"": ""enumerate""}]"
3_3dMatrculaECNivelSecundario,DHBEvolucinTemporal,3.3d Matr├¡cula EC Nivel secundario.twb,Distribución Territorial - Regional Geográfico,[federated.0qiz8oi1sb3cd813zi06q01yhyh5].[none:BTN Mostrar Gráficos Cruces Relevantes (copy) (copy)_54254335887220741:nk],categorical,"{""class"": ""categorical"", ""column"": ""[federated.0qiz8oi1sb3cd813zi06q01yhyh5].[none:BTN Mostrar Gráficos Cruces Relevantes (copy) (copy)_54254335887220741:nk]"", ""filter-group"": ""19""}","[{""function"": ""member"", ""level"": ""[none:BTN Mostrar Gráficos Cruces Relevantes (copy) (copy)_54254335887220741:nk]"", ""member"": ""true"", ""{http://www.tableausoftware.com/xml/user}ui-domain"": ""relevant"", ""{http://www.tableausoftware.com/xml/user}ui-enumeration"": ""inclusive"", ""{http://www.tableausoftware.com/xml/user}ui-marker"": ""enumerate""}]"
3_3dMatrculaECNivelSecundario,DHBEvolucinTemporal,3.3d Matr├¡cula EC Nivel secundario.twb,Distribución Territorial - Regional Geográfico,[federated.0qiz8oi1sb3cd813zi06q01yhyh5].[none:Calculation_334673811823804420:nk],categorical,"{""class"": ""categorical"", ""column"": ""[federated.0qiz8oi1sb3cd813zi06q01yhyh5].[none:Calculation_334673811823804420:nk]"", ""filter-group"": ""27""}","[{""function"": ""member"", ""level"": ""[none:Calculation_334673811823804420:nk]"", ""member"": ""true"", ""{http://www.tableausoftware.com/xml/user}ui-domain"": ""relevant"", ""{http://www.tableausoftware.com/xml/user}ui-enumeration"": ""inclusive"", ""{http://www.tableausoftware.com/xml/user}ui-marker"": ""enumerate""}]"
3_3dMatrculaECNivelSecundario,DHBEvolucinTemporal,3.3d Matr├¡cula EC Nivel secundario.twb,Distribución Territorial - Regional Geográfico,[federated.0qiz8oi1sb3cd813zi06q01yhyh5].[none:Calculation_334673811825987589:nk],categorical,"{""class"": ""categorical"", ""column"": ""[federated.0qiz8oi1sb3cd813zi06q01yhyh5].[none:Calculation_334673811825987589:nk]""}","[{""function"": ""member"", ""level"": ""[none:Calculation_334673811825987589:nk]"", ""member"": ""true"", ""{http://www.tableausoftware.com/xml/user}ui-domain"": ""relevant"", ""{http://www.tableausoftware.com/xml/user}ui-enumeration"": ""inclusive"", ""{http://www.tableausoftware.com/xml/user}ui-marker"": ""enumerate""}]"
3_3dMatrculaECNivelSecundario,DHBEvolucinTemporal,3.3d Matr├¡cula EC Nivel secundario.twb,Distribución Territorial - Regional Geográfico,[federated.0qiz8oi1sb3cd813zi06q01yhyh5].[none:INDICADOR_NOMBRE (Indicadores):nk],categorical,"{""class"": ""categorical"", ""column"": ""[federated.0qiz8oi1sb3cd813zi06q01yhyh5].[none:INDICADOR_NOMBRE (Indicadores):nk]"", ""filter-group"": ""10""}","[{""function"": ""level-members"", ""level"": ""[none:INDICADOR_NOMBRE (Indicadores):nk]"", ""{http://www.tableausoftware.com/xml/user}ui-enumeration"": ""all"", ""{http://www.tableausoftware.com/xml/user}ui-marker"": ""enumerate""}]"
3_3dMatrculaECNivelSecundario,DHBEvolucinTemporal,3.3d Matr├¡cula EC Nivel secundario.twb,Distribución Territorial - Regional Tabla,[federated.0qiz8oi1sb3cd813zi06q01yhyh5].[DATOS_MAPA],categorical,"{""class"": ""categorical"", ""column"": ""[federated.0qiz8oi1sb3cd813zi06q01yhyh5].[DATOS_MAPA]"", ""filter-group"": ""9""}",[]
3_3dMatrculaECNivelSecundario,DHBEvolucinTemporal,3.3d Matr├¡cula EC Nivel secundario.twb,Distribución Territorial - Regional Tabla,[federated.0qiz8oi1sb3cd813zi06q01yhyh5].[none:ANIO:ok],categorical,"{""class"": ""categorical"", ""column"": ""[federated.0qiz8oi1sb3cd813zi06q01yhyh5].[none:ANIO:ok]"", ""filter-group"": ""4""}","[{""function"": ""level-members"", ""level"": ""[none:ANIO:ok]"", ""{http://www.tableausoftware.com/xml/user}ui-enumeration"": ""all"", ""{http://www.tableausoftware.com/xml/user}ui-marker"": ""enumerate""}]"
3_3dMatrculaECNivelSecundario,DHBEvolucinTemporal,3.3d Matr├¡cula EC Nivel secundario.twb,Distribución Territorial - Regional Tabla,[federated.0qiz8oi1sb3cd813zi06q01yhyh5].[none:BTN Mostrar Gráficos Cruces Relevantes (copy) (copy)_54254335887220741:nk],categorical,"{""class"": ""categorical"", ""column"": ""[federated.0qiz8oi1sb3cd813zi06q01yhyh5].[none:BTN Mostrar Gráficos Cruces Relevantes (copy) (copy)_54254335887220741:nk]"", ""filter-group"": ""19""}","[{""function"": ""member"", ""level"": ""[none:BTN Mostrar Gráficos Cruces Relevantes (copy) (copy)_54254335887220741:nk]"", ""member"": ""true"", ""{http://www.tableausoftware.com/xml/user}ui-domain"": ""relevant"", ""{http://www.tableausoftware.com/xml/user}ui-enumeration"": ""inclusive"", ""{http://www.tableausoftware.com/xml/user}ui-marker"": ""enumerate""}]"
3_3dMatrculaECNivelSecundario,DHBEvolucinTemporal,3.3d Matr├¡cula EC Nivel secundario.twb,Distribución Territorial - Regional Tabla,[federated.0qiz8oi1sb3cd813zi06q01yhyh5].[none:Calculation_334673811823804420:nk],categorical,"{""class"": ""categorical"", ""column"": ""[federated.0qiz8oi1sb3cd813zi06q01yhyh5].[none:Calculation_334673811823804420:nk]"", ""filter-group"": ""27""}","[{""function"": ""member"", ""level"": ""[none:Calculation_334673811823804420:nk]"", ""member"": ""true"", ""{http://www.tableausoftware.com/xml/user}ui-domain"": ""relevant"", ""{http://www.tableausoftware.com/xml/user}ui-enumeration"": ""inclusive"", ""{http://www.tableausoftware.com/xml/user}ui-marker"": ""enumerate""}]"
3_3dMatrculaECNivelSecundario,DHBEvolucinTemporal,3.3d Matr├¡cula EC Nivel secundario.twb,Distribución Territorial - Regional Tabla,[federated.0qiz8oi1sb3cd813zi06q01yhyh5].[none:Calculation_334673811825987589:nk],categorical,"{""class"": ""categorical"", ""column"": ""[federated.0qiz8oi1sb3cd813zi06q01yhyh5].[none:Calculation_334673811825987589:nk]""}","[{""function"": ""member"", ""level"": ""[none:Calculation_334673811825987589:nk]"", ""member"": ""true"", ""{http://www.tableausoftware.com/xml/user}ui-domain"": ""relevant"", ""{http://www.tableausoftware.com/xml/user}ui-enumeration"": ""inclusive"", ""{http://www.tableausoftware.com/xml/user}ui-marker"": ""enumerate""}]"
3_3dMatrculaECNivelSecundario,DHBEvolucinTemporal,3.3d Matr├¡cula EC Nivel secundario.twb,Distribución Territorial - Regional Tabla,[federated.0qiz8oi1sb3cd813zi06q01yhyh5].[none:INDICADOR_NOMBRE (Indicadores):nk],categorical,"{""class"": ""categorical"", ""column"": ""[federated.0qiz8oi1sb3cd813zi06q01yhyh5].[none:INDICADOR_NOMBRE (Indicadores):nk]"", ""filter-group"": ""10""}","[{""function"": ""level-members"", ""level"": ""[none:INDICADOR_NOMBRE (Indicadores):nk]"", ""{http://www.tableausoftware.com/xml/user}ui-enumeration"": ""all"", ""{http://www.tableausoftware.com/xml/user}ui-marker"": ""enumerate""}]"
3_3dMatrculaECNivelSecundario,DHBEvolucinTemporal,3.3d Matr├¡cula EC Nivel secundario.twb,Distribución Territorial - Tapa valores geográfico,[federated.0qiz8oi1sb3cd813zi06q01yhyh5].[DATOS_MAPA],categorical,"{""class"": ""categorical"", ""column"": ""[federated.0qiz8oi1sb3cd813zi06q01yhyh5].[DATOS_MAPA]"", ""filter-group"": ""9""}",[]
3_3dMatrculaECNivelSecundario,DHBEvolucinTemporal,3.3d Matr├¡cula EC Nivel secundario.twb,Distribución Territorial - Tapa valores geográfico,[federated.0qiz8oi1sb3cd813zi06q01yhyh5].[none:ANIO:ok],categorical,"{""class"": ""categorical"", ""column"": ""[federated.0qiz8oi1sb3cd813zi06q01yhyh5].[none:ANIO:ok]"", ""filter-group"": ""4""}","[{""function"": ""level-members"", ""level"": ""[none:ANIO:ok]"", ""{http://www.tableausoftware.com/xml/user}ui-enumeration"": ""all"", ""{http://www.tableausoftware.com/xml/user}ui-marker"": ""enumerate""}]"
3_3dMatrculaECNivelSecundario,DHBEvolucinTemporal,3.3d Matr├¡cula EC Nivel secundario.twb,Distribución Territorial - Tapa valores geográfico,[federated.0qiz8oi1sb3cd813zi06q01yhyh5].[none:Calculation_334673811823804420:nk],categorical,"{""class"": ""categorical"", ""column"": ""[federated.0qiz8oi1sb3cd813zi06q01yhyh5].[none:Calculation_334673811823804420:nk]"", ""filter-group"": ""27""}","[{""function"": ""member"", ""level"": ""[none:Calculation_334673811823804420:nk]"", ""member"": ""true"", ""{http://www.tableausoftware.com/xml/user}ui-domain"": ""relevant"", ""{http://www.tableausoftware.com/xml/user}ui-enumeration"": ""inclusive"", ""{http://www.tableausoftware.com/xml/user}ui-marker"": ""enumerate""}]"
3_3dMatrculaECNivelSecundario,DHBEvolucinTemporal,3.3d Matr├¡cula EC Nivel secundario.twb,Distribución Territorial - Tapa valores geográfico,[federated.0qiz8oi1sb3cd813zi06q01yhyh5].[none:Calculation_334673811825987589:nk],categorical,"{""class"": ""categorical"", ""column"": ""[federated.0qiz8oi1sb3cd813zi06q01yhyh5].[none:Calculation_334673811825987589:nk]""}","[{""function"": ""member"", ""level"": ""[none:Calculation_334673811825987589:nk]"", ""member"": ""false"", ""{http://www.tableausoftware.com/xml/user}ui-domain"": ""relevant"", ""{http://www.tableausoftware.com/xml/user}ui-enumeration"": ""inclusive"", ""{http://www.tableausoftware.com/xml/user}ui-marker"": ""enumerate""}]"
3_3dMatrculaECNivelSecundario,DHBEvolucinTemporal,3.3d Matr├¡cula EC Nivel secundario.twb,Distribución Territorial - Tapa valores geográfico,[federated.0qiz8oi1sb3cd813zi06q01yhyh5].[none:INDICADOR_NOMBRE (Indicadores):nk],categorical,"{""class"": ""categorical"", ""column"": ""[federated.0qiz8oi1sb3cd813zi06q01yhyh5].[none:INDICADOR_NOMBRE (Indicadores):nk]"", ""filter-group"": ""10""}","[{""function"": ""level-members"", ""level"": ""[none:INDICADOR_NOMBRE (Indicadores):nk]"", ""{http://www.tableausoftware.com/xml/user}ui-enumeration"": ""all"", ""{http://www.tableausoftware.com/xml/user}ui-marker"": ""enumerate""}]"
3_3dMatrculaECNivelSecundario,DHBEvolucinTemporal,3.3d Matr├¡cula EC Nivel secundario.twb,Distribución Territorial - Título,[federated.0qiz8oi1sb3cd813zi06q01yhyh5].[DATOS_MAPA],categorical,"{""class"": ""categorical"", ""column"": ""[federated.0qiz8oi1sb3cd813zi06q01yhyh5].[DATOS_MAPA]"", ""filter-group"": ""9""}",[]
3_3dMatrculaECNivelSecundario,DHBEvolucinTemporal,3.3d Matr├¡cula EC Nivel secundario.twb,Distribución Territorial - Título,[federated.0qiz8oi1sb3cd813zi06q01yhyh5].[none:ANIO:ok],categorical,"{""class"": ""categorical"", ""column"": ""[federated.0qiz8oi1sb3cd813zi06q01yhyh5].[none:ANIO:ok]"", ""filter-group"": ""4""}","[{""function"": ""level-members"", ""level"": ""[none:ANIO:ok]"", ""{http://www.tableausoftware.com/xml/user}ui-enumeration"": ""all"", ""{http://www.tableausoftware.com/xml/user}ui-marker"": ""enumerate""}]"
3_3dMatrculaECNivelSecundario,DHBEvolucinTemporal,3.3d Matr├¡cula EC Nivel secundario.twb,Distribución Territorial - Título,[federated.0qiz8oi1sb3cd813zi06q01yhyh5].[none:BTN Mostrar Gráficos Cruces Relevantes (copy) (copy)_54254335887220741:nk],categorical,"{""class"": ""categorical"", ""column"": ""[federated.0qiz8oi1sb3cd813zi06q01yhyh5].[none:BTN Mostrar Gráficos Cruces Relevantes (copy) (copy)_54254335887220741:nk]"", ""filter-group"": ""19""}","[{""function"": ""member"", ""level"": ""[none:BTN Mostrar Gráficos Cruces Relevantes (copy) (copy)_54254335887220741:nk]"", ""member"": ""true"", ""{http://www.tableausoftware.com/xml/user}ui-domain"": ""relevant"", ""{http://www.tableausoftware.com/xml/user}ui-enumeration"": ""inclusive"", ""{http://www.tableausoftware.com/xml/user}ui-marker"": ""enumerate""}]"
3_3dMatrculaECNivelSecundario,DHBEvolucinTemporal,3.3d Matr├¡cula EC Nivel secundario.twb,Distribución Territorial - Título,[federated.0qiz8oi1sb3cd813zi06q01yhyh5].[none:Calculation_334673811823804420:nk],categorical,"{""class"": ""categorical"", ""column"": ""[federated.0qiz8oi1sb3cd813zi06q01yhyh5].[none:Calculation_334673811823804420:nk]"", ""filter-group"": ""27""}","[{""function"": ""member"", ""level"": ""[none:Calculation_334673811823804420:nk]"", ""member"": ""true"", ""{http://www.tableausoftware.com/xml/user}ui-domain"": ""relevant"", ""{http://www.tableausoftware.com/xml/user}ui-enumeration"": ""inclusive"", ""{http://www.tableausoftware.com/xml/user}ui-marker"": ""enumerate""}]"
3_3dMatrculaECNivelSecundario,DHBEvolucinTemporal,3.3d Matr├¡cula EC Nivel secundario.twb,Distribución Territorial - Título,[federated.0qiz8oi1sb3cd813zi06q01yhyh5].[none:Calculation_334673811825987589:nk],categorical,"{""class"": ""categorical"", ""column"": ""[federated.0qiz8oi1sb3cd813zi06q01yhyh5].[none:Calculation_334673811825987589:nk]""}","[{""function"": ""member"", ""level"": ""[none:Calculation_334673811825987589:nk]"", ""member"": ""true"", ""{http://www.tableausoftware.com/xml/user}ui-domain"": ""relevant"", ""{http://www.tableausoftware.com/xml/user}ui-enumeration"": ""inclusive"", ""{http://www.tableausoftware.com/xml/user}ui-marker"": ""enumerate""}]"
3_3dMatrculaECNivelSecundario,DHBEvolucinTemporal,3.3d Matr├¡cula EC Nivel secundario.twb,Distribución Territorial - Título,[federated.0qiz8oi1sb3cd813zi06q01yhyh5].[none:INDICADOR_NOMBRE (Indicadores):nk],categorical,"{""class"": ""categorical"", ""column"": ""[federated.0qiz8oi1sb3cd813zi06q01yhyh5].[none:INDICADOR_NOMBRE (Indicadores):nk]"", ""filter-group"": ""10""}","[{""function"": ""level-members"", ""level"": ""[none:INDICADOR_NOMBRE (Indicadores):nk]"", ""{http://www.tableausoftware.com/xml/user}ui-enumeration"": ""all"", ""{http://www.tableausoftware.com/xml/user}ui-marker"": ""enumerate""}]"
3_3dMatrculaECNivelSecundario,DHBEvolucinTemporal,3.3d Matr├¡cula EC Nivel secundario.twb,Evolución Temporal - BTN Mostrar Gráficos,[federated.0qiz8oi1sb3cd813zi06q01yhyh5].[none:BTN Mostrar Gráficos Cruces Relevantes (copy)_54254335887208452:nk],categorical,"{""class"": ""categorical"", ""column"": ""[federated.0qiz8oi1sb3cd813zi06q01yhyh5].[none:BTN Mostrar Gráficos Cruces Relevantes (copy)_54254335887208452:nk]""}","[{""function"": ""member"", ""level"": ""[none:BTN Mostrar Gráficos Cruces Relevantes (copy)_54254335887208452:nk]"", ""member"": ""false"", ""{http://www.tableausoftware.com/xml/user}ui-domain"": ""relevant"", ""{http://www.tableausoftware.com/xml/user}ui-enumeration"": ""inclusive"", ""{http://www.tableausoftware.com/xml/user}ui-marker"": ""enumerate""}]"
3_3dMatrculaECNivelSecundario,DHBEvolucinTemporal,3.3d Matr├¡cula EC Nivel secundario.twb,Evolución Temporal - Filtro,[federated.0qiz8oi1sb3cd813zi06q01yhyh5].[DATOS_SERIES_TEMPORALES_1],categorical,"{""class"": ""categorical"", ""column"": ""[federated.0qiz8oi1sb3cd813zi06q01yhyh5].[DATOS_SERIES_TEMPORALES_1]"", ""filter-group"": ""20""}","[{""function"": ""level-members"", ""level"": ""[TIPO_DE_DATO]"", ""{http://www.tableausoftware.com/xml/user}ui-enumeration"": ""all"", ""{http://www.tableausoftware.com/xml/user}ui-marker"": ""enumerate""}]"
3_3dMatrculaECNivelSecundario,DHBEvolucinTemporal,3.3d Matr├¡cula EC Nivel secundario.twb,Evolución Temporal - Filtro,[federated.0qiz8oi1sb3cd813zi06q01yhyh5].[none:APERTURA_NIVEL_1:nk],categorical,"{""class"": ""categorical"", ""column"": ""[federated.0qiz8oi1sb3cd813zi06q01yhyh5].[none:APERTURA_NIVEL_1:nk]"", ""filter-group"": ""21""}","[{""function"": ""level-members"", ""level"": ""[none:APERTURA_NIVEL_1:nk]"", ""{http://www.tableausoftware.com/xml/user}ui-enumeration"": ""all"", ""{http://www.tableausoftware.com/xml/user}ui-marker"": ""enumerate""}]"
3_3dMatrculaECNivelSecundario,DHBEvolucinTemporal,3.3d Matr├¡cula EC Nivel secundario.twb,Evolución Temporal - Filtro,[federated.0qiz8oi1sb3cd813zi06q01yhyh5].[none:Calculation_334673811823804420:nk],categorical,"{""class"": ""categorical"", ""column"": ""[federated.0qiz8oi1sb3cd813zi06q01yhyh5].[none:Calculation_334673811823804420:nk]"", ""filter-group"": ""27""}","[{""function"": ""member"", ""level"": ""[none:Calculation_334673811823804420:nk]"", ""member"": ""true"", ""{http://www.tableausoftware.com/xml/user}ui-domain"": ""relevant"", ""{http://www.tableausoftware.com/xml/user}ui-enumeration"": ""inclusive"", ""{http://www.tableausoftware.com/xml/user}ui-marker"": ""enumerate""}]"
3_3dMatrculaECNivelSecundario,DHBEvolucinTemporal,3.3d Matr├¡cula EC Nivel secundario.twb,Evolución Temporal - Filtro,[federated.0qiz8oi1sb3cd813zi06q01yhyh5].[none:Calculation_334673811825987589:nk],categorical,"{""class"": ""categorical"", ""column"": ""[federated.0qiz8oi1sb3cd813zi06q01yhyh5].[none:Calculation_334673811825987589:nk]""}","[{""function"": ""member"", ""level"": ""[none:Calculation_334673811825987589:nk]"", ""member"": ""true"", ""{http://www.tableausoftware.com/xml/user}ui-domain"": ""relevant"", ""{http://www.tableausoftware.com/xml/user}ui-enumeration"": ""inclusive"", ""{http://www.tableausoftware.com/xml/user}ui-marker"": ""enumerate""}]"
3_3dMatrculaECNivelSecundario,DHBEvolucinTemporal,3.3d Matr├¡cula EC Nivel secundario.twb,Evolución Temporal - Filtro,[federated.0qiz8oi1sb3cd813zi06q01yhyh5].[none:INDICADOR_NOMBRE (Indicadores):nk],categorical,"{""class"": ""categorical"", ""column"": ""[federated.0qiz8oi1sb3cd813zi06q01yhyh5].[none:INDICADOR_NOMBRE (Indicadores):nk]"", ""filter-group"": ""22""}","[{""function"": ""level-members"", ""level"": ""[none:INDICADOR_NOMBRE (Indicadores):nk]"", ""{http://www.tableausoftware.com/xml/user}ui-enumeration"": ""all"", ""{http://www.tableausoftware.com/xml/user}ui-marker"": ""enumerate""}]"
3_3dMatrculaECNivelSecundario,DHBEvolucinTemporal,3.3d Matr├¡cula EC Nivel secundario.twb,Evolución Temporal - Filtro Indicador,[federated.0qiz8oi1sb3cd813zi06q01yhyh5].[DATOS_SERIES_TEMPORALES_1],categorical,"{""class"": ""categorical"", ""column"": ""[federated.0qiz8oi1sb3cd813zi06q01yhyh5].[DATOS_SERIES_TEMPORALES_1]"", ""filter-group"": ""20""}","[{""function"": ""level-members"", ""level"": ""[TIPO_DE_DATO]"", ""{http://www.tableausoftware.com/xml/user}ui-enumeration"": ""all"", ""{http://www.tableausoftware.com/xml/user}ui-marker"": ""enumerate""}]"
3_3dMatrculaECNivelSecundario,DHBEvolucinTemporal,3.3d Matr├¡cula EC Nivel secundario.twb,Evolución Temporal - Filtro Indicador,[federated.0qiz8oi1sb3cd813zi06q01yhyh5].[none:APERTURA_NIVEL_1:nk],categorical,"{""class"": ""categorical"", ""column"": ""[federated.0qiz8oi1sb3cd813zi06q01yhyh5].[none:APERTURA_NIVEL_1:nk]"", ""filter-group"": ""21""}","[{""function"": ""level-members"", ""level"": ""[none:APERTURA_NIVEL_1:nk]"", ""{http://www.tableausoftware.com/xml/user}ui-enumeration"": ""all"", ""{http://www.tableausoftware.com/xml/user}ui-marker"": ""enumerate""}]"
3_3dMatrculaECNivelSecundario,DHBEvolucinTemporal,3.3d Matr├¡cula EC Nivel secundario.twb,Evolución Temporal - Filtro Indicador,[federated.0qiz8oi1sb3cd813zi06q01yhyh5].[none:Calculation_334673811823804420:nk],categorical,"{""class"": ""categorical"", ""column"": ""[federated.0qiz8oi1sb3cd813zi06q01yhyh5].[none:Calculation_334673811823804420:nk]"", ""filter-group"": ""27""}","[{""function"": ""member"", ""level"": ""[none:Calculation_334673811823804420:nk]"", ""member"": ""true"", ""{http://www.tableausoftware.com/xml/user}ui-domain"": ""relevant"", ""{http://www.tableausoftware.com/xml/user}ui-enumeration"": ""inclusive"", ""{http://www.tableausoftware.com/xml/user}ui-marker"": ""enumerate""}]"
3_3dMatrculaECNivelSecundario,DHBEvolucinTemporal,3.3d Matr├¡cula EC Nivel secundario.twb,Evolución Temporal - Filtro Indicador,[federated.0qiz8oi1sb3cd813zi06q01yhyh5].[none:INDICADOR_NOMBRE (Indicadores):nk],categorical,"{""class"": ""categorical"", ""column"": ""[federated.0qiz8oi1sb3cd813zi06q01yhyh5].[none:INDICADOR_NOMBRE (Indicadores):nk]"", ""filter-group"": ""22""}","[{""function"": ""level-members"", ""level"": ""[none:INDICADOR_NOMBRE (Indicadores):nk]"", ""{http://www.tableausoftware.com/xml/user}ui-enumeration"": ""all"", ""{http://www.tableausoftware.com/xml/user}ui-marker"": ""enumerate""}]"
3_3dMatrculaECNivelSecundario,DHBEvolucinTemporal,3.3d Matr├¡cula EC Nivel secundario.twb,Evolución Temporal - Lineas x año,[federated.0qiz8oi1sb3cd813zi06q01yhyh5].[DATOS_SERIES_TEMPORALES_1],categorical,"{""class"": ""categorical"", ""column"": ""[federated.0qiz8oi1sb3cd813zi06q01yhyh5].[DATOS_SERIES_TEMPORALES_1]"", ""filter-group"": ""20""}","[{""function"": ""level-members"", ""level"": ""[TIPO_DE_DATO]"", ""{http://www.tableausoftware.com/xml/user}ui-enumeration"": ""all"", ""{http://www.tableausoftware.com/xml/user}ui-marker"": ""enumerate""}]"
3_3dMatrculaECNivelSecundario,DHBEvolucinTemporal,3.3d Matr├¡cula EC Nivel secundario.twb,Evolución Temporal - Lineas x año,[federated.0qiz8oi1sb3cd813zi06q01yhyh5].[attr:APERTURA_NIVEL_1:nk],categorical,"{""class"": ""categorical"", ""column"": ""[federated.0qiz8oi1sb3cd813zi06q01yhyh5].[attr:APERTURA_NIVEL_1:nk]""}","[{""function"": ""level-members"", ""level"": ""[attr:APERTURA_NIVEL_1:nk]"", ""{http://www.tableausoftware.com/xml/user}ui-enumeration"": ""all"", ""{http://www.tableausoftware.com/xml/user}ui-marker"": ""enumerate""}]"
3_3dMatrculaECNivelSecundario,DHBEvolucinTemporal,3.3d Matr├¡cula EC Nivel secundario.twb,Evolución Temporal - Lineas x año,[federated.0qiz8oi1sb3cd813zi06q01yhyh5].[attr:INDICADOR_NOMBRE (Indicadores):nk],categorical,"{""class"": ""categorical"", ""column"": ""[federated.0qiz8oi1sb3cd813zi06q01yhyh5].[attr:INDICADOR_NOMBRE (Indicadores):nk]""}","[{""function"": ""level-members"", ""level"": ""[attr:INDICADOR_NOMBRE (Indicadores):nk]"", ""{http://www.tableausoftware.com/xml/user}ui-enumeration"": ""all"", ""{http://www.tableausoftware.com/xml/user}ui-marker"": ""enumerate""}]"
3_3dMatrculaECNivelSecundario,DHBEvolucinTemporal,3.3d Matr├¡cula EC Nivel secundario.twb,Evolución Temporal - Lineas x año,[federated.0qiz8oi1sb3cd813zi06q01yhyh5].[none:APERTURA_NIVEL_1:nk],categorical,"{""class"": ""categorical"", ""column"": ""[federated.0qiz8oi1sb3cd813zi06q01yhyh5].[none:APERTURA_NIVEL_1:nk]"", ""filter-group"": ""21""}","[{""function"": ""level-members"", ""level"": ""[none:APERTURA_NIVEL_1:nk]"", ""{http://www.tableausoftware.com/xml/user}ui-enumeration"": ""all"", ""{http://www.tableausoftware.com/xml/user}ui-marker"": ""enumerate""}]"
3_3dMatrculaECNivelSecundario,DHBEvolucinTemporal,3.3d Matr├¡cula EC Nivel secundario.twb,Evolución Temporal - Lineas x año,[federated.0qiz8oi1sb3cd813zi06q01yhyh5].[none:BTN Mostrar Gráficos Cruces Relevantes (copy)_54254335887208452:nk],categorical,"{""class"": ""categorical"", ""column"": ""[federated.0qiz8oi1sb3cd813zi06q01yhyh5].[none:BTN Mostrar Gráficos Cruces Relevantes (copy)_54254335887208452:nk]""}","[{""function"": ""member"", ""level"": ""[none:BTN Mostrar Gráficos Cruces Relevantes (copy)_54254335887208452:nk]"", ""member"": ""true"", ""{http://www.tableausoftware.com/xml/user}ui-domain"": ""relevant"", ""{http://www.tableausoftware.com/xml/user}ui-enumeration"": ""inclusive"", ""{http://www.tableausoftware.com/xml/user}ui-marker"": ""enumerate""}]"
3_3dMatrculaECNivelSecundario,DHBEvolucinTemporal,3.3d Matr├¡cula EC Nivel secundario.twb,Evolución Temporal - Lineas x año,[federated.0qiz8oi1sb3cd813zi06q01yhyh5].[none:Calculation_334673811823804420:nk],categorical,"{""class"": ""categorical"", ""column"": ""[federated.0qiz8oi1sb3cd813zi06q01yhyh5].[none:Calculation_334673811823804420:nk]"", ""filter-group"": ""27""}","[{""function"": ""member"", ""level"": ""[none:Calculation_334673811823804420:nk]"", ""member"": ""true"", ""{http://www.tableausoftware.com/xml/user}ui-domain"": ""relevant"", ""{http://www.tableausoftware.com/xml/user}ui-enumeration"": ""inclusive"", ""{http://www.tableausoftware.com/xml/user}ui-marker"": ""enumerate""}]"
3_3dMatrculaECNivelSecundario,DHBEvolucinTemporal,3.3d Matr├¡cula EC Nivel secundario.twb,Evolución Temporal - Lineas x año,[federated.0qiz8oi1sb3cd813zi06q01yhyh5].[none:Calculation_334673811825987589:nk],categorical,"{""class"": ""categorical"", ""column"": ""[federated.0qiz8oi1sb3cd813zi06q01yhyh5].[none:Calculation_334673811825987589:nk]""}","[{""function"": ""member"", ""level"": ""[none:Calculation_334673811825987589:nk]"", ""member"": ""true"", ""{http://www.tableausoftware.com/xml/user}ui-domain"": ""relevant"", ""{http://www.tableausoftware.com/xml/user}ui-enumeration"": ""inclusive"", ""{http://www.tableausoftware.com/xml/user}ui-marker"": ""enumerate""}]"
3_3dMatrculaECNivelSecundario,DHBEvolucinTemporal,3.3d Matr├¡cula EC Nivel secundario.twb,Evolución Temporal - Lineas x año,[federated.0qiz8oi1sb3cd813zi06q01yhyh5].[none:INDICADOR_NOMBRE (Indicadores):nk],categorical,"{""class"": ""categorical"", ""column"": ""[federated.0qiz8oi1sb3cd813zi06q01yhyh5].[none:INDICADOR_NOMBRE (Indicadores):nk]"", ""filter-group"": ""22""}","[{""function"": ""level-members"", ""level"": ""[none:INDICADOR_NOMBRE (Indicadores):nk]"", ""{http://www.tableausoftware.com/xml/user}ui-enumeration"": ""all"", ""{http://www.tableausoftware.com/xml/user}ui-marker"": ""enumerate""}]"
3_3dMatrculaECNivelSecundario,DHBEvolucinTemporal,3.3d Matr├¡cula EC Nivel secundario.twb,Evolución Temporal - Lineas x período,[federated.0qiz8oi1sb3cd813zi06q01yhyh5].[DATOS_SERIES_TEMPORALES_1],categorical,"{""class"": ""categorical"", ""column"": ""[federated.0qiz8oi1sb3cd813zi06q01yhyh5].[DATOS_SERIES_TEMPORALES_1]"", ""filter-group"": ""20""}","[{""function"": ""level-members"", ""level"": ""[TIPO_DE_DATO]"", ""{http://www.tableausoftware.com/xml/user}ui-enumeration"": ""all"", ""{http://www.tableausoftware.com/xml/user}ui-marker"": ""enumerate""}]"
3_3dMatrculaECNivelSecundario,DHBEvolucinTemporal,3.3d Matr├¡cula EC Nivel secundario.twb,Evolución Temporal - Lineas x período,[federated.0qiz8oi1sb3cd813zi06q01yhyh5].[none:APERTURA_NIVEL_1:nk],categorical,"{""class"": ""categorical"", ""column"": ""[federated.0qiz8oi1sb3cd813zi06q01yhyh5].[none:APERTURA_NIVEL_1:nk]"", ""filter-group"": ""21""}","[{""function"": ""level-members"", ""level"": ""[none:APERTURA_NIVEL_1:nk]"", ""{http://www.tableausoftware.com/xml/user}ui-enumeration"": ""all"", ""{http://www.tableausoftware.com/xml/user}ui-marker"": ""enumerate""}]"
3_3dMatrculaECNivelSecundario,DHBEvolucinTemporal,3.3d Matr├¡cula EC Nivel secundario.twb,Evolución Temporal - Lineas x período,[federated.0qiz8oi1sb3cd813zi06q01yhyh5].[none:BTN Mostrar Gráficos Cruces Relevantes (copy)_54254335887208452:nk],categorical,"{""class"": ""categorical"", ""column"": ""[federated.0qiz8oi1sb3cd813zi06q01yhyh5].[none:BTN Mostrar Gráficos Cruces Relevantes (copy)_54254335887208452:nk]"", ""filter-group"": ""16""}","[{""function"": ""member"", ""level"": ""[none:BTN Mostrar Gráficos Cruces Relevantes (copy)_54254335887208452:nk]"", ""member"": ""true"", ""{http://www.tableausoftware.com/xml/user}ui-domain"": ""relevant"", ""{http://www.tableausoftware.com/xml/user}ui-enumeration"": ""inclusive"", ""{http://www.tableausoftware.com/xml/user}ui-marker"": ""enumerate""}]"
3_3dMatrculaECNivelSecundario,DHBEvolucinTemporal,3.3d Matr├¡cula EC Nivel secundario.twb,Evolución Temporal - Lineas x período,[federated.0qiz8oi1sb3cd813zi06q01yhyh5].[none:Calculation_334673811823804420:nk],categorical,"{""class"": ""categorical"", ""column"": ""[federated.0qiz8oi1sb3cd813zi06q01yhyh5].[none:Calculation_334673811823804420:nk]"", ""filter-group"": ""27""}","[{""function"": ""member"", ""level"": ""[none:Calculation_334673811823804420:nk]"", ""member"": ""true"", ""{http://www.tableausoftware.com/xml/user}ui-domain"": ""relevant"", ""{http://www.tableausoftware.com/xml/user}ui-enumeration"": ""inclusive"", ""{http://www.tableausoftware.com/xml/user}ui-marker"": ""enumerate""}]"
3_3dMatrculaECNivelSecundario,DHBEvolucinTemporal,3.3d Matr├¡cula EC Nivel secundario.twb,Evolución Temporal - Lineas x período,[federated.0qiz8oi1sb3cd813zi06q01yhyh5].[none:Calculation_334673811825987589:nk],categorical,"{""class"": ""categorical"", ""column"": ""[federated.0qiz8oi1sb3cd813zi06q01yhyh5].[none:Calculation_334673811825987589:nk]""}","[{""function"": ""member"", ""level"": ""[none:Calculation_334673811825987589:nk]"", ""member"": ""true"", ""{http://www.tableausoftware.com/xml/user}ui-domain"": ""relevant"", ""{http://www.tableausoftware.com/xml/user}ui-enumeration"": ""inclusive"", ""{http://www.tableausoftware.com/xml/user}ui-marker"": ""enumerate""}]"
3_3dMatrculaECNivelSecundario,DHBEvolucinTemporal,3.3d Matr├¡cula EC Nivel secundario.twb,Evolución Temporal - Lineas x período,[federated.0qiz8oi1sb3cd813zi06q01yhyh5].[none:INDICADOR_NOMBRE (Indicadores):nk],categorical,"{""class"": ""categorical"", ""column"": ""[federated.0qiz8oi1sb3cd813zi06q01yhyh5].[none:INDICADOR_NOMBRE (Indicadores):nk]"", ""filter-group"": ""22""}","[{""function"": ""level-members"", ""level"": ""[none:INDICADOR_NOMBRE (Indicadores):nk]"", ""{http://www.tableausoftware.com/xml/user}ui-enumeration"": ""all"", ""{http://www.tableausoftware.com/xml/user}ui-marker"": ""enumerate""}]"
3_3dMatrculaECNivelSecundario,DHBEvolucinTemporal,3.3d Matr├¡cula EC Nivel secundario.twb,Evolución Temporal . BTN,"[federated.0qiz8oi1sb3cd813zi06q01yhyh5].[Action (BTN Limpiar filtros,SELECCIONE)]",categorical,"{""class"": ""categorical"", ""column"": ""[federated.0qiz8oi1sb3cd813zi06q01yhyh5].[Action (BTN Limpiar filtros,SELECCIONE)]""}","[{""function"": ""crossjoin"", ""{http://www.tableausoftware.com/xml/user}ui-action-filter"": ""[Action88_A2306F1AF23E4F9CAD37CD015AD97FBE]"", ""{http://www.tableausoftware.com/xml/user}ui-domain"": ""database"", ""{http://www.tableausoftware.com/xml/user}ui-enumeration"": ""inclusive"", ""{http://www.tableausoftware.com/xml/user}ui-marker"": ""enumerate""}, {""function"": ""member"", ""level"": ""[BTN Distribuciones (copy)_4723009404404842516]"", ""member"": ""\""Limpiar filtros\""""}, {""function"": ""member"", ""level"": ""[Calculation_4723009402545549324]"", ""member"": ""\""Seleccione\""""}]"
3_3dMatrculaECNivelSecundario,DHBEvolucinTemporal,3.3d Matr├¡cula EC Nivel secundario.twb,Evolución Temporal . BTN,[federated.0qiz8oi1sb3cd813zi06q01yhyh5].[DATOS_SERIES_TEMPORALES_1],categorical,"{""class"": ""categorical"", ""column"": ""[federated.0qiz8oi1sb3cd813zi06q01yhyh5].[DATOS_SERIES_TEMPORALES_1]"", ""filter-group"": ""20""}","[{""function"": ""level-members"", ""level"": ""[TIPO_DE_DATO]"", ""{http://www.tableausoftware.com/xml/user}ui-enumeration"": ""all"", ""{http://www.tableausoftware.com/xml/user}ui-marker"": ""enumerate""}]"
3_3dMatrculaECNivelSecundario,DHBEvolucinTemporal,3.3d Matr├¡cula EC Nivel secundario.twb,Evolución Temporal . BTN,[federated.0qiz8oi1sb3cd813zi06q01yhyh5].[none:Calculation_334673811823804420:nk],categorical,"{""class"": ""categorical"", ""column"": ""[federated.0qiz8oi1sb3cd813zi06q01yhyh5].[none:Calculation_334673811823804420:nk]"", ""filter-group"": ""27""}","[{""function"": ""member"", ""level"": ""[none:Calculation_334673811823804420:nk]"", ""member"": ""true"", ""{http://www.tableausoftware.com/xml/user}ui-domain"": ""relevant"", ""{http://www.tableausoftware.com/xml/user}ui-enumeration"": ""inclusive"", ""{http://www.tableausoftware.com/xml/user}ui-marker"": ""enumerate""}]"
3_3dMatrculaECNivelSecundario,DHBEvolucinTemporal,3.3d Matr├¡cula EC Nivel secundario.twb,Evolución Temporal . BTN,[federated.0qiz8oi1sb3cd813zi06q01yhyh5].[none:TABLERO_NOMBRE (Tableros):nk],categorical,"{""class"": ""categorical"", ""column"": ""[federated.0qiz8oi1sb3cd813zi06q01yhyh5].[none:TABLERO_NOMBRE (Tableros):nk]"", ""filter-group"": ""18""}","[{""expression"": ""[TABLERO_NOMBRE (Tableros)] = [Parameters].[Parámetro 2]"", ""function"": ""filter"", ""{http://www.tableausoftware.com/xml/user}ui-marker"": ""filter-by""}, {""function"": ""level-members"", ""level"": ""[none:TABLERO_NOMBRE (Tableros):nk]"", ""{http://www.tableausoftware.com/xml/user}ui-enumeration"": ""all"", ""{http://www.tableausoftware.com/xml/user}ui-marker"": ""enumerate""}]"
3_3dMatrculaECNivelSecundario,DHBEvolucinTemporal,3.3d Matr├¡cula EC Nivel secundario.twb,Evolución temporal - Título,[federated.0qiz8oi1sb3cd813zi06q01yhyh5].[DATOS_SERIES_TEMPORALES_1],categorical,"{""class"": ""categorical"", ""column"": ""[federated.0qiz8oi1sb3cd813zi06q01yhyh5].[DATOS_SERIES_TEMPORALES_1]"", ""filter-group"": ""20""}","[{""function"": ""level-members"", ""level"": ""[TIPO_DE_DATO]"", ""{http://www.tableausoftware.com/xml/user}ui-enumeration"": ""all"", ""{http://www.tableausoftware.com/xml/user}ui-marker"": ""enumerate""}]"
3_3dMatrculaECNivelSecundario,DHBEvolucinTemporal,3.3d Matr├¡cula EC Nivel secundario.twb,Evolución temporal - Título,[federated.0qiz8oi1sb3cd813zi06q01yhyh5].[none:BTN Mostrar Gráficos Cruces Relevantes (copy)_54254335887208452:nk],categorical,"{""class"": ""categorical"", ""column"": ""[federated.0qiz8oi1sb3cd813zi06q01yhyh5].[none:BTN Mostrar Gráficos Cruces Relevantes (copy)_54254335887208452:nk]"", ""filter-group"": ""16""}","[{""function"": ""member"", ""level"": ""[none:BTN Mostrar Gráficos Cruces Relevantes (copy)_54254335887208452:nk]"", ""member"": ""true"", ""{http://www.tableausoftware.com/xml/user}ui-domain"": ""relevant"", ""{http://www.tableausoftware.com/xml/user}ui-enumeration"": ""inclusive"", ""{http://www.tableausoftware.com/xml/user}ui-marker"": ""enumerate""}]"
3_3dMatrculaECNivelSecundario,DHBEvolucinTemporal,3.3d Matr├¡cula EC Nivel secundario.twb,Evolución temporal - Título,[federated.0qiz8oi1sb3cd813zi06q01yhyh5].[none:Calculation_334673811823804420:nk],categorical,"{""class"": ""categorical"", ""column"": ""[federated.0qiz8oi1sb3cd813zi06q01yhyh5].[none:Calculation_334673811823804420:nk]"", ""filter-group"": ""27""}","[{""function"": ""member"", ""level"": ""[none:Calculation_334673811823804420:nk]"", ""member"": ""true"", ""{http://www.tableausoftware.com/xml/user}ui-domain"": ""relevant"", ""{http://www.tableausoftware.com/xml/user}ui-enumeration"": ""inclusive"", ""{http://www.tableausoftware.com/xml/user}ui-marker"": ""enumerate""}]"
3_3dMatrculaECNivelSecundario,DHBEvolucinTemporal,3.3d Matr├¡cula EC Nivel secundario.twb,Evolución temporal - Título,[federated.0qiz8oi1sb3cd813zi06q01yhyh5].[none:INDICADOR_NOMBRE (Indicadores):nk],categorical,"{""class"": ""categorical"", ""column"": ""[federated.0qiz8oi1sb3cd813zi06q01yhyh5].[none:INDICADOR_NOMBRE (Indicadores):nk]"", ""filter-group"": ""22""}","[{""function"": ""level-members"", ""level"": ""[none:INDICADOR_NOMBRE (Indicadores):nk]"", ""{http://www.tableausoftware.com/xml/user}ui-enumeration"": ""all"", ""{http://www.tableausoftware.com/xml/user}ui-marker"": ""enumerate""}]"
3_3dMatrculaECNivelSecundario,DHBEvolucinTemporal,3.3d Matr├¡cula EC Nivel secundario.twb,Home - BTN,"[federated.0qiz8oi1sb3cd813zi06q01yhyh5].[Action (BTN Limpiar filtros,SELECCIONE)]",categorical,"{""class"": ""categorical"", ""column"": ""[federated.0qiz8oi1sb3cd813zi06q01yhyh5].[Action (BTN Limpiar filtros,SELECCIONE)]""}","[{""function"": ""crossjoin"", ""{http://www.tableausoftware.com/xml/user}ui-action-filter"": ""[Action88_A2306F1AF23E4F9CAD37CD015AD97FBE]"", ""{http://www.tableausoftware.com/xml/user}ui-domain"": ""database"", ""{http://www.tableausoftware.com/xml/user}ui-enumeration"": ""inclusive"", ""{http://www.tableausoftware.com/xml/user}ui-marker"": ""enumerate""}, {""function"": ""member"", ""level"": ""[BTN Distribuciones (copy)_4723009404404842516]"", ""member"": ""\""Limpiar filtros\""""}, {""function"": ""member"", ""level"": ""[Calculation_4723009402545549324]"", ""member"": ""\""Seleccione\""""}]"
3_3dMatrculaECNivelSecundario,DHBEvolucinTemporal,3.3d Matr├¡cula EC Nivel secundario.twb,Indicador - Datos,[federated.0qiz8oi1sb3cd813zi06q01yhyh5].[none:TABLERO_NOMBRE (Tableros):nk],categorical,"{""class"": ""categorical"", ""column"": ""[federated.0qiz8oi1sb3cd813zi06q01yhyh5].[none:TABLERO_NOMBRE (Tableros):nk]"", ""filter-group"": ""18""}","[{""expression"": ""[TABLERO_NOMBRE (Tableros)] = [Parameters].[Parámetro 2]"", ""function"": ""filter"", ""{http://www.tableausoftware.com/xml/user}ui-marker"": ""filter-by""}, {""function"": ""level-members"", ""level"": ""[none:TABLERO_NOMBRE (Tableros):nk]"", ""{http://www.tableausoftware.com/xml/user}ui-enumeration"": ""all"", ""{http://www.tableausoftware.com/xml/user}ui-marker"": ""enumerate""}]"
3_3dMatrculaECNivelSecundario,DHBEvolucinTemporal,3.3d Matr├¡cula EC Nivel secundario.twb,Indicador - Datos,[federated.0qiz8oi1sb3cd813zi06q01yhyh5].[none:Visualizar Gráfico Tabla (copia)_2772247096855269376:nk],categorical,"{""class"": ""categorical"", ""column"": ""[federated.0qiz8oi1sb3cd813zi06q01yhyh5].[none:Visualizar Gráfico Tabla (copia)_2772247096855269376:nk]""}","[{""function"": ""member"", ""level"": ""[none:Visualizar Gráfico Tabla (copia)_2772247096855269376:nk]"", ""member"": ""true"", ""{http://www.tableausoftware.com/xml/user}ui-domain"": ""relevant"", ""{http://www.tableausoftware.com/xml/user}ui-enumeration"": ""inclusive"", ""{http://www.tableausoftware.com/xml/user}ui-marker"": ""enumerate""}]"
3_3dMatrculaECNivelSecundario,DHBEvolucinTemporal,3.3d Matr├¡cula EC Nivel secundario.twb,Limpiar Filtros - BTN,"[federated.0qiz8oi1sb3cd813zi06q01yhyh5].[Action (BTN Limpiar filtros,SELECCIONE)]",categorical,"{""class"": ""categorical"", ""column"": ""[federated.0qiz8oi1sb3cd813zi06q01yhyh5].[Action (BTN Limpiar filtros,SELECCIONE)]""}","[{""function"": ""crossjoin"", ""{http://www.tableausoftware.com/xml/user}ui-action-filter"": ""[Action88_A2306F1AF23E4F9CAD37CD015AD97FBE]"", ""{http://www.tableausoftware.com/xml/user}ui-domain"": ""database"", ""{http://www.tableausoftware.com/xml/user}ui-enumeration"": ""inclusive"", ""{http://www.tableausoftware.com/xml/user}ui-marker"": ""enumerate""}, {""function"": ""member"", ""level"": ""[BTN Distribuciones (copy)_4723009404404842516]"", ""member"": ""\""Limpiar filtros\""""}, {""function"": ""member"", ""level"": ""[Calculation_4723009402545549324]"", ""member"": ""\""Seleccione\""""}]"
3_3dMatrculaECNivelSecundario,DHBEvolucinTemporal,3.3d Matr├¡cula EC Nivel secundario.twb,Mapa Indicadores - BTN Abrir,"[federated.0qiz8oi1sb3cd813zi06q01yhyh5].[Action (BTN Limpiar filtros,SELECCIONE)]",categorical,"{""class"": ""categorical"", ""column"": ""[federated.0qiz8oi1sb3cd813zi06q01yhyh5].[Action (BTN Limpiar filtros,SELECCIONE)]""}","[{""function"": ""crossjoin"", ""{http://www.tableausoftware.com/xml/user}ui-action-filter"": ""[Action88_A2306F1AF23E4F9CAD37CD015AD97FBE]"", ""{http://www.tableausoftware.com/xml/user}ui-domain"": ""database"", ""{http://www.tableausoftware.com/xml/user}ui-enumeration"": ""inclusive"", ""{http://www.tableausoftware.com/xml/user}ui-marker"": ""enumerate""}, {""function"": ""member"", ""level"": ""[BTN Distribuciones (copy)_4723009404404842516]"", ""member"": ""\""Limpiar filtros\""""}, {""function"": ""member"", ""level"": ""[Calculation_4723009402545549324]"", ""member"": ""\""Seleccione\""""}]"
3_3dMatrculaECNivelSecundario,DHBEvolucinTemporal,3.3d Matr├¡cula EC Nivel secundario.twb,Mapa Indicadores - BTN Abrir,[federated.0qiz8oi1sb3cd813zi06q01yhyh5].[none:Visualizar Gráfico Tabla (copia)_2772247096855269376:nk],categorical,"{""class"": ""categorical"", ""column"": ""[federated.0qiz8oi1sb3cd813zi06q01yhyh5].[none:Visualizar Gráfico Tabla (copia)_2772247096855269376:nk]""}","[{""function"": ""member"", ""level"": ""[none:Visualizar Gráfico Tabla (copia)_2772247096855269376:nk]"", ""member"": ""false"", ""{http://www.tableausoftware.com/xml/user}ui-domain"": ""relevant"", ""{http://www.tableausoftware.com/xml/user}ui-enumeration"": ""inclusive"", ""{http://www.tableausoftware.com/xml/user}ui-marker"": ""enumerate""}]"
3_3dMatrculaECNivelSecundario,DHBEvolucinTemporal,3.3d Matr├¡cula EC Nivel secundario.twb,Mapa Indicadores - BTN Cerrar,"[federated.0qiz8oi1sb3cd813zi06q01yhyh5].[Action (BTN Limpiar filtros,SELECCIONE)]",categorical,"{""class"": ""categorical"", ""column"": ""[federated.0qiz8oi1sb3cd813zi06q01yhyh5].[Action (BTN Limpiar filtros,SELECCIONE)]""}","[{""function"": ""crossjoin"", ""{http://www.tableausoftware.com/xml/user}ui-action-filter"": ""[Action88_A2306F1AF23E4F9CAD37CD015AD97FBE]"", ""{http://www.tableausoftware.com/xml/user}ui-domain"": ""database"", ""{http://www.tableausoftware.com/xml/user}ui-enumeration"": ""inclusive"", ""{http://www.tableausoftware.com/xml/user}ui-marker"": ""enumerate""}, {""function"": ""member"", ""level"": ""[BTN Distribuciones (copy)_4723009404404842516]"", ""member"": ""\""Limpiar filtros\""""}, {""function"": ""member"", ""level"": ""[Calculation_4723009402545549324]"", ""member"": ""\""Seleccione\""""}]"
3_3dMatrculaECNivelSecundario,DHBEvolucinTemporal,3.3d Matr├¡cula EC Nivel secundario.twb,Mapa Indicadores - BTN Cerrar,[federated.0qiz8oi1sb3cd813zi06q01yhyh5].[none:Visualizar Gráfico Tabla (copia)_2772247096855269376:nk],categorical,"{""class"": ""categorical"", ""column"": ""[federated.0qiz8oi1sb3cd813zi06q01yhyh5].[none:Visualizar Gráfico Tabla (copia)_2772247096855269376:nk]""}","[{""function"": ""member"", ""level"": ""[none:Visualizar Gráfico Tabla (copia)_2772247096855269376:nk]"", ""member"": ""true"", ""{http://www.tableausoftware.com/xml/user}ui-domain"": ""relevant"", ""{http://www.tableausoftware.com/xml/user}ui-enumeration"": ""inclusive"", ""{http://www.tableausoftware.com/xml/user}ui-marker"": ""enumerate""}]"
3_3dMatrculaECNivelSecundario,DHBEvolucinTemporal,3.3d Matr├¡cula EC Nivel secundario.twb,Mapa Indicadores - Tabla,"[federated.0qiz8oi1sb3cd813zi06q01yhyh5].[Action (BTN Limpiar filtros,SELECCIONE)]",categorical,"{""class"": ""categorical"", ""column"": ""[federated.0qiz8oi1sb3cd813zi06q01yhyh5].[Action (BTN Limpiar filtros,SELECCIONE)]""}","[{""function"": ""crossjoin"", ""{http://www.tableausoftware.com/xml/user}ui-action-filter"": ""[Action88_A2306F1AF23E4F9CAD37CD015AD97FBE]"", ""{http://www.tableausoftware.com/xml/user}ui-domain"": ""database"", ""{http://www.tableausoftware.com/xml/user}ui-enumeration"": ""inclusive"", ""{http://www.tableausoftware.com/xml/user}ui-marker"": ""enumerate""}, {""function"": ""member"", ""level"": ""[BTN Distribuciones (copy)_4723009404404842516]"", ""member"": ""\""Limpiar filtros\""""}, {""function"": ""member"", ""level"": ""[Calculation_4723009402545549324]"", ""member"": ""\""Seleccione\""""}]"
3_3dMatrculaECNivelSecundario,DHBEvolucinTemporal,3.3d Matr├¡cula EC Nivel secundario.twb,Mapa Indicadores - Tabla,[federated.0qiz8oi1sb3cd813zi06q01yhyh5].[none:TABLERO_NOMBRE (Tableros):nk],categorical,"{""class"": ""categorical"", ""column"": ""[federated.0qiz8oi1sb3cd813zi06q01yhyh5].[none:TABLERO_NOMBRE (Tableros):nk]"", ""filter-group"": ""18""}","[{""expression"": ""[TABLERO_NOMBRE (Tableros)] = [Parameters].[Parámetro 2]"", ""function"": ""filter"", ""{http://www.tableausoftware.com/xml/user}ui-marker"": ""filter-by""}, {""function"": ""level-members"", ""level"": ""[none:TABLERO_NOMBRE (Tableros):nk]"", ""{http://www.tableausoftware.com/xml/user}ui-enumeration"": ""all"", ""{http://www.tableausoftware.com/xml/user}ui-marker"": ""enumerate""}]"
3_3dMatrculaECNivelSecundario,DHBEvolucinTemporal,3.3d Matr├¡cula EC Nivel secundario.twb,Mapa Indicadores - Tabla,[federated.0qiz8oi1sb3cd813zi06q01yhyh5].[none:Visualizar Gráfico Tabla (copia)_2772247096855269376:nk],categorical,"{""class"": ""categorical"", ""column"": ""[federated.0qiz8oi1sb3cd813zi06q01yhyh5].[none:Visualizar Gráfico Tabla (copia)_2772247096855269376:nk]""}","[{""function"": ""member"", ""level"": ""[none:Visualizar Gráfico Tabla (copia)_2772247096855269376:nk]"", ""member"": ""true"", ""{http://www.tableausoftware.com/xml/user}ui-domain"": ""relevant"", ""{http://www.tableausoftware.com/xml/user}ui-enumeration"": ""inclusive"", ""{http://www.tableausoftware.com/xml/user}ui-marker"": ""enumerate""}]"
3_3dMatrculaECNivelSecundario,DHBEvolucinTemporal,3.3d Matr├¡cula EC Nivel secundario.twb,Mapa Indicadores - Titulo,"[federated.0qiz8oi1sb3cd813zi06q01yhyh5].[Action (BTN Limpiar filtros,SELECCIONE)]",categorical,"{""class"": ""categorical"", ""column"": ""[federated.0qiz8oi1sb3cd813zi06q01yhyh5].[Action (BTN Limpiar filtros,SELECCIONE)]""}","[{""function"": ""crossjoin"", ""{http://www.tableausoftware.com/xml/user}ui-action-filter"": ""[Action88_A2306F1AF23E4F9CAD37CD015AD97FBE]"", ""{http://www.tableausoftware.com/xml/user}ui-domain"": ""database"", ""{http://www.tableausoftware.com/xml/user}ui-enumeration"": ""inclusive"", ""{http://www.tableausoftware.com/xml/user}ui-marker"": ""enumerate""}, {""function"": ""member"", ""level"": ""[BTN Distribuciones (copy)_4723009404404842516]"", ""member"": ""\""Limpiar filtros\""""}, {""function"": ""member"", ""level"": ""[Calculation_4723009402545549324]"", ""member"": ""\""Seleccione\""""}]"
3_3dMatrculaECNivelSecundario,DHBEvolucinTemporal,3.3d Matr├¡cula EC Nivel secundario.twb,Tablero - BTN Documentación,"[federated.0qiz8oi1sb3cd813zi06q01yhyh5].[Action (BTN Limpiar filtros,SELECCIONE)]",categorical,"{""class"": ""categorical"", ""column"": ""[federated.0qiz8oi1sb3cd813zi06q01yhyh5].[Action (BTN Limpiar filtros,SELECCIONE)]""}","[{""function"": ""crossjoin"", ""{http://www.tableausoftware.com/xml/user}ui-action-filter"": ""[Action88_A2306F1AF23E4F9CAD37CD015AD97FBE]"", ""{http://www.tableausoftware.com/xml/user}ui-domain"": ""database"", ""{http://www.tableausoftware.com/xml/user}ui-enumeration"": ""inclusive"", ""{http://www.tableausoftware.com/xml/user}ui-marker"": ""enumerate""}, {""function"": ""member"", ""level"": ""[BTN Distribuciones (copy)_4723009404404842516]"", ""member"": ""\""Limpiar filtros\""""}, {""function"": ""member"", ""level"": ""[Calculation_4723009402545549324]"", ""member"": ""\""Seleccione\""""}]"
3_3dMatrculaECNivelSecundario,DHBEvolucinTemporal,3.3d Matr├¡cula EC Nivel secundario.twb,Tablero - BTN Documentación,[federated.0qiz8oi1sb3cd813zi06q01yhyh5].[none:TABLERO_NOMBRE (Tableros):nk],categorical,"{""class"": ""categorical"", ""column"": ""[federated.0qiz8oi1sb3cd813zi06q01yhyh5].[none:TABLERO_NOMBRE (Tableros):nk]"", ""filter-group"": ""18""}","[{""expression"": ""[TABLERO_NOMBRE (Tableros)] = [Parameters].[Parámetro 2]"", ""function"": ""filter"", ""{http://www.tableausoftware.com/xml/user}ui-marker"": ""filter-by""}, {""function"": ""level-members"", ""level"": ""[none:TABLERO_NOMBRE (Tableros):nk]"", ""{http://www.tableausoftware.com/xml/user}ui-enumeration"": ""all"", ""{http://www.tableausoftware.com/xml/user}ui-marker"": ""enumerate""}]"
3_3dMatrculaECNivelSecundario,DHBEvolucinTemporal,3.3d Matr├¡cula EC Nivel secundario.twb,Tablero - BTN Ficha indicadores,"[federated.0qiz8oi1sb3cd813zi06q01yhyh5].[Action (BTN Limpiar filtros,SELECCIONE)]",categorical,"{""class"": ""categorical"", ""column"": ""[federated.0qiz8oi1sb3cd813zi06q01yhyh5].[Action (BTN Limpiar filtros,SELECCIONE)]""}","[{""function"": ""crossjoin"", ""{http://www.tableausoftware.com/xml/user}ui-action-filter"": ""[Action88_A2306F1AF23E4F9CAD37CD015AD97FBE]"", ""{http://www.tableausoftware.com/xml/user}ui-domain"": ""database"", ""{http://www.tableausoftware.com/xml/user}ui-enumeration"": ""inclusive"", ""{http://www.tableausoftware.com/xml/user}ui-marker"": ""enumerate""}, {""function"": ""member"", ""level"": ""[BTN Distribuciones (copy)_4723009404404842516]"", ""member"": ""\""Limpiar filtros\""""}, {""function"": ""member"", ""level"": ""[Calculation_4723009402545549324]"", ""member"": ""\""Seleccione\""""}]"
3_3dMatrculaECNivelSecundario,DHBEvolucinTemporal,3.3d Matr├¡cula EC Nivel secundario.twb,Tablero - BTN Ficha indicadores,[federated.0qiz8oi1sb3cd813zi06q01yhyh5].[none:TABLERO_NOMBRE (Tableros):nk],categorical,"{""class"": ""categorical"", ""column"": ""[federated.0qiz8oi1sb3cd813zi06q01yhyh5].[none:TABLERO_NOMBRE (Tableros):nk]"", ""filter-group"": ""18""}","[{""expression"": ""[TABLERO_NOMBRE (Tableros)] = [Parameters].[Parámetro 2]"", ""function"": ""filter"", ""{http://www.tableausoftware.com/xml/user}ui-marker"": ""filter-by""}, {""function"": ""level-members"", ""level"": ""[none:TABLERO_NOMBRE (Tableros):nk]"", ""{http://www.tableausoftware.com/xml/user}ui-enumeration"": ""all"", ""{http://www.tableausoftware.com/xml/user}ui-marker"": ""enumerate""}]"
3_3dMatrculaECNivelSecundario,DHBEvolucinTemporal,3.3d Matr├¡cula EC Nivel secundario.twb,Tablero - BTN Reportes,"[federated.0qiz8oi1sb3cd813zi06q01yhyh5].[Action (BTN Limpiar filtros,SELECCIONE)]",categorical,"{""class"": ""categorical"", ""column"": ""[federated.0qiz8oi1sb3cd813zi06q01yhyh5].[Action (BTN Limpiar filtros,SELECCIONE)]""}","[{""function"": ""crossjoin"", ""{http://www.tableausoftware.com/xml/user}ui-action-filter"": ""[Action88_A2306F1AF23E4F9CAD37CD015AD97FBE]"", ""{http://www.tableausoftware.com/xml/user}ui-domain"": ""database"", ""{http://www.tableausoftware.com/xml/user}ui-enumeration"": ""inclusive"", ""{http://www.tableausoftware.com/xml/user}ui-marker"": ""enumerate""}, {""function"": ""member"", ""level"": ""[BTN Distribuciones (copy)_4723009404404842516]"", ""member"": ""\""Limpiar filtros\""""}, {""function"": ""member"", ""level"": ""[Calculation_4723009402545549324]"", ""member"": ""\""Seleccione\""""}]"
3_3dMatrculaECNivelSecundario,DHBEvolucinTemporal,3.3d Matr├¡cula EC Nivel secundario.twb,Tablero - BTN Reportes,[federated.0qiz8oi1sb3cd813zi06q01yhyh5].[none:TABLERO_NOMBRE (Tableros):nk],categorical,"{""class"": ""categorical"", ""column"": ""[federated.0qiz8oi1sb3cd813zi06q01yhyh5].[none:TABLERO_NOMBRE (Tableros):nk]"", ""filter-group"": ""18""}","[{""expression"": ""[TABLERO_NOMBRE (Tableros)] = [Parameters].[Parámetro 2]"", ""function"": ""filter"", ""{http://www.tableausoftware.com/xml/user}ui-marker"": ""filter-by""}, {""function"": ""level-members"", ""level"": ""[none:TABLERO_NOMBRE (Tableros):nk]"", ""{http://www.tableausoftware.com/xml/user}ui-enumeration"": ""all"", ""{http://www.tableausoftware.com/xml/user}ui-marker"": ""enumerate""}]"
3_3dMatrculaECNivelSecundario,DHBEvolucinTemporal,3.3d Matr├¡cula EC Nivel secundario.twb,Tablero - Datos,"[federated.0qiz8oi1sb3cd813zi06q01yhyh5].[Action (BTN Limpiar filtros,SELECCIONE)]",categorical,"{""class"": ""categorical"", ""column"": ""[federated.0qiz8oi1sb3cd813zi06q01yhyh5].[Action (BTN Limpiar filtros,SELECCIONE)]""}","[{""function"": ""crossjoin"", ""{http://www.tableausoftware.com/xml/user}ui-action-filter"": ""[Action88_A2306F1AF23E4F9CAD37CD015AD97FBE]"", ""{http://www.tableausoftware.com/xml/user}ui-domain"": ""database"", ""{http://www.tableausoftware.com/xml/user}ui-enumeration"": ""inclusive"", ""{http://www.tableausoftware.com/xml/user}ui-marker"": ""enumerate""}, {""function"": ""member"", ""level"": ""[BTN Distribuciones (copy)_4723009404404842516]"", ""member"": ""\""Limpiar filtros\""""}, {""function"": ""member"", ""level"": ""[Calculation_4723009402545549324]"", ""member"": ""\""Seleccione\""""}]"
3_3dMatrculaECNivelSecundario,DHBEvolucinTemporal,3.3d Matr├¡cula EC Nivel secundario.twb,Tablero - Datos,[federated.0qiz8oi1sb3cd813zi06q01yhyh5].[none:TABLERO_NOMBRE (Tableros):nk],categorical,"{""class"": ""categorical"", ""column"": ""[federated.0qiz8oi1sb3cd813zi06q01yhyh5].[none:TABLERO_NOMBRE (Tableros):nk]"", ""filter-group"": ""18""}","[{""expression"": ""[TABLERO_NOMBRE (Tableros)] = [Parameters].[Parámetro 2]"", ""function"": ""filter"", ""{http://www.tableausoftware.com/xml/user}ui-marker"": ""filter-by""}, {""function"": ""level-members"", ""level"": ""[none:TABLERO_NOMBRE (Tableros):nk]"", ""{http://www.tableausoftware.com/xml/user}ui-enumeration"": ""all"", ""{http://www.tableausoftware.com/xml/user}ui-marker"": ""enumerate""}]"
3_3dMatrculaECNivelSecundario,DHBEvolucinTemporal,3.3d Matr├¡cula EC Nivel secundario.twb,Tablero - Datos,[federated.0qiz8oi1sb3cd813zi06q01yhyh5].[none:TEMA_NOMBRE (Temas):nk],categorical,"{""class"": ""categorical"", ""column"": ""[federated.0qiz8oi1sb3cd813zi06q01yhyh5].[none:TEMA_NOMBRE (Temas):nk]""}","[{""function"": ""level-members"", ""level"": ""[none:TEMA_NOMBRE (Temas):nk]"", ""{http://www.tableausoftware.com/xml/user}ui-enumeration"": ""all"", ""{http://www.tableausoftware.com/xml/user}ui-marker"": ""enumerate""}]"
3_3dMatrculaECNivelSecundario,DHBEvolucinTemporal,3.3d Matr├¡cula EC Nivel secundario.twb,Tablero - Gráficos,[federated.0qiz8oi1sb3cd813zi06q01yhyh5].[none:TABLERO_NOMBRE (Tableros):nk],categorical,"{""class"": ""categorical"", ""column"": ""[federated.0qiz8oi1sb3cd813zi06q01yhyh5].[none:TABLERO_NOMBRE (Tableros):nk]"", ""filter-group"": ""18""}","[{""expression"": ""[TABLERO_NOMBRE (Tableros)] = [Parameters].[Parámetro 2]"", ""function"": ""filter"", ""{http://www.tableausoftware.com/xml/user}ui-marker"": ""filter-by""}, {""function"": ""level-members"", ""level"": ""[none:TABLERO_NOMBRE (Tableros):nk]"", ""{http://www.tableausoftware.com/xml/user}ui-enumeration"": ""all"", ""{http://www.tableausoftware.com/xml/user}ui-marker"": ""enumerate""}]"
3_3dMatrculaECNivelSecundario,DHBEvolucinTemporal,3.3d Matr├¡cula EC Nivel secundario.twb,Tablero - Secciones,[federated.0qiz8oi1sb3cd813zi06q01yhyh5].[none:TABLERO_NOMBRE (Tableros):nk],categorical,"{""class"": ""categorical"", ""column"": ""[federated.0qiz8oi1sb3cd813zi06q01yhyh5].[none:TABLERO_NOMBRE (Tableros):nk]"", ""filter-group"": ""18""}","[{""expression"": ""[TABLERO_NOMBRE (Tableros)] = [Parameters].[Parámetro 2]"", ""function"": ""filter"", ""{http://www.tableausoftware.com/xml/user}ui-marker"": ""filter-by""}, {""function"": ""level-members"", ""level"": ""[none:TABLERO_NOMBRE (Tableros):nk]"", ""{http://www.tableausoftware.com/xml/user}ui-enumeration"": ""all"", ""{http://www.tableausoftware.com/xml/user}ui-marker"": ""enumerate""}]"
3_3dMatrculaECNivelSecundario,DHBEvolucinTemporal,3.3d Matr├¡cula EC Nivel secundario.twb,Temas - Tabla,[federated.0qiz8oi1sb3cd813zi06q01yhyh5].[none:TEMA_DE_SISTEMA:nk],categorical,"{""class"": ""categorical"", ""column"": ""[federated.0qiz8oi1sb3cd813zi06q01yhyh5].[none:TEMA_DE_SISTEMA:nk]""}","[{""function"": ""member"", ""level"": ""[none:TEMA_DE_SISTEMA:nk]"", ""member"": ""\""false\"""", ""{http://www.tableausoftware.com/xml/user}ui-domain"": ""relevant"", ""{http://www.tableausoftware.com/xml/user}ui-enumeration"": ""inclusive"", ""{http://www.tableausoftware.com/xml/user}ui-marker"": ""enumerate""}]"
3_3dMatrculaECNivelSecundario,DHBEvolucinTemporal,3.3d Matr├¡cula EC Nivel secundario.twb,Temas - Tabla (2),[federated.0qiz8oi1sb3cd813zi06q01yhyh5].[none:TEMA_DE_SISTEMA:nk],categorical,"{""class"": ""categorical"", ""column"": ""[federated.0qiz8oi1sb3cd813zi06q01yhyh5].[none:TEMA_DE_SISTEMA:nk]""}","[{""function"": ""member"", ""level"": ""[none:TEMA_DE_SISTEMA:nk]"", ""member"": ""\""false\"""", ""{http://www.tableausoftware.com/xml/user}ui-domain"": ""relevant"", ""{http://www.tableausoftware.com/xml/user}ui-enumeration"": ""inclusive"", ""{http://www.tableausoftware.com/xml/user}ui-marker"": ""enumerate""}]"
3_3dMatrculaECNivelSecundario,DHBEvolucinTemporal,3.3d Matr├¡cula EC Nivel secundario.twb,Temas - Tabla (3),[federated.0qiz8oi1sb3cd813zi06q01yhyh5].[none:TEMA_DE_SISTEMA:nk],categorical,"{""class"": ""categorical"", ""column"": ""[federated.0qiz8oi1sb3cd813zi06q01yhyh5].[none:TEMA_DE_SISTEMA:nk]""}","[{""function"": ""member"", ""level"": ""[none:TEMA_DE_SISTEMA:nk]"", ""member"": ""\""false\"""", ""{http://www.tableausoftware.com/xml/user}ui-domain"": ""relevant"", ""{http://www.tableausoftware.com/xml/user}ui-enumeration"": ""inclusive"", ""{http://www.tableausoftware.com/xml/user}ui-marker"": ""enumerate""}]"
4_2aNatalidad,DHBEvolucinTemporal,4.2a Natalidad.twb,Admin SM - BTN Instructivo Navegación,"[federated.0qiz8oi1sb3cd813zi06q01yhyh5].[Action (BTN Limpiar filtros,SELECCIONE)]",categorical,"{""class"": ""categorical"", ""column"": ""[federated.0qiz8oi1sb3cd813zi06q01yhyh5].[Action (BTN Limpiar filtros,SELECCIONE)]""}","[{""function"": ""crossjoin"", ""{http://www.tableausoftware.com/xml/user}ui-action-filter"": ""[Action88_A2306F1AF23E4F9CAD37CD015AD97FBE]"", ""{http://www.tableausoftware.com/xml/user}ui-domain"": ""database"", ""{http://www.tableausoftware.com/xml/user}ui-enumeration"": ""inclusive"", ""{http://www.tableausoftware.com/xml/user}ui-marker"": ""enumerate""}, {""function"": ""member"", ""level"": ""[BTN Distribuciones (copy)_4723009404404842516]"", ""member"": ""\""Limpiar filtros\""""}, {""function"": ""member"", ""level"": ""[Calculation_4723009402545549324]"", ""member"": ""\""Seleccione\""""}]"
4_2aNatalidad,DHBEvolucinTemporal,4.2a Natalidad.twb,Admin SM - Contacto,"[federated.0qiz8oi1sb3cd813zi06q01yhyh5].[Action (BTN Limpiar filtros,SELECCIONE)]",categorical,"{""class"": ""categorical"", ""column"": ""[federated.0qiz8oi1sb3cd813zi06q01yhyh5].[Action (BTN Limpiar filtros,SELECCIONE)]""}","[{""function"": ""crossjoin"", ""{http://www.tableausoftware.com/xml/user}ui-action-filter"": ""[Action88_A2306F1AF23E4F9CAD37CD015AD97FBE]"", ""{http://www.tableausoftware.com/xml/user}ui-domain"": ""database"", ""{http://www.tableausoftware.com/xml/user}ui-enumeration"": ""inclusive"", ""{http://www.tableausoftware.com/xml/user}ui-marker"": ""enumerate""}, {""function"": ""member"", ""level"": ""[BTN Distribuciones (copy)_4723009404404842516]"", ""member"": ""\""Limpiar filtros\""""}, {""function"": ""member"", ""level"": ""[Calculation_4723009402545549324]"", ""member"": ""\""Seleccione\""""}]"
4_2aNatalidad,DHBEvolucinTemporal,4.2a Natalidad.twb,Caracteristicas - BTN Mostrar Gráficos,"[federated.0qiz8oi1sb3cd813zi06q01yhyh5].[Action (BTN Limpiar filtros,SELECCIONE)]",categorical,"{""class"": ""categorical"", ""column"": ""[federated.0qiz8oi1sb3cd813zi06q01yhyh5].[Action (BTN Limpiar filtros,SELECCIONE)]""}","[{""function"": ""crossjoin"", ""{http://www.tableausoftware.com/xml/user}ui-action-filter"": ""[Action88_A2306F1AF23E4F9CAD37CD015AD97FBE]"", ""{http://www.tableausoftware.com/xml/user}ui-domain"": ""database"", ""{http://www.tableausoftware.com/xml/user}ui-enumeration"": ""inclusive"", ""{http://www.tableausoftware.com/xml/user}ui-marker"": ""enumerate""}, {""function"": ""member"", ""level"": ""[BTN Distribuciones (copy)_4723009404404842516]"", ""member"": ""\""Limpiar filtros\""""}, {""function"": ""member"", ""level"": ""[Calculation_4723009402545549324]"", ""member"": ""\""Seleccione\""""}]"
4_2aNatalidad,DHBEvolucinTemporal,4.2a Natalidad.twb,Caracteristicas - BTN Mostrar Gráficos,[federated.0qiz8oi1sb3cd813zi06q01yhyh5].[none:Visualizar Indicadores (copy)_4723009404655362069:nk],categorical,"{""class"": ""categorical"", ""column"": ""[federated.0qiz8oi1sb3cd813zi06q01yhyh5].[none:Visualizar Indicadores (copy)_4723009404655362069:nk]""}","[{""function"": ""member"", ""level"": ""[none:Visualizar Indicadores (copy)_4723009404655362069:nk]"", ""member"": ""false"", ""{http://www.tableausoftware.com/xml/user}ui-domain"": ""relevant"", ""{http://www.tableausoftware.com/xml/user}ui-enumeration"": ""inclusive"", ""{http://www.tableausoftware.com/xml/user}ui-marker"": ""enumerate""}]"
4_2aNatalidad,DHBEvolucinTemporal,4.2a Natalidad.twb,Características - BTN,"[federated.0qiz8oi1sb3cd813zi06q01yhyh5].[Action (BTN Limpiar filtros,SELECCIONE)]",categorical,"{""class"": ""categorical"", ""column"": ""[federated.0qiz8oi1sb3cd813zi06q01yhyh5].[Action (BTN Limpiar filtros,SELECCIONE)]""}","[{""function"": ""crossjoin"", ""{http://www.tableausoftware.com/xml/user}ui-action-filter"": ""[Action88_A2306F1AF23E4F9CAD37CD015AD97FBE]"", ""{http://www.tableausoftware.com/xml/user}ui-domain"": ""database"", ""{http://www.tableausoftware.com/xml/user}ui-enumeration"": ""inclusive"", ""{http://www.tableausoftware.com/xml/user}ui-marker"": ""enumerate""}, {""function"": ""member"", ""level"": ""[BTN Distribuciones (copy)_4723009404404842516]"", ""member"": ""\""Limpiar filtros\""""}, {""function"": ""member"", ""level"": ""[Calculation_4723009402545549324]"", ""member"": ""\""Seleccione\""""}]"
4_2aNatalidad,DHBEvolucinTemporal,4.2a Natalidad.twb,Características - BTN,[federated.0qiz8oi1sb3cd813zi06q01yhyh5].[DATOS_DISTRIBUCIONES_1],categorical,"{""class"": ""categorical"", ""column"": ""[federated.0qiz8oi1sb3cd813zi06q01yhyh5].[DATOS_DISTRIBUCIONES_1]"", ""filter-group"": ""26""}","[{""function"": ""level-members"", ""level"": ""[TIPO_DE_DATO]"", ""{http://www.tableausoftware.com/xml/user}ui-enumeration"": ""all"", ""{http://www.tableausoftware.com/xml/user}ui-marker"": ""enumerate""}]"
4_2aNatalidad,DHBEvolucinTemporal,4.2a Natalidad.twb,Características - BTN,[federated.0qiz8oi1sb3cd813zi06q01yhyh5].[none:Calculation_334673811823804420:nk],categorical,"{""class"": ""categorical"", ""column"": ""[federated.0qiz8oi1sb3cd813zi06q01yhyh5].[none:Calculation_334673811823804420:nk]"", ""filter-group"": ""27""}","[{""function"": ""member"", ""level"": ""[none:Calculation_334673811823804420:nk]"", ""member"": ""true"", ""{http://www.tableausoftware.com/xml/user}ui-domain"": ""relevant"", ""{http://www.tableausoftware.com/xml/user}ui-enumeration"": ""inclusive"", ""{http://www.tableausoftware.com/xml/user}ui-marker"": ""enumerate""}]"
4_2aNatalidad,DHBEvolucinTemporal,4.2a Natalidad.twb,Características - Barras,[federated.0qiz8oi1sb3cd813zi06q01yhyh5].[DATOS_DISTRIBUCIONES_1],categorical,"{""class"": ""categorical"", ""column"": ""[federated.0qiz8oi1sb3cd813zi06q01yhyh5].[DATOS_DISTRIBUCIONES_1]"", ""filter-group"": ""26""}","[{""function"": ""level-members"", ""level"": ""[TIPO_DE_DATO]"", ""{http://www.tableausoftware.com/xml/user}ui-enumeration"": ""all"", ""{http://www.tableausoftware.com/xml/user}ui-marker"": ""enumerate""}]"
4_2aNatalidad,DHBEvolucinTemporal,4.2a Natalidad.twb,Características - Barras,[federated.0qiz8oi1sb3cd813zi06q01yhyh5].[none:ANIO:ok],categorical,"{""class"": ""categorical"", ""column"": ""[federated.0qiz8oi1sb3cd813zi06q01yhyh5].[none:ANIO:ok]"", ""filter-group"": ""6""}","[{""function"": ""level-members"", ""level"": ""[none:ANIO:ok]"", ""{http://www.tableausoftware.com/xml/user}ui-enumeration"": ""all"", ""{http://www.tableausoftware.com/xml/user}ui-marker"": ""enumerate""}]"
4_2aNatalidad,DHBEvolucinTemporal,4.2a Natalidad.twb,Características - Barras,[federated.0qiz8oi1sb3cd813zi06q01yhyh5].[none:APERTURA_NIVEL_1:nk],categorical,"{""class"": ""categorical"", ""column"": ""[federated.0qiz8oi1sb3cd813zi06q01yhyh5].[none:APERTURA_NIVEL_1:nk]"", ""filter-group"": ""11""}","[{""function"": ""level-members"", ""level"": ""[none:APERTURA_NIVEL_1:nk]"", ""{http://www.tableausoftware.com/xml/user}ui-enumeration"": ""all"", ""{http://www.tableausoftware.com/xml/user}ui-marker"": ""enumerate""}]"
4_2aNatalidad,DHBEvolucinTemporal,4.2a Natalidad.twb,Características - Barras,[federated.0qiz8oi1sb3cd813zi06q01yhyh5].[none:Calculation_334673811823804420:nk],categorical,"{""class"": ""categorical"", ""column"": ""[federated.0qiz8oi1sb3cd813zi06q01yhyh5].[none:Calculation_334673811823804420:nk]"", ""filter-group"": ""27""}","[{""function"": ""member"", ""level"": ""[none:Calculation_334673811823804420:nk]"", ""member"": ""true"", ""{http://www.tableausoftware.com/xml/user}ui-domain"": ""relevant"", ""{http://www.tableausoftware.com/xml/user}ui-enumeration"": ""inclusive"", ""{http://www.tableausoftware.com/xml/user}ui-marker"": ""enumerate""}]"
4_2aNatalidad,DHBEvolucinTemporal,4.2a Natalidad.twb,Características - Barras,[federated.0qiz8oi1sb3cd813zi06q01yhyh5].[none:Calculation_334673811825987589:nk],categorical,"{""class"": ""categorical"", ""column"": ""[federated.0qiz8oi1sb3cd813zi06q01yhyh5].[none:Calculation_334673811825987589:nk]"", ""filter-group"": ""8""}","[{""function"": ""member"", ""level"": ""[none:Calculation_334673811825987589:nk]"", ""member"": ""true"", ""{http://www.tableausoftware.com/xml/user}ui-domain"": ""relevant"", ""{http://www.tableausoftware.com/xml/user}ui-enumeration"": ""inclusive"", ""{http://www.tableausoftware.com/xml/user}ui-marker"": ""enumerate""}]"
4_2aNatalidad,DHBEvolucinTemporal,4.2a Natalidad.twb,Características - Barras,[federated.0qiz8oi1sb3cd813zi06q01yhyh5].[none:Distribuciones - Visualizar Gráfico Torta (copy)_159666739711741954:qk],quantitative,"{""class"": ""quantitative"", ""column"": ""[federated.0qiz8oi1sb3cd813zi06q01yhyh5].[none:Distribuciones - Visualizar Gráfico Torta (copy)_159666739711741954:qk]"", ""included-values"": ""in-range-or-null""}",[]
4_2aNatalidad,DHBEvolucinTemporal,4.2a Natalidad.twb,Características - Barras,[federated.0qiz8oi1sb3cd813zi06q01yhyh5].[none:INDICADOR_NOMBRE (Indicadores):nk],categorical,"{""class"": ""categorical"", ""column"": ""[federated.0qiz8oi1sb3cd813zi06q01yhyh5].[none:INDICADOR_NOMBRE (Indicadores):nk]"", ""filter-group"": ""7""}","[{""function"": ""level-members"", ""level"": ""[none:INDICADOR_NOMBRE (Indicadores):nk]"", ""{http://www.tableausoftware.com/xml/user}ui-enumeration"": ""all"", ""{http://www.tableausoftware.com/xml/user}ui-marker"": ""enumerate""}]"
4_2aNatalidad,DHBEvolucinTemporal,4.2a Natalidad.twb,Características - Barras,[federated.0qiz8oi1sb3cd813zi06q01yhyh5].[none:UNIDAD_GEOGRAFICA_NOMBRE:nk],categorical,"{""class"": ""categorical"", ""column"": ""[federated.0qiz8oi1sb3cd813zi06q01yhyh5].[none:UNIDAD_GEOGRAFICA_NOMBRE:nk]"", ""filter-group"": ""17""}","[{""function"": ""level-members"", ""level"": ""[none:UNIDAD_GEOGRAFICA_NOMBRE:nk]"", ""{http://www.tableausoftware.com/xml/user}ui-enumeration"": ""all"", ""{http://www.tableausoftware.com/xml/user}ui-marker"": ""enumerate""}]"
4_2aNatalidad,DHBEvolucinTemporal,4.2a Natalidad.twb,Características - Barras,[federated.0qiz8oi1sb3cd813zi06q01yhyh5].[none:Visualizar Indicadores (copy)_4723009404679073821:nk],categorical,"{""class"": ""categorical"", ""column"": ""[federated.0qiz8oi1sb3cd813zi06q01yhyh5].[none:Visualizar Indicadores (copy)_4723009404679073821:nk]"", ""filter-group"": ""12""}","[{""function"": ""member"", ""level"": ""[none:Visualizar Indicadores (copy)_4723009404679073821:nk]"", ""member"": ""true"", ""{http://www.tableausoftware.com/xml/user}ui-domain"": ""relevant"", ""{http://www.tableausoftware.com/xml/user}ui-enumeration"": ""inclusive"", ""{http://www.tableausoftware.com/xml/user}ui-marker"": ""enumerate""}]"
4_2aNatalidad,DHBEvolucinTemporal,4.2a Natalidad.twb,Características - Filtro,[federated.0qiz8oi1sb3cd813zi06q01yhyh5].[DATOS_DISTRIBUCIONES_1],categorical,"{""class"": ""categorical"", ""column"": ""[federated.0qiz8oi1sb3cd813zi06q01yhyh5].[DATOS_DISTRIBUCIONES_1]"", ""filter-group"": ""26""}","[{""function"": ""level-members"", ""level"": ""[TIPO_DE_DATO]"", ""{http://www.tableausoftware.com/xml/user}ui-enumeration"": ""all"", ""{http://www.tableausoftware.com/xml/user}ui-marker"": ""enumerate""}]"
4_2aNatalidad,DHBEvolucinTemporal,4.2a Natalidad.twb,Características - Filtro,[federated.0qiz8oi1sb3cd813zi06q01yhyh5].[none:ANIO:ok],categorical,"{""class"": ""categorical"", ""column"": ""[federated.0qiz8oi1sb3cd813zi06q01yhyh5].[none:ANIO:ok]"", ""filter-group"": ""6""}","[{""function"": ""level-members"", ""level"": ""[none:ANIO:ok]"", ""{http://www.tableausoftware.com/xml/user}ui-enumeration"": ""all"", ""{http://www.tableausoftware.com/xml/user}ui-marker"": ""enumerate""}]"
4_2aNatalidad,DHBEvolucinTemporal,4.2a Natalidad.twb,Características - Filtro,[federated.0qiz8oi1sb3cd813zi06q01yhyh5].[none:APERTURA_NIVEL_1:nk],categorical,"{""class"": ""categorical"", ""column"": ""[federated.0qiz8oi1sb3cd813zi06q01yhyh5].[none:APERTURA_NIVEL_1:nk]"", ""filter-group"": ""11""}","[{""function"": ""level-members"", ""level"": ""[none:APERTURA_NIVEL_1:nk]"", ""{http://www.tableausoftware.com/xml/user}ui-enumeration"": ""all"", ""{http://www.tableausoftware.com/xml/user}ui-marker"": ""enumerate""}]"
4_2aNatalidad,DHBEvolucinTemporal,4.2a Natalidad.twb,Características - Filtro,[federated.0qiz8oi1sb3cd813zi06q01yhyh5].[none:Calculation_334673811823804420:nk],categorical,"{""class"": ""categorical"", ""column"": ""[federated.0qiz8oi1sb3cd813zi06q01yhyh5].[none:Calculation_334673811823804420:nk]"", ""filter-group"": ""27""}","[{""function"": ""member"", ""level"": ""[none:Calculation_334673811823804420:nk]"", ""member"": ""true"", ""{http://www.tableausoftware.com/xml/user}ui-domain"": ""relevant"", ""{http://www.tableausoftware.com/xml/user}ui-enumeration"": ""inclusive"", ""{http://www.tableausoftware.com/xml/user}ui-marker"": ""enumerate""}]"
4_2aNatalidad,DHBEvolucinTemporal,4.2a Natalidad.twb,Características - Filtro,[federated.0qiz8oi1sb3cd813zi06q01yhyh5].[none:Calculation_334673811825987589:nk],categorical,"{""class"": ""categorical"", ""column"": ""[federated.0qiz8oi1sb3cd813zi06q01yhyh5].[none:Calculation_334673811825987589:nk]""}","[{""function"": ""member"", ""level"": ""[none:Calculation_334673811825987589:nk]"", ""member"": ""true"", ""{http://www.tableausoftware.com/xml/user}ui-domain"": ""relevant"", ""{http://www.tableausoftware.com/xml/user}ui-enumeration"": ""inclusive"", ""{http://www.tableausoftware.com/xml/user}ui-marker"": ""enumerate""}]"
4_2aNatalidad,DHBEvolucinTemporal,4.2a Natalidad.twb,Características - Filtro,[federated.0qiz8oi1sb3cd813zi06q01yhyh5].[none:INDICADOR_NOMBRE (Indicadores):nk],categorical,"{""class"": ""categorical"", ""column"": ""[federated.0qiz8oi1sb3cd813zi06q01yhyh5].[none:INDICADOR_NOMBRE (Indicadores):nk]"", ""filter-group"": ""7""}","[{""function"": ""level-members"", ""level"": ""[none:INDICADOR_NOMBRE (Indicadores):nk]"", ""{http://www.tableausoftware.com/xml/user}ui-enumeration"": ""all"", ""{http://www.tableausoftware.com/xml/user}ui-marker"": ""enumerate""}]"
4_2aNatalidad,DHBEvolucinTemporal,4.2a Natalidad.twb,Características - Filtro,[federated.0qiz8oi1sb3cd813zi06q01yhyh5].[none:UNIDAD_GEOGRAFICA_NOMBRE:nk],categorical,"{""class"": ""categorical"", ""column"": ""[federated.0qiz8oi1sb3cd813zi06q01yhyh5].[none:UNIDAD_GEOGRAFICA_NOMBRE:nk]"", ""filter-group"": ""17""}","[{""function"": ""level-members"", ""level"": ""[none:UNIDAD_GEOGRAFICA_NOMBRE:nk]"", ""{http://www.tableausoftware.com/xml/user}ui-enumeration"": ""all"", ""{http://www.tableausoftware.com/xml/user}ui-marker"": ""enumerate""}]"
4_2aNatalidad,DHBEvolucinTemporal,4.2a Natalidad.twb,Características - Jerarquía,[federated.0qiz8oi1sb3cd813zi06q01yhyh5].[DATOS_DISTRIBUCIONES_1],categorical,"{""class"": ""categorical"", ""column"": ""[federated.0qiz8oi1sb3cd813zi06q01yhyh5].[DATOS_DISTRIBUCIONES_1]"", ""filter-group"": ""26""}","[{""function"": ""level-members"", ""level"": ""[TIPO_DE_DATO]"", ""{http://www.tableausoftware.com/xml/user}ui-enumeration"": ""all"", ""{http://www.tableausoftware.com/xml/user}ui-marker"": ""enumerate""}]"
4_2aNatalidad,DHBEvolucinTemporal,4.2a Natalidad.twb,Características - Jerarquía,[federated.0qiz8oi1sb3cd813zi06q01yhyh5].[none:ANIO:ok],categorical,"{""class"": ""categorical"", ""column"": ""[federated.0qiz8oi1sb3cd813zi06q01yhyh5].[none:ANIO:ok]"", ""filter-group"": ""6""}","[{""function"": ""level-members"", ""level"": ""[none:ANIO:ok]"", ""{http://www.tableausoftware.com/xml/user}ui-enumeration"": ""all"", ""{http://www.tableausoftware.com/xml/user}ui-marker"": ""enumerate""}]"
4_2aNatalidad,DHBEvolucinTemporal,4.2a Natalidad.twb,Características - Jerarquía,[federated.0qiz8oi1sb3cd813zi06q01yhyh5].[none:APERTURA_NIVEL_1:nk],categorical,"{""class"": ""categorical"", ""column"": ""[federated.0qiz8oi1sb3cd813zi06q01yhyh5].[none:APERTURA_NIVEL_1:nk]"", ""filter-group"": ""11""}","[{""function"": ""level-members"", ""level"": ""[none:APERTURA_NIVEL_1:nk]"", ""{http://www.tableausoftware.com/xml/user}ui-enumeration"": ""all"", ""{http://www.tableausoftware.com/xml/user}ui-marker"": ""enumerate""}]"
4_2aNatalidad,DHBEvolucinTemporal,4.2a Natalidad.twb,Características - Jerarquía,[federated.0qiz8oi1sb3cd813zi06q01yhyh5].[none:Calculation_334673811823804420:nk],categorical,"{""class"": ""categorical"", ""column"": ""[federated.0qiz8oi1sb3cd813zi06q01yhyh5].[none:Calculation_334673811823804420:nk]"", ""filter-group"": ""27""}","[{""function"": ""member"", ""level"": ""[none:Calculation_334673811823804420:nk]"", ""member"": ""true"", ""{http://www.tableausoftware.com/xml/user}ui-domain"": ""relevant"", ""{http://www.tableausoftware.com/xml/user}ui-enumeration"": ""inclusive"", ""{http://www.tableausoftware.com/xml/user}ui-marker"": ""enumerate""}]"
4_2aNatalidad,DHBEvolucinTemporal,4.2a Natalidad.twb,Características - Jerarquía,[federated.0qiz8oi1sb3cd813zi06q01yhyh5].[none:Calculation_334673811825987589:nk],categorical,"{""class"": ""categorical"", ""column"": ""[federated.0qiz8oi1sb3cd813zi06q01yhyh5].[none:Calculation_334673811825987589:nk]"", ""filter-group"": ""8""}","[{""function"": ""member"", ""level"": ""[none:Calculation_334673811825987589:nk]"", ""member"": ""true"", ""{http://www.tableausoftware.com/xml/user}ui-domain"": ""relevant"", ""{http://www.tableausoftware.com/xml/user}ui-enumeration"": ""inclusive"", ""{http://www.tableausoftware.com/xml/user}ui-marker"": ""enumerate""}]"
4_2aNatalidad,DHBEvolucinTemporal,4.2a Natalidad.twb,Características - Jerarquía,[federated.0qiz8oi1sb3cd813zi06q01yhyh5].[none:INDICADOR_NOMBRE (Indicadores):nk],categorical,"{""class"": ""categorical"", ""column"": ""[federated.0qiz8oi1sb3cd813zi06q01yhyh5].[none:INDICADOR_NOMBRE (Indicadores):nk]"", ""filter-group"": ""7""}","[{""function"": ""level-members"", ""level"": ""[none:INDICADOR_NOMBRE (Indicadores):nk]"", ""{http://www.tableausoftware.com/xml/user}ui-enumeration"": ""all"", ""{http://www.tableausoftware.com/xml/user}ui-marker"": ""enumerate""}]"
4_2aNatalidad,DHBEvolucinTemporal,4.2a Natalidad.twb,Características - Jerarquía,[federated.0qiz8oi1sb3cd813zi06q01yhyh5].[none:UNIDAD_GEOGRAFICA_NOMBRE:nk],categorical,"{""class"": ""categorical"", ""column"": ""[federated.0qiz8oi1sb3cd813zi06q01yhyh5].[none:UNIDAD_GEOGRAFICA_NOMBRE:nk]"", ""filter-group"": ""17""}","[{""function"": ""level-members"", ""level"": ""[none:UNIDAD_GEOGRAFICA_NOMBRE:nk]"", ""{http://www.tableausoftware.com/xml/user}ui-enumeration"": ""all"", ""{http://www.tableausoftware.com/xml/user}ui-marker"": ""enumerate""}]"
4_2aNatalidad,DHBEvolucinTemporal,4.2a Natalidad.twb,Características - Jerarquía,[federated.0qiz8oi1sb3cd813zi06q01yhyh5].[none:Visualizar Gráfico Tabla (copia)_1886797147614306325:qk],quantitative,"{""class"": ""quantitative"", ""column"": ""[federated.0qiz8oi1sb3cd813zi06q01yhyh5].[none:Visualizar Gráfico Tabla (copia)_1886797147614306325:qk]"", ""included-values"": ""in-range-or-null""}",[]
4_2aNatalidad,DHBEvolucinTemporal,4.2a Natalidad.twb,Características - Jerarquía,[federated.0qiz8oi1sb3cd813zi06q01yhyh5].[none:Visualizar Indicadores (copy)_4723009404679073821:nk],categorical,"{""class"": ""categorical"", ""column"": ""[federated.0qiz8oi1sb3cd813zi06q01yhyh5].[none:Visualizar Indicadores (copy)_4723009404679073821:nk]"", ""filter-group"": ""12""}","[{""function"": ""member"", ""level"": ""[none:Visualizar Indicadores (copy)_4723009404679073821:nk]"", ""member"": ""true"", ""{http://www.tableausoftware.com/xml/user}ui-domain"": ""relevant"", ""{http://www.tableausoftware.com/xml/user}ui-enumeration"": ""inclusive"", ""{http://www.tableausoftware.com/xml/user}ui-marker"": ""enumerate""}]"
4_2aNatalidad,DHBEvolucinTemporal,4.2a Natalidad.twb,Características - Torta,[federated.0qiz8oi1sb3cd813zi06q01yhyh5].[DATOS_DISTRIBUCIONES_1],categorical,"{""class"": ""categorical"", ""column"": ""[federated.0qiz8oi1sb3cd813zi06q01yhyh5].[DATOS_DISTRIBUCIONES_1]"", ""filter-group"": ""26""}","[{""function"": ""level-members"", ""level"": ""[TIPO_DE_DATO]"", ""{http://www.tableausoftware.com/xml/user}ui-enumeration"": ""all"", ""{http://www.tableausoftware.com/xml/user}ui-marker"": ""enumerate""}]"
4_2aNatalidad,DHBEvolucinTemporal,4.2a Natalidad.twb,Características - Torta,[federated.0qiz8oi1sb3cd813zi06q01yhyh5].[attr:APERTURA_NIVEL_1:nk],categorical,"{""class"": ""categorical"", ""column"": ""[federated.0qiz8oi1sb3cd813zi06q01yhyh5].[attr:APERTURA_NIVEL_1:nk]""}","[{""function"": ""except"", ""{http://www.tableausoftware.com/xml/user}ui-domain"": ""relevant"", ""{http://www.tableausoftware.com/xml/user}ui-enumeration"": ""exclusive"", ""{http://www.tableausoftware.com/xml/user}ui-manual-selection"": ""true"", ""{http://www.tableausoftware.com/xml/user}ui-manual-selection-all-when-empty"": ""true"", ""{http://www.tableausoftware.com/xml/user}ui-marker"": ""enumerate""}, {""function"": ""level-members"", ""level"": ""[attr:APERTURA_NIVEL_1:nk]""}, {""function"": ""member"", ""level"": ""[attr:APERTURA_NIVEL_1:nk]"", ""member"": ""\""Crédito vigente\""""}]"
4_2aNatalidad,DHBEvolucinTemporal,4.2a Natalidad.twb,Características - Torta,[federated.0qiz8oi1sb3cd813zi06q01yhyh5].[none:ANIO:ok],categorical,"{""class"": ""categorical"", ""column"": ""[federated.0qiz8oi1sb3cd813zi06q01yhyh5].[none:ANIO:ok]"", ""filter-group"": ""6""}","[{""function"": ""level-members"", ""level"": ""[none:ANIO:ok]"", ""{http://www.tableausoftware.com/xml/user}ui-enumeration"": ""all"", ""{http://www.tableausoftware.com/xml/user}ui-marker"": ""enumerate""}]"
4_2aNatalidad,DHBEvolucinTemporal,4.2a Natalidad.twb,Características - Torta,[federated.0qiz8oi1sb3cd813zi06q01yhyh5].[none:APERTURA_NIVEL_1:nk],categorical,"{""class"": ""categorical"", ""column"": ""[federated.0qiz8oi1sb3cd813zi06q01yhyh5].[none:APERTURA_NIVEL_1:nk]"", ""filter-group"": ""11""}","[{""function"": ""level-members"", ""level"": ""[none:APERTURA_NIVEL_1:nk]"", ""{http://www.tableausoftware.com/xml/user}ui-enumeration"": ""all"", ""{http://www.tableausoftware.com/xml/user}ui-marker"": ""enumerate""}]"
4_2aNatalidad,DHBEvolucinTemporal,4.2a Natalidad.twb,Características - Torta,[federated.0qiz8oi1sb3cd813zi06q01yhyh5].[none:Calculation_334673811823804420:nk],categorical,"{""class"": ""categorical"", ""column"": ""[federated.0qiz8oi1sb3cd813zi06q01yhyh5].[none:Calculation_334673811823804420:nk]"", ""filter-group"": ""27""}","[{""function"": ""member"", ""level"": ""[none:Calculation_334673811823804420:nk]"", ""member"": ""true"", ""{http://www.tableausoftware.com/xml/user}ui-domain"": ""relevant"", ""{http://www.tableausoftware.com/xml/user}ui-enumeration"": ""inclusive"", ""{http://www.tableausoftware.com/xml/user}ui-marker"": ""enumerate""}]"
4_2aNatalidad,DHBEvolucinTemporal,4.2a Natalidad.twb,Características - Torta,[federated.0qiz8oi1sb3cd813zi06q01yhyh5].[none:Calculation_334673811825987589:nk],categorical,"{""class"": ""categorical"", ""column"": ""[federated.0qiz8oi1sb3cd813zi06q01yhyh5].[none:Calculation_334673811825987589:nk]"", ""filter-group"": ""8""}","[{""function"": ""member"", ""level"": ""[none:Calculation_334673811825987589:nk]"", ""member"": ""true"", ""{http://www.tableausoftware.com/xml/user}ui-domain"": ""relevant"", ""{http://www.tableausoftware.com/xml/user}ui-enumeration"": ""inclusive"", ""{http://www.tableausoftware.com/xml/user}ui-marker"": ""enumerate""}]"
4_2aNatalidad,DHBEvolucinTemporal,4.2a Natalidad.twb,Características - Torta,[federated.0qiz8oi1sb3cd813zi06q01yhyh5].[none:INDICADOR_NOMBRE (Indicadores):nk],categorical,"{""class"": ""categorical"", ""column"": ""[federated.0qiz8oi1sb3cd813zi06q01yhyh5].[none:INDICADOR_NOMBRE (Indicadores):nk]"", ""filter-group"": ""7""}","[{""function"": ""level-members"", ""level"": ""[none:INDICADOR_NOMBRE (Indicadores):nk]"", ""{http://www.tableausoftware.com/xml/user}ui-enumeration"": ""all"", ""{http://www.tableausoftware.com/xml/user}ui-marker"": ""enumerate""}]"
4_2aNatalidad,DHBEvolucinTemporal,4.2a Natalidad.twb,Características - Torta,[federated.0qiz8oi1sb3cd813zi06q01yhyh5].[none:UNIDAD_GEOGRAFICA_NOMBRE:nk],categorical,"{""class"": ""categorical"", ""column"": ""[federated.0qiz8oi1sb3cd813zi06q01yhyh5].[none:UNIDAD_GEOGRAFICA_NOMBRE:nk]"", ""filter-group"": ""17""}","[{""function"": ""level-members"", ""level"": ""[none:UNIDAD_GEOGRAFICA_NOMBRE:nk]"", ""{http://www.tableausoftware.com/xml/user}ui-enumeration"": ""all"", ""{http://www.tableausoftware.com/xml/user}ui-marker"": ""enumerate""}]"
4_2aNatalidad,DHBEvolucinTemporal,4.2a Natalidad.twb,Características - Torta,[federated.0qiz8oi1sb3cd813zi06q01yhyh5].[none:Visualizar Gráfico Jerarquía (copia)_1886797147614466070:qk],quantitative,"{""class"": ""quantitative"", ""column"": ""[federated.0qiz8oi1sb3cd813zi06q01yhyh5].[none:Visualizar Gráfico Jerarquía (copia)_1886797147614466070:qk]"", ""included-values"": ""in-range-or-null""}",[]
4_2aNatalidad,DHBEvolucinTemporal,4.2a Natalidad.twb,Características - Torta,[federated.0qiz8oi1sb3cd813zi06q01yhyh5].[none:Visualizar Indicadores (copy)_4723009404679073821:nk],categorical,"{""class"": ""categorical"", ""column"": ""[federated.0qiz8oi1sb3cd813zi06q01yhyh5].[none:Visualizar Indicadores (copy)_4723009404679073821:nk]"", ""filter-group"": ""12""}","[{""function"": ""member"", ""level"": ""[none:Visualizar Indicadores (copy)_4723009404679073821:nk]"", ""member"": ""true"", ""{http://www.tableausoftware.com/xml/user}ui-domain"": ""relevant"", ""{http://www.tableausoftware.com/xml/user}ui-enumeration"": ""inclusive"", ""{http://www.tableausoftware.com/xml/user}ui-marker"": ""enumerate""}]"
4_2aNatalidad,DHBEvolucinTemporal,4.2a Natalidad.twb,Características - Título,[federated.0qiz8oi1sb3cd813zi06q01yhyh5].[DATOS_DISTRIBUCIONES_1],categorical,"{""class"": ""categorical"", ""column"": ""[federated.0qiz8oi1sb3cd813zi06q01yhyh5].[DATOS_DISTRIBUCIONES_1]"", ""filter-group"": ""26""}","[{""function"": ""level-members"", ""level"": ""[TIPO_DE_DATO]"", ""{http://www.tableausoftware.com/xml/user}ui-enumeration"": ""all"", ""{http://www.tableausoftware.com/xml/user}ui-marker"": ""enumerate""}]"
4_2aNatalidad,DHBEvolucinTemporal,4.2a Natalidad.twb,Características - Título,[federated.0qiz8oi1sb3cd813zi06q01yhyh5].[none:ANIO:ok],categorical,"{""class"": ""categorical"", ""column"": ""[federated.0qiz8oi1sb3cd813zi06q01yhyh5].[none:ANIO:ok]"", ""filter-group"": ""6""}","[{""function"": ""level-members"", ""level"": ""[none:ANIO:ok]"", ""{http://www.tableausoftware.com/xml/user}ui-enumeration"": ""all"", ""{http://www.tableausoftware.com/xml/user}ui-marker"": ""enumerate""}]"
4_2aNatalidad,DHBEvolucinTemporal,4.2a Natalidad.twb,Características - Título,[federated.0qiz8oi1sb3cd813zi06q01yhyh5].[none:APERTURA_NIVEL_1:nk],categorical,"{""class"": ""categorical"", ""column"": ""[federated.0qiz8oi1sb3cd813zi06q01yhyh5].[none:APERTURA_NIVEL_1:nk]"", ""filter-group"": ""11""}","[{""function"": ""level-members"", ""level"": ""[none:APERTURA_NIVEL_1:nk]"", ""{http://www.tableausoftware.com/xml/user}ui-enumeration"": ""all"", ""{http://www.tableausoftware.com/xml/user}ui-marker"": ""enumerate""}]"
4_2aNatalidad,DHBEvolucinTemporal,4.2a Natalidad.twb,Características - Título,[federated.0qiz8oi1sb3cd813zi06q01yhyh5].[none:Calculation_334673811823804420:nk],categorical,"{""class"": ""categorical"", ""column"": ""[federated.0qiz8oi1sb3cd813zi06q01yhyh5].[none:Calculation_334673811823804420:nk]"", ""filter-group"": ""27""}","[{""function"": ""member"", ""level"": ""[none:Calculation_334673811823804420:nk]"", ""member"": ""true"", ""{http://www.tableausoftware.com/xml/user}ui-domain"": ""relevant"", ""{http://www.tableausoftware.com/xml/user}ui-enumeration"": ""inclusive"", ""{http://www.tableausoftware.com/xml/user}ui-marker"": ""enumerate""}]"
4_2aNatalidad,DHBEvolucinTemporal,4.2a Natalidad.twb,Características - Título,[federated.0qiz8oi1sb3cd813zi06q01yhyh5].[none:Calculation_334673811825987589:nk],categorical,"{""class"": ""categorical"", ""column"": ""[federated.0qiz8oi1sb3cd813zi06q01yhyh5].[none:Calculation_334673811825987589:nk]"", ""filter-group"": ""8""}","[{""function"": ""member"", ""level"": ""[none:Calculation_334673811825987589:nk]"", ""member"": ""true"", ""{http://www.tableausoftware.com/xml/user}ui-domain"": ""relevant"", ""{http://www.tableausoftware.com/xml/user}ui-enumeration"": ""inclusive"", ""{http://www.tableausoftware.com/xml/user}ui-marker"": ""enumerate""}]"
4_2aNatalidad,DHBEvolucinTemporal,4.2a Natalidad.twb,Características - Título,[federated.0qiz8oi1sb3cd813zi06q01yhyh5].[none:INDICADOR_NOMBRE (Indicadores):nk],categorical,"{""class"": ""categorical"", ""column"": ""[federated.0qiz8oi1sb3cd813zi06q01yhyh5].[none:INDICADOR_NOMBRE (Indicadores):nk]"", ""filter-group"": ""7""}","[{""function"": ""level-members"", ""level"": ""[none:INDICADOR_NOMBRE (Indicadores):nk]"", ""{http://www.tableausoftware.com/xml/user}ui-enumeration"": ""all"", ""{http://www.tableausoftware.com/xml/user}ui-marker"": ""enumerate""}]"
4_2aNatalidad,DHBEvolucinTemporal,4.2a Natalidad.twb,Características - Título,[federated.0qiz8oi1sb3cd813zi06q01yhyh5].[none:UNIDAD_GEOGRAFICA_NOMBRE:nk],categorical,"{""class"": ""categorical"", ""column"": ""[federated.0qiz8oi1sb3cd813zi06q01yhyh5].[none:UNIDAD_GEOGRAFICA_NOMBRE:nk]"", ""filter-group"": ""17""}","[{""function"": ""level-members"", ""level"": ""[none:UNIDAD_GEOGRAFICA_NOMBRE:nk]"", ""{http://www.tableausoftware.com/xml/user}ui-enumeration"": ""all"", ""{http://www.tableausoftware.com/xml/user}ui-marker"": ""enumerate""}]"
4_2aNatalidad,DHBEvolucinTemporal,4.2a Natalidad.twb,Características - Título,[federated.0qiz8oi1sb3cd813zi06q01yhyh5].[none:Visualizar Indicadores (copy)_4723009404679073821:nk],categorical,"{""class"": ""categorical"", ""column"": ""[federated.0qiz8oi1sb3cd813zi06q01yhyh5].[none:Visualizar Indicadores (copy)_4723009404679073821:nk]"", ""filter-group"": ""12""}","[{""function"": ""member"", ""level"": ""[none:Visualizar Indicadores (copy)_4723009404679073821:nk]"", ""member"": ""true"", ""{http://www.tableausoftware.com/xml/user}ui-domain"": ""relevant"", ""{http://www.tableausoftware.com/xml/user}ui-enumeration"": ""inclusive"", ""{http://www.tableausoftware.com/xml/user}ui-marker"": ""enumerate""}]"
4_2aNatalidad,DHBEvolucinTemporal,4.2a Natalidad.twb,Características- Filtro Indicador,[federated.0qiz8oi1sb3cd813zi06q01yhyh5].[DATOS_DISTRIBUCIONES_1],categorical,"{""class"": ""categorical"", ""column"": ""[federated.0qiz8oi1sb3cd813zi06q01yhyh5].[DATOS_DISTRIBUCIONES_1]"", ""filter-group"": ""26""}","[{""function"": ""level-members"", ""level"": ""[TIPO_DE_DATO]"", ""{http://www.tableausoftware.com/xml/user}ui-enumeration"": ""all"", ""{http://www.tableausoftware.com/xml/user}ui-marker"": ""enumerate""}]"
4_2aNatalidad,DHBEvolucinTemporal,4.2a Natalidad.twb,Características- Filtro Indicador,[federated.0qiz8oi1sb3cd813zi06q01yhyh5].[none:ANIO:ok],categorical,"{""class"": ""categorical"", ""column"": ""[federated.0qiz8oi1sb3cd813zi06q01yhyh5].[none:ANIO:ok]"", ""filter-group"": ""6""}","[{""function"": ""level-members"", ""level"": ""[none:ANIO:ok]"", ""{http://www.tableausoftware.com/xml/user}ui-enumeration"": ""all"", ""{http://www.tableausoftware.com/xml/user}ui-marker"": ""enumerate""}]"
4_2aNatalidad,DHBEvolucinTemporal,4.2a Natalidad.twb,Características- Filtro Indicador,[federated.0qiz8oi1sb3cd813zi06q01yhyh5].[none:APERTURA_NIVEL_1:nk],categorical,"{""class"": ""categorical"", ""column"": ""[federated.0qiz8oi1sb3cd813zi06q01yhyh5].[none:APERTURA_NIVEL_1:nk]"", ""filter-group"": ""11""}","[{""function"": ""level-members"", ""level"": ""[none:APERTURA_NIVEL_1:nk]"", ""{http://www.tableausoftware.com/xml/user}ui-enumeration"": ""all"", ""{http://www.tableausoftware.com/xml/user}ui-marker"": ""enumerate""}]"
4_2aNatalidad,DHBEvolucinTemporal,4.2a Natalidad.twb,Características- Filtro Indicador,[federated.0qiz8oi1sb3cd813zi06q01yhyh5].[none:Calculation_334673811823804420:nk],categorical,"{""class"": ""categorical"", ""column"": ""[federated.0qiz8oi1sb3cd813zi06q01yhyh5].[none:Calculation_334673811823804420:nk]"", ""filter-group"": ""27""}","[{""function"": ""member"", ""level"": ""[none:Calculation_334673811823804420:nk]"", ""member"": ""true"", ""{http://www.tableausoftware.com/xml/user}ui-domain"": ""relevant"", ""{http://www.tableausoftware.com/xml/user}ui-enumeration"": ""inclusive"", ""{http://www.tableausoftware.com/xml/user}ui-marker"": ""enumerate""}]"
4_2aNatalidad,DHBEvolucinTemporal,4.2a Natalidad.twb,Características- Filtro Indicador,[federated.0qiz8oi1sb3cd813zi06q01yhyh5].[none:INDICADOR_NOMBRE (Indicadores):nk],categorical,"{""class"": ""categorical"", ""column"": ""[federated.0qiz8oi1sb3cd813zi06q01yhyh5].[none:INDICADOR_NOMBRE (Indicadores):nk]"", ""filter-group"": ""7""}","[{""function"": ""level-members"", ""level"": ""[none:INDICADOR_NOMBRE (Indicadores):nk]"", ""{http://www.tableausoftware.com/xml/user}ui-enumeration"": ""all"", ""{http://www.tableausoftware.com/xml/user}ui-marker"": ""enumerate""}]"
4_2aNatalidad,DHBEvolucinTemporal,4.2a Natalidad.twb,Características- Filtro Indicador,[federated.0qiz8oi1sb3cd813zi06q01yhyh5].[none:UNIDAD_GEOGRAFICA_NOMBRE:nk],categorical,"{""class"": ""categorical"", ""column"": ""[federated.0qiz8oi1sb3cd813zi06q01yhyh5].[none:UNIDAD_GEOGRAFICA_NOMBRE:nk]"", ""filter-group"": ""17""}","[{""function"": ""level-members"", ""level"": ""[none:UNIDAD_GEOGRAFICA_NOMBRE:nk]"", ""{http://www.tableausoftware.com/xml/user}ui-enumeration"": ""all"", ""{http://www.tableausoftware.com/xml/user}ui-marker"": ""enumerate""}]"
4_2aNatalidad,DHBEvolucinTemporal,4.2a Natalidad.twb,Cruces Relevantes - Aperturas - Barras,[federated.0qiz8oi1sb3cd813zi06q01yhyh5].[DATOS_APERTURAS_1],categorical,"{""class"": ""categorical"", ""column"": ""[federated.0qiz8oi1sb3cd813zi06q01yhyh5].[DATOS_APERTURAS_1]"", ""filter-group"": ""14""}","[{""function"": ""level-members"", ""level"": ""[TIPO_DE_DATO]"", ""{http://www.tableausoftware.com/xml/user}ui-enumeration"": ""all"", ""{http://www.tableausoftware.com/xml/user}ui-marker"": ""enumerate""}]"
4_2aNatalidad,DHBEvolucinTemporal,4.2a Natalidad.twb,Cruces Relevantes - Aperturas - Barras,[federated.0qiz8oi1sb3cd813zi06q01yhyh5].[attr:APERTURA_DESCRIPCION:nk],categorical,"{""class"": ""categorical"", ""column"": ""[federated.0qiz8oi1sb3cd813zi06q01yhyh5].[attr:APERTURA_DESCRIPCION:nk]""}","[{""function"": ""level-members"", ""level"": ""[attr:APERTURA_DESCRIPCION:nk]"", ""{http://www.tableausoftware.com/xml/user}ui-enumeration"": ""all"", ""{http://www.tableausoftware.com/xml/user}ui-marker"": ""enumerate""}]"
4_2aNatalidad,DHBEvolucinTemporal,4.2a Natalidad.twb,Cruces Relevantes - Aperturas - Barras,[federated.0qiz8oi1sb3cd813zi06q01yhyh5].[none:ANIO:ok],categorical,"{""class"": ""categorical"", ""column"": ""[federated.0qiz8oi1sb3cd813zi06q01yhyh5].[none:ANIO:ok]"", ""filter-group"": ""5""}","[{""function"": ""level-members"", ""level"": ""[none:ANIO:ok]"", ""{http://www.tableausoftware.com/xml/user}ui-enumeration"": ""all"", ""{http://www.tableausoftware.com/xml/user}ui-marker"": ""enumerate""}]"
4_2aNatalidad,DHBEvolucinTemporal,4.2a Natalidad.twb,Cruces Relevantes - Aperturas - Barras,[federated.0qiz8oi1sb3cd813zi06q01yhyh5].[none:APERTURA_DESCRIPCION:nk],categorical,"{""class"": ""categorical"", ""column"": ""[federated.0qiz8oi1sb3cd813zi06q01yhyh5].[none:APERTURA_DESCRIPCION:nk]"", ""filter-group"": ""15""}","[{""function"": ""level-members"", ""level"": ""[none:APERTURA_DESCRIPCION:nk]"", ""{http://www.tableausoftware.com/xml/user}ui-enumeration"": ""all"", ""{http://www.tableausoftware.com/xml/user}ui-marker"": ""enumerate""}]"
4_2aNatalidad,DHBEvolucinTemporal,4.2a Natalidad.twb,Cruces Relevantes - Aperturas - Barras,[federated.0qiz8oi1sb3cd813zi06q01yhyh5].[none:BTN Mostrar Gráficos Caracteristicas (copy)_54254335857942529:nk],categorical,"{""class"": ""categorical"", ""column"": ""[federated.0qiz8oi1sb3cd813zi06q01yhyh5].[none:BTN Mostrar Gráficos Caracteristicas (copy)_54254335857942529:nk]""}","[{""function"": ""member"", ""level"": ""[none:BTN Mostrar Gráficos Caracteristicas (copy)_54254335857942529:nk]"", ""member"": ""true"", ""{http://www.tableausoftware.com/xml/user}ui-domain"": ""relevant"", ""{http://www.tableausoftware.com/xml/user}ui-enumeration"": ""inclusive"", ""{http://www.tableausoftware.com/xml/user}ui-marker"": ""enumerate""}]"
4_2aNatalidad,DHBEvolucinTemporal,4.2a Natalidad.twb,Cruces Relevantes - Aperturas - Barras,[federated.0qiz8oi1sb3cd813zi06q01yhyh5].[none:Calculation_334673811823804420:nk],categorical,"{""class"": ""categorical"", ""column"": ""[federated.0qiz8oi1sb3cd813zi06q01yhyh5].[none:Calculation_334673811823804420:nk]"", ""filter-group"": ""27""}","[{""function"": ""member"", ""level"": ""[none:Calculation_334673811823804420:nk]"", ""member"": ""true"", ""{http://www.tableausoftware.com/xml/user}ui-domain"": ""relevant"", ""{http://www.tableausoftware.com/xml/user}ui-enumeration"": ""inclusive"", ""{http://www.tableausoftware.com/xml/user}ui-marker"": ""enumerate""}]"
4_2aNatalidad,DHBEvolucinTemporal,4.2a Natalidad.twb,Cruces Relevantes - Aperturas - Barras,[federated.0qiz8oi1sb3cd813zi06q01yhyh5].[none:Calculation_334673811825987589:nk],categorical,"{""class"": ""categorical"", ""column"": ""[federated.0qiz8oi1sb3cd813zi06q01yhyh5].[none:Calculation_334673811825987589:nk]""}","[{""function"": ""member"", ""level"": ""[none:Calculation_334673811825987589:nk]"", ""member"": ""true"", ""{http://www.tableausoftware.com/xml/user}ui-domain"": ""relevant"", ""{http://www.tableausoftware.com/xml/user}ui-enumeration"": ""inclusive"", ""{http://www.tableausoftware.com/xml/user}ui-marker"": ""enumerate""}]"
4_2aNatalidad,DHBEvolucinTemporal,4.2a Natalidad.twb,Cruces Relevantes - Aperturas - Barras,[federated.0qiz8oi1sb3cd813zi06q01yhyh5].[none:Calculation_5425289489148153872:nk],categorical,"{""class"": ""categorical"", ""column"": ""[federated.0qiz8oi1sb3cd813zi06q01yhyh5].[none:Calculation_5425289489148153872:nk]""}","[{""function"": ""member"", ""level"": ""[none:Calculation_5425289489148153872:nk]"", ""member"": ""false"", ""{http://www.tableausoftware.com/xml/user}ui-domain"": ""relevant"", ""{http://www.tableausoftware.com/xml/user}ui-enumeration"": ""inclusive"", ""{http://www.tableausoftware.com/xml/user}ui-marker"": ""enumerate""}]"
4_2aNatalidad,DHBEvolucinTemporal,4.2a Natalidad.twb,Cruces Relevantes - Aperturas - Barras,[federated.0qiz8oi1sb3cd813zi06q01yhyh5].[none:INDICADOR_NOMBRE (Indicadores):nk],categorical,"{""class"": ""categorical"", ""column"": ""[federated.0qiz8oi1sb3cd813zi06q01yhyh5].[none:INDICADOR_NOMBRE (Indicadores):nk]"", ""filter-group"": ""3""}","[{""function"": ""level-members"", ""level"": ""[none:INDICADOR_NOMBRE (Indicadores):nk]"", ""{http://www.tableausoftware.com/xml/user}ui-enumeration"": ""all"", ""{http://www.tableausoftware.com/xml/user}ui-marker"": ""enumerate""}]"
4_2aNatalidad,DHBEvolucinTemporal,4.2a Natalidad.twb,Cruces Relevantes - Aperturas - Barras,[federated.0qiz8oi1sb3cd813zi06q01yhyh5].[none:UNIDAD_GEOGRAFICA_NOMBRE:nk],categorical,"{""class"": ""categorical"", ""column"": ""[federated.0qiz8oi1sb3cd813zi06q01yhyh5].[none:UNIDAD_GEOGRAFICA_NOMBRE:nk]"", ""filter-group"": ""23""}","[{""function"": ""level-members"", ""level"": ""[none:UNIDAD_GEOGRAFICA_NOMBRE:nk]"", ""{http://www.tableausoftware.com/xml/user}ui-enumeration"": ""all"", ""{http://www.tableausoftware.com/xml/user}ui-marker"": ""enumerate""}]"
4_2aNatalidad,DHBEvolucinTemporal,4.2a Natalidad.twb,Cruces Relevantes - Aperturas - Barras,[federated.0qiz8oi1sb3cd813zi06q01yhyh5].[none:Visualizar Desagregaciones (copia)_541839333440749569:qk],quantitative,"{""class"": ""quantitative"", ""column"": ""[federated.0qiz8oi1sb3cd813zi06q01yhyh5].[none:Visualizar Desagregaciones (copia)_541839333440749569:qk]"", ""included-values"": ""in-range-or-null""}",[]
4_2aNatalidad,DHBEvolucinTemporal,4.2a Natalidad.twb,Cruces Relevantes - Aperturas - Tabla,[federated.0qiz8oi1sb3cd813zi06q01yhyh5].[DATOS_APERTURAS_1],categorical,"{""class"": ""categorical"", ""column"": ""[federated.0qiz8oi1sb3cd813zi06q01yhyh5].[DATOS_APERTURAS_1]"", ""filter-group"": ""14""}","[{""function"": ""level-members"", ""level"": ""[TIPO_DE_DATO]"", ""{http://www.tableausoftware.com/xml/user}ui-enumeration"": ""all"", ""{http://www.tableausoftware.com/xml/user}ui-marker"": ""enumerate""}]"
4_2aNatalidad,DHBEvolucinTemporal,4.2a Natalidad.twb,Cruces Relevantes - Aperturas - Tabla,[federated.0qiz8oi1sb3cd813zi06q01yhyh5].[none:ANIO:ok],categorical,"{""class"": ""categorical"", ""column"": ""[federated.0qiz8oi1sb3cd813zi06q01yhyh5].[none:ANIO:ok]"", ""filter-group"": ""5""}","[{""function"": ""level-members"", ""level"": ""[none:ANIO:ok]"", ""{http://www.tableausoftware.com/xml/user}ui-enumeration"": ""all"", ""{http://www.tableausoftware.com/xml/user}ui-marker"": ""enumerate""}]"
4_2aNatalidad,DHBEvolucinTemporal,4.2a Natalidad.twb,Cruces Relevantes - Aperturas - Tabla,[federated.0qiz8oi1sb3cd813zi06q01yhyh5].[none:APERTURA_DESCRIPCION:nk],categorical,"{""class"": ""categorical"", ""column"": ""[federated.0qiz8oi1sb3cd813zi06q01yhyh5].[none:APERTURA_DESCRIPCION:nk]"", ""filter-group"": ""15""}","[{""function"": ""level-members"", ""level"": ""[none:APERTURA_DESCRIPCION:nk]"", ""{http://www.tableausoftware.com/xml/user}ui-enumeration"": ""all"", ""{http://www.tableausoftware.com/xml/user}ui-marker"": ""enumerate""}]"
4_2aNatalidad,DHBEvolucinTemporal,4.2a Natalidad.twb,Cruces Relevantes - Aperturas - Tabla,[federated.0qiz8oi1sb3cd813zi06q01yhyh5].[none:BTN Mostrar Gráficos Caracteristicas (copy)_54254335857942529:nk],categorical,"{""class"": ""categorical"", ""column"": ""[federated.0qiz8oi1sb3cd813zi06q01yhyh5].[none:BTN Mostrar Gráficos Caracteristicas (copy)_54254335857942529:nk]""}","[{""function"": ""member"", ""level"": ""[none:BTN Mostrar Gráficos Caracteristicas (copy)_54254335857942529:nk]"", ""member"": ""true"", ""{http://www.tableausoftware.com/xml/user}ui-domain"": ""relevant"", ""{http://www.tableausoftware.com/xml/user}ui-enumeration"": ""inclusive"", ""{http://www.tableausoftware.com/xml/user}ui-marker"": ""enumerate""}]"
4_2aNatalidad,DHBEvolucinTemporal,4.2a Natalidad.twb,Cruces Relevantes - Aperturas - Tabla,[federated.0qiz8oi1sb3cd813zi06q01yhyh5].[none:Calculation_334673811823804420:nk],categorical,"{""class"": ""categorical"", ""column"": ""[federated.0qiz8oi1sb3cd813zi06q01yhyh5].[none:Calculation_334673811823804420:nk]"", ""filter-group"": ""27""}","[{""function"": ""member"", ""level"": ""[none:Calculation_334673811823804420:nk]"", ""member"": ""true"", ""{http://www.tableausoftware.com/xml/user}ui-domain"": ""relevant"", ""{http://www.tableausoftware.com/xml/user}ui-enumeration"": ""inclusive"", ""{http://www.tableausoftware.com/xml/user}ui-marker"": ""enumerate""}]"
4_2aNatalidad,DHBEvolucinTemporal,4.2a Natalidad.twb,Cruces Relevantes - Aperturas - Tabla,[federated.0qiz8oi1sb3cd813zi06q01yhyh5].[none:Calculation_334673811825987589:nk],categorical,"{""class"": ""categorical"", ""column"": ""[federated.0qiz8oi1sb3cd813zi06q01yhyh5].[none:Calculation_334673811825987589:nk]""}","[{""function"": ""member"", ""level"": ""[none:Calculation_334673811825987589:nk]"", ""member"": ""true"", ""{http://www.tableausoftware.com/xml/user}ui-domain"": ""relevant"", ""{http://www.tableausoftware.com/xml/user}ui-enumeration"": ""inclusive"", ""{http://www.tableausoftware.com/xml/user}ui-marker"": ""enumerate""}]"
4_2aNatalidad,DHBEvolucinTemporal,4.2a Natalidad.twb,Cruces Relevantes - Aperturas - Tabla,[federated.0qiz8oi1sb3cd813zi06q01yhyh5].[none:Calculation_5425289489148153872:nk],categorical,"{""class"": ""categorical"", ""column"": ""[federated.0qiz8oi1sb3cd813zi06q01yhyh5].[none:Calculation_5425289489148153872:nk]""}","[{""function"": ""member"", ""level"": ""[none:Calculation_5425289489148153872:nk]"", ""member"": ""false"", ""{http://www.tableausoftware.com/xml/user}ui-domain"": ""relevant"", ""{http://www.tableausoftware.com/xml/user}ui-enumeration"": ""inclusive"", ""{http://www.tableausoftware.com/xml/user}ui-marker"": ""enumerate""}]"
4_2aNatalidad,DHBEvolucinTemporal,4.2a Natalidad.twb,Cruces Relevantes - Aperturas - Tabla,[federated.0qiz8oi1sb3cd813zi06q01yhyh5].[none:INDICADOR_NOMBRE (Indicadores):nk],categorical,"{""class"": ""categorical"", ""column"": ""[federated.0qiz8oi1sb3cd813zi06q01yhyh5].[none:INDICADOR_NOMBRE (Indicadores):nk]"", ""filter-group"": ""3""}","[{""function"": ""level-members"", ""level"": ""[none:INDICADOR_NOMBRE (Indicadores):nk]"", ""{http://www.tableausoftware.com/xml/user}ui-enumeration"": ""all"", ""{http://www.tableausoftware.com/xml/user}ui-marker"": ""enumerate""}]"
4_2aNatalidad,DHBEvolucinTemporal,4.2a Natalidad.twb,Cruces Relevantes - Aperturas - Tabla,[federated.0qiz8oi1sb3cd813zi06q01yhyh5].[none:UNIDAD_GEOGRAFICA_NOMBRE:nk],categorical,"{""class"": ""categorical"", ""column"": ""[federated.0qiz8oi1sb3cd813zi06q01yhyh5].[none:UNIDAD_GEOGRAFICA_NOMBRE:nk]"", ""filter-group"": ""23""}","[{""function"": ""level-members"", ""level"": ""[none:UNIDAD_GEOGRAFICA_NOMBRE:nk]"", ""{http://www.tableausoftware.com/xml/user}ui-enumeration"": ""all"", ""{http://www.tableausoftware.com/xml/user}ui-marker"": ""enumerate""}]"
4_2aNatalidad,DHBEvolucinTemporal,4.2a Natalidad.twb,Cruces Relevantes - Aperturas - Tabla,[federated.0qiz8oi1sb3cd813zi06q01yhyh5].[none:Visualizar Desagregaciones Barra (copia)_541839333440913410:qk],quantitative,"{""class"": ""quantitative"", ""column"": ""[federated.0qiz8oi1sb3cd813zi06q01yhyh5].[none:Visualizar Desagregaciones Barra (copia)_541839333440913410:qk]"", ""included-values"": ""in-range-or-null""}",[]
4_2aNatalidad,DHBEvolucinTemporal,4.2a Natalidad.twb,Cruces Relevantes - Aperturas y Grupos - Barras,[federated.0qiz8oi1sb3cd813zi06q01yhyh5].[DATOS_APERTURAS_1],categorical,"{""class"": ""categorical"", ""column"": ""[federated.0qiz8oi1sb3cd813zi06q01yhyh5].[DATOS_APERTURAS_1]"", ""filter-group"": ""14""}","[{""function"": ""level-members"", ""level"": ""[TIPO_DE_DATO]"", ""{http://www.tableausoftware.com/xml/user}ui-enumeration"": ""all"", ""{http://www.tableausoftware.com/xml/user}ui-marker"": ""enumerate""}]"
4_2aNatalidad,DHBEvolucinTemporal,4.2a Natalidad.twb,Cruces Relevantes - Aperturas y Grupos - Barras,[federated.0qiz8oi1sb3cd813zi06q01yhyh5].[none:ANIO:ok],categorical,"{""class"": ""categorical"", ""column"": ""[federated.0qiz8oi1sb3cd813zi06q01yhyh5].[none:ANIO:ok]"", ""filter-group"": ""5""}","[{""function"": ""level-members"", ""level"": ""[none:ANIO:ok]"", ""{http://www.tableausoftware.com/xml/user}ui-enumeration"": ""all"", ""{http://www.tableausoftware.com/xml/user}ui-marker"": ""enumerate""}]"
4_2aNatalidad,DHBEvolucinTemporal,4.2a Natalidad.twb,Cruces Relevantes - Aperturas y Grupos - Barras,[federated.0qiz8oi1sb3cd813zi06q01yhyh5].[none:APERTURA_DESCRIPCION:nk],categorical,"{""class"": ""categorical"", ""column"": ""[federated.0qiz8oi1sb3cd813zi06q01yhyh5].[none:APERTURA_DESCRIPCION:nk]"", ""filter-group"": ""15""}","[{""function"": ""level-members"", ""level"": ""[none:APERTURA_DESCRIPCION:nk]"", ""{http://www.tableausoftware.com/xml/user}ui-enumeration"": ""all"", ""{http://www.tableausoftware.com/xml/user}ui-marker"": ""enumerate""}]"
4_2aNatalidad,DHBEvolucinTemporal,4.2a Natalidad.twb,Cruces Relevantes - Aperturas y Grupos - Barras,[federated.0qiz8oi1sb3cd813zi06q01yhyh5].[none:BTN Mostrar Gráficos Caracteristicas (copy)_54254335857942529:nk],categorical,"{""class"": ""categorical"", ""column"": ""[federated.0qiz8oi1sb3cd813zi06q01yhyh5].[none:BTN Mostrar Gráficos Caracteristicas (copy)_54254335857942529:nk]""}","[{""function"": ""member"", ""level"": ""[none:BTN Mostrar Gráficos Caracteristicas (copy)_54254335857942529:nk]"", ""member"": ""true"", ""{http://www.tableausoftware.com/xml/user}ui-domain"": ""relevant"", ""{http://www.tableausoftware.com/xml/user}ui-enumeration"": ""inclusive"", ""{http://www.tableausoftware.com/xml/user}ui-marker"": ""enumerate""}]"
4_2aNatalidad,DHBEvolucinTemporal,4.2a Natalidad.twb,Cruces Relevantes - Aperturas y Grupos - Barras,[federated.0qiz8oi1sb3cd813zi06q01yhyh5].[none:Calculation_334673811823804420:nk],categorical,"{""class"": ""categorical"", ""column"": ""[federated.0qiz8oi1sb3cd813zi06q01yhyh5].[none:Calculation_334673811823804420:nk]"", ""filter-group"": ""27""}","[{""function"": ""member"", ""level"": ""[none:Calculation_334673811823804420:nk]"", ""member"": ""true"", ""{http://www.tableausoftware.com/xml/user}ui-domain"": ""relevant"", ""{http://www.tableausoftware.com/xml/user}ui-enumeration"": ""inclusive"", ""{http://www.tableausoftware.com/xml/user}ui-marker"": ""enumerate""}]"
4_2aNatalidad,DHBEvolucinTemporal,4.2a Natalidad.twb,Cruces Relevantes - Aperturas y Grupos - Barras,[federated.0qiz8oi1sb3cd813zi06q01yhyh5].[none:Calculation_334673811825987589:nk],categorical,"{""class"": ""categorical"", ""column"": ""[federated.0qiz8oi1sb3cd813zi06q01yhyh5].[none:Calculation_334673811825987589:nk]""}","[{""function"": ""member"", ""level"": ""[none:Calculation_334673811825987589:nk]"", ""member"": ""true"", ""{http://www.tableausoftware.com/xml/user}ui-domain"": ""relevant"", ""{http://www.tableausoftware.com/xml/user}ui-enumeration"": ""inclusive"", ""{http://www.tableausoftware.com/xml/user}ui-marker"": ""enumerate""}]"
4_2aNatalidad,DHBEvolucinTemporal,4.2a Natalidad.twb,Cruces Relevantes - Aperturas y Grupos - Barras,[federated.0qiz8oi1sb3cd813zi06q01yhyh5].[none:Calculation_5425289489148153872:nk],categorical,"{""class"": ""categorical"", ""column"": ""[federated.0qiz8oi1sb3cd813zi06q01yhyh5].[none:Calculation_5425289489148153872:nk]""}","[{""function"": ""member"", ""level"": ""[none:Calculation_5425289489148153872:nk]"", ""member"": ""true"", ""{http://www.tableausoftware.com/xml/user}ui-domain"": ""relevant"", ""{http://www.tableausoftware.com/xml/user}ui-enumeration"": ""inclusive"", ""{http://www.tableausoftware.com/xml/user}ui-marker"": ""enumerate""}]"
4_2aNatalidad,DHBEvolucinTemporal,4.2a Natalidad.twb,Cruces Relevantes - Aperturas y Grupos - Barras,[federated.0qiz8oi1sb3cd813zi06q01yhyh5].[none:INDICADOR_NOMBRE (Indicadores):nk],categorical,"{""class"": ""categorical"", ""column"": ""[federated.0qiz8oi1sb3cd813zi06q01yhyh5].[none:INDICADOR_NOMBRE (Indicadores):nk]"", ""filter-group"": ""3""}","[{""function"": ""level-members"", ""level"": ""[none:INDICADOR_NOMBRE (Indicadores):nk]"", ""{http://www.tableausoftware.com/xml/user}ui-enumeration"": ""all"", ""{http://www.tableausoftware.com/xml/user}ui-marker"": ""enumerate""}]"
4_2aNatalidad,DHBEvolucinTemporal,4.2a Natalidad.twb,Cruces Relevantes - Aperturas y Grupos - Barras,[federated.0qiz8oi1sb3cd813zi06q01yhyh5].[none:UNIDAD_GEOGRAFICA_NOMBRE:nk],categorical,"{""class"": ""categorical"", ""column"": ""[federated.0qiz8oi1sb3cd813zi06q01yhyh5].[none:UNIDAD_GEOGRAFICA_NOMBRE:nk]"", ""filter-group"": ""23""}","[{""function"": ""level-members"", ""level"": ""[none:UNIDAD_GEOGRAFICA_NOMBRE:nk]"", ""{http://www.tableausoftware.com/xml/user}ui-enumeration"": ""all"", ""{http://www.tableausoftware.com/xml/user}ui-marker"": ""enumerate""}]"
4_2aNatalidad,DHBEvolucinTemporal,4.2a Natalidad.twb,Cruces Relevantes - Aperturas y Grupos - Barras,[federated.0qiz8oi1sb3cd813zi06q01yhyh5].[none:Visualizar Desagregaciones (copia)_541839333440749569:qk],quantitative,"{""class"": ""quantitative"", ""column"": ""[federated.0qiz8oi1sb3cd813zi06q01yhyh5].[none:Visualizar Desagregaciones (copia)_541839333440749569:qk]"", ""included-values"": ""in-range-or-null""}",[]
4_2aNatalidad,DHBEvolucinTemporal,4.2a Natalidad.twb,Cruces Relevantes - Aperturas y Grupos - Tabla,[federated.0qiz8oi1sb3cd813zi06q01yhyh5].[DATOS_APERTURAS_1],categorical,"{""class"": ""categorical"", ""column"": ""[federated.0qiz8oi1sb3cd813zi06q01yhyh5].[DATOS_APERTURAS_1]"", ""filter-group"": ""14""}","[{""function"": ""level-members"", ""level"": ""[TIPO_DE_DATO]"", ""{http://www.tableausoftware.com/xml/user}ui-enumeration"": ""all"", ""{http://www.tableausoftware.com/xml/user}ui-marker"": ""enumerate""}]"
4_2aNatalidad,DHBEvolucinTemporal,4.2a Natalidad.twb,Cruces Relevantes - Aperturas y Grupos - Tabla,[federated.0qiz8oi1sb3cd813zi06q01yhyh5].[none:ANIO:ok],categorical,"{""class"": ""categorical"", ""column"": ""[federated.0qiz8oi1sb3cd813zi06q01yhyh5].[none:ANIO:ok]"", ""filter-group"": ""5""}","[{""function"": ""level-members"", ""level"": ""[none:ANIO:ok]"", ""{http://www.tableausoftware.com/xml/user}ui-enumeration"": ""all"", ""{http://www.tableausoftware.com/xml/user}ui-marker"": ""enumerate""}]"
4_2aNatalidad,DHBEvolucinTemporal,4.2a Natalidad.twb,Cruces Relevantes - Aperturas y Grupos - Tabla,[federated.0qiz8oi1sb3cd813zi06q01yhyh5].[none:APERTURA_DESCRIPCION:nk],categorical,"{""class"": ""categorical"", ""column"": ""[federated.0qiz8oi1sb3cd813zi06q01yhyh5].[none:APERTURA_DESCRIPCION:nk]"", ""filter-group"": ""15""}","[{""function"": ""level-members"", ""level"": ""[none:APERTURA_DESCRIPCION:nk]"", ""{http://www.tableausoftware.com/xml/user}ui-enumeration"": ""all"", ""{http://www.tableausoftware.com/xml/user}ui-marker"": ""enumerate""}]"
4_2aNatalidad,DHBEvolucinTemporal,4.2a Natalidad.twb,Cruces Relevantes - Aperturas y Grupos - Tabla,[federated.0qiz8oi1sb3cd813zi06q01yhyh5].[none:BTN Mostrar Gráficos Caracteristicas (copy)_54254335857942529:nk],categorical,"{""class"": ""categorical"", ""column"": ""[federated.0qiz8oi1sb3cd813zi06q01yhyh5].[none:BTN Mostrar Gráficos Caracteristicas (copy)_54254335857942529:nk]""}","[{""function"": ""member"", ""level"": ""[none:BTN Mostrar Gráficos Caracteristicas (copy)_54254335857942529:nk]"", ""member"": ""true"", ""{http://www.tableausoftware.com/xml/user}ui-domain"": ""relevant"", ""{http://www.tableausoftware.com/xml/user}ui-enumeration"": ""inclusive"", ""{http://www.tableausoftware.com/xml/user}ui-marker"": ""enumerate""}]"
4_2aNatalidad,DHBEvolucinTemporal,4.2a Natalidad.twb,Cruces Relevantes - Aperturas y Grupos - Tabla,[federated.0qiz8oi1sb3cd813zi06q01yhyh5].[none:Calculation_334673811823804420:nk],categorical,"{""class"": ""categorical"", ""column"": ""[federated.0qiz8oi1sb3cd813zi06q01yhyh5].[none:Calculation_334673811823804420:nk]"", ""filter-group"": ""27""}","[{""function"": ""member"", ""level"": ""[none:Calculation_334673811823804420:nk]"", ""member"": ""true"", ""{http://www.tableausoftware.com/xml/user}ui-domain"": ""relevant"", ""{http://www.tableausoftware.com/xml/user}ui-enumeration"": ""inclusive"", ""{http://www.tableausoftware.com/xml/user}ui-marker"": ""enumerate""}]"
4_2aNatalidad,DHBEvolucinTemporal,4.2a Natalidad.twb,Cruces Relevantes - Aperturas y Grupos - Tabla,[federated.0qiz8oi1sb3cd813zi06q01yhyh5].[none:Calculation_334673811825987589:nk],categorical,"{""class"": ""categorical"", ""column"": ""[federated.0qiz8oi1sb3cd813zi06q01yhyh5].[none:Calculation_334673811825987589:nk]""}","[{""function"": ""member"", ""level"": ""[none:Calculation_334673811825987589:nk]"", ""member"": ""true"", ""{http://www.tableausoftware.com/xml/user}ui-domain"": ""relevant"", ""{http://www.tableausoftware.com/xml/user}ui-enumeration"": ""inclusive"", ""{http://www.tableausoftware.com/xml/user}ui-marker"": ""enumerate""}]"
4_2aNatalidad,DHBEvolucinTemporal,4.2a Natalidad.twb,Cruces Relevantes - Aperturas y Grupos - Tabla,[federated.0qiz8oi1sb3cd813zi06q01yhyh5].[none:Calculation_5425289489148153872:nk],categorical,"{""class"": ""categorical"", ""column"": ""[federated.0qiz8oi1sb3cd813zi06q01yhyh5].[none:Calculation_5425289489148153872:nk]""}","[{""function"": ""member"", ""level"": ""[none:Calculation_5425289489148153872:nk]"", ""member"": ""true"", ""{http://www.tableausoftware.com/xml/user}ui-domain"": ""relevant"", ""{http://www.tableausoftware.com/xml/user}ui-enumeration"": ""inclusive"", ""{http://www.tableausoftware.com/xml/user}ui-marker"": ""enumerate""}]"
4_2aNatalidad,DHBEvolucinTemporal,4.2a Natalidad.twb,Cruces Relevantes - Aperturas y Grupos - Tabla,[federated.0qiz8oi1sb3cd813zi06q01yhyh5].[none:INDICADOR_NOMBRE (Indicadores):nk],categorical,"{""class"": ""categorical"", ""column"": ""[federated.0qiz8oi1sb3cd813zi06q01yhyh5].[none:INDICADOR_NOMBRE (Indicadores):nk]"", ""filter-group"": ""3""}","[{""function"": ""level-members"", ""level"": ""[none:INDICADOR_NOMBRE (Indicadores):nk]"", ""{http://www.tableausoftware.com/xml/user}ui-enumeration"": ""all"", ""{http://www.tableausoftware.com/xml/user}ui-marker"": ""enumerate""}]"
4_2aNatalidad,DHBEvolucinTemporal,4.2a Natalidad.twb,Cruces Relevantes - Aperturas y Grupos - Tabla,[federated.0qiz8oi1sb3cd813zi06q01yhyh5].[none:UNIDAD_GEOGRAFICA_NOMBRE:nk],categorical,"{""class"": ""categorical"", ""column"": ""[federated.0qiz8oi1sb3cd813zi06q01yhyh5].[none:UNIDAD_GEOGRAFICA_NOMBRE:nk]"", ""filter-group"": ""23""}","[{""function"": ""level-members"", ""level"": ""[none:UNIDAD_GEOGRAFICA_NOMBRE:nk]"", ""{http://www.tableausoftware.com/xml/user}ui-enumeration"": ""all"", ""{http://www.tableausoftware.com/xml/user}ui-marker"": ""enumerate""}]"
4_2aNatalidad,DHBEvolucinTemporal,4.2a Natalidad.twb,Cruces Relevantes - Aperturas y Grupos - Tabla,[federated.0qiz8oi1sb3cd813zi06q01yhyh5].[none:Visualizar Desagregaciones Barra (copia)_541839333440913410:qk],quantitative,"{""class"": ""quantitative"", ""column"": ""[federated.0qiz8oi1sb3cd813zi06q01yhyh5].[none:Visualizar Desagregaciones Barra (copia)_541839333440913410:qk]"", ""included-values"": ""in-range-or-null""}",[]
4_2aNatalidad,DHBEvolucinTemporal,4.2a Natalidad.twb,Cruces Relevantes - BTN,"[federated.0qiz8oi1sb3cd813zi06q01yhyh5].[Action (BTN Limpiar filtros,SELECCIONE)]",categorical,"{""class"": ""categorical"", ""column"": ""[federated.0qiz8oi1sb3cd813zi06q01yhyh5].[Action (BTN Limpiar filtros,SELECCIONE)]""}","[{""function"": ""crossjoin"", ""{http://www.tableausoftware.com/xml/user}ui-action-filter"": ""[Action88_A2306F1AF23E4F9CAD37CD015AD97FBE]"", ""{http://www.tableausoftware.com/xml/user}ui-domain"": ""database"", ""{http://www.tableausoftware.com/xml/user}ui-enumeration"": ""inclusive"", ""{http://www.tableausoftware.com/xml/user}ui-marker"": ""enumerate""}, {""function"": ""member"", ""level"": ""[BTN Distribuciones (copy)_4723009404404842516]"", ""member"": ""\""Limpiar filtros\""""}, {""function"": ""member"", ""level"": ""[Calculation_4723009402545549324]"", ""member"": ""\""Seleccione\""""}]"
4_2aNatalidad,DHBEvolucinTemporal,4.2a Natalidad.twb,Cruces Relevantes - BTN,[federated.0qiz8oi1sb3cd813zi06q01yhyh5].[DATOS_APERTURAS_1],categorical,"{""class"": ""categorical"", ""column"": ""[federated.0qiz8oi1sb3cd813zi06q01yhyh5].[DATOS_APERTURAS_1]"", ""filter-group"": ""14""}","[{""function"": ""level-members"", ""level"": ""[TIPO_DE_DATO]"", ""{http://www.tableausoftware.com/xml/user}ui-enumeration"": ""all"", ""{http://www.tableausoftware.com/xml/user}ui-marker"": ""enumerate""}]"
4_2aNatalidad,DHBEvolucinTemporal,4.2a Natalidad.twb,Cruces Relevantes - BTN,[federated.0qiz8oi1sb3cd813zi06q01yhyh5].[none:Calculation_334673811823804420:nk],categorical,"{""class"": ""categorical"", ""column"": ""[federated.0qiz8oi1sb3cd813zi06q01yhyh5].[none:Calculation_334673811823804420:nk]"", ""filter-group"": ""27""}","[{""function"": ""member"", ""level"": ""[none:Calculation_334673811823804420:nk]"", ""member"": ""true"", ""{http://www.tableausoftware.com/xml/user}ui-domain"": ""relevant"", ""{http://www.tableausoftware.com/xml/user}ui-enumeration"": ""inclusive"", ""{http://www.tableausoftware.com/xml/user}ui-marker"": ""enumerate""}]"
4_2aNatalidad,DHBEvolucinTemporal,4.2a Natalidad.twb,Cruces Relevantes - BTN Mostrar Gráficos,[federated.0qiz8oi1sb3cd813zi06q01yhyh5].[none:BTN Mostrar Gráficos Caracteristicas (copy)_54254335857942529:nk],categorical,"{""class"": ""categorical"", ""column"": ""[federated.0qiz8oi1sb3cd813zi06q01yhyh5].[none:BTN Mostrar Gráficos Caracteristicas (copy)_54254335857942529:nk]""}","[{""function"": ""member"", ""level"": ""[none:BTN Mostrar Gráficos Caracteristicas (copy)_54254335857942529:nk]"", ""member"": ""false"", ""{http://www.tableausoftware.com/xml/user}ui-domain"": ""relevant"", ""{http://www.tableausoftware.com/xml/user}ui-enumeration"": ""inclusive"", ""{http://www.tableausoftware.com/xml/user}ui-marker"": ""enumerate""}]"
4_2aNatalidad,DHBEvolucinTemporal,4.2a Natalidad.twb,Cruces Relevantes - Datos Indicador,[federated.0qiz8oi1sb3cd813zi06q01yhyh5].[DATOS_APERTURAS_1],categorical,"{""class"": ""categorical"", ""column"": ""[federated.0qiz8oi1sb3cd813zi06q01yhyh5].[DATOS_APERTURAS_1]"", ""filter-group"": ""14""}","[{""function"": ""level-members"", ""level"": ""[TIPO_DE_DATO]"", ""{http://www.tableausoftware.com/xml/user}ui-enumeration"": ""all"", ""{http://www.tableausoftware.com/xml/user}ui-marker"": ""enumerate""}]"
4_2aNatalidad,DHBEvolucinTemporal,4.2a Natalidad.twb,Cruces Relevantes - Datos Indicador,[federated.0qiz8oi1sb3cd813zi06q01yhyh5].[none:ANIO:ok],categorical,"{""class"": ""categorical"", ""column"": ""[federated.0qiz8oi1sb3cd813zi06q01yhyh5].[none:ANIO:ok]"", ""filter-group"": ""5""}","[{""function"": ""level-members"", ""level"": ""[none:ANIO:ok]"", ""{http://www.tableausoftware.com/xml/user}ui-enumeration"": ""all"", ""{http://www.tableausoftware.com/xml/user}ui-marker"": ""enumerate""}]"
4_2aNatalidad,DHBEvolucinTemporal,4.2a Natalidad.twb,Cruces Relevantes - Datos Indicador,[federated.0qiz8oi1sb3cd813zi06q01yhyh5].[none:APERTURA_DESCRIPCION:nk],categorical,"{""class"": ""categorical"", ""column"": ""[federated.0qiz8oi1sb3cd813zi06q01yhyh5].[none:APERTURA_DESCRIPCION:nk]"", ""filter-group"": ""15""}","[{""function"": ""level-members"", ""level"": ""[none:APERTURA_DESCRIPCION:nk]"", ""{http://www.tableausoftware.com/xml/user}ui-enumeration"": ""all"", ""{http://www.tableausoftware.com/xml/user}ui-marker"": ""enumerate""}]"
4_2aNatalidad,DHBEvolucinTemporal,4.2a Natalidad.twb,Cruces Relevantes - Datos Indicador,[federated.0qiz8oi1sb3cd813zi06q01yhyh5].[none:Calculation_334673811823804420:nk],categorical,"{""class"": ""categorical"", ""column"": ""[federated.0qiz8oi1sb3cd813zi06q01yhyh5].[none:Calculation_334673811823804420:nk]"", ""filter-group"": ""27""}","[{""function"": ""member"", ""level"": ""[none:Calculation_334673811823804420:nk]"", ""member"": ""true"", ""{http://www.tableausoftware.com/xml/user}ui-domain"": ""relevant"", ""{http://www.tableausoftware.com/xml/user}ui-enumeration"": ""inclusive"", ""{http://www.tableausoftware.com/xml/user}ui-marker"": ""enumerate""}]"
4_2aNatalidad,DHBEvolucinTemporal,4.2a Natalidad.twb,Cruces Relevantes - Datos Indicador,[federated.0qiz8oi1sb3cd813zi06q01yhyh5].[none:Calculation_334673811825987589:nk],categorical,"{""class"": ""categorical"", ""column"": ""[federated.0qiz8oi1sb3cd813zi06q01yhyh5].[none:Calculation_334673811825987589:nk]""}","[{""function"": ""member"", ""level"": ""[none:Calculation_334673811825987589:nk]"", ""member"": ""true"", ""{http://www.tableausoftware.com/xml/user}ui-domain"": ""relevant"", ""{http://www.tableausoftware.com/xml/user}ui-enumeration"": ""inclusive"", ""{http://www.tableausoftware.com/xml/user}ui-marker"": ""enumerate""}]"
4_2aNatalidad,DHBEvolucinTemporal,4.2a Natalidad.twb,Cruces Relevantes - Datos Indicador,[federated.0qiz8oi1sb3cd813zi06q01yhyh5].[none:INDICADOR_NOMBRE (Indicadores):nk],categorical,"{""class"": ""categorical"", ""column"": ""[federated.0qiz8oi1sb3cd813zi06q01yhyh5].[none:INDICADOR_NOMBRE (Indicadores):nk]"", ""filter-group"": ""3""}","[{""function"": ""level-members"", ""level"": ""[none:INDICADOR_NOMBRE (Indicadores):nk]"", ""{http://www.tableausoftware.com/xml/user}ui-enumeration"": ""all"", ""{http://www.tableausoftware.com/xml/user}ui-marker"": ""enumerate""}]"
4_2aNatalidad,DHBEvolucinTemporal,4.2a Natalidad.twb,Cruces Relevantes - Datos Indicador,[federated.0qiz8oi1sb3cd813zi06q01yhyh5].[none:UNIDAD_GEOGRAFICA_NOMBRE:nk],categorical,"{""class"": ""categorical"", ""column"": ""[federated.0qiz8oi1sb3cd813zi06q01yhyh5].[none:UNIDAD_GEOGRAFICA_NOMBRE:nk]"", ""filter-group"": ""23""}","[{""function"": ""level-members"", ""level"": ""[none:UNIDAD_GEOGRAFICA_NOMBRE:nk]"", ""{http://www.tableausoftware.com/xml/user}ui-enumeration"": ""all"", ""{http://www.tableausoftware.com/xml/user}ui-marker"": ""enumerate""}]"
4_2aNatalidad,DHBEvolucinTemporal,4.2a Natalidad.twb,Cruces Relevantes - Filtro,[federated.0qiz8oi1sb3cd813zi06q01yhyh5].[DATOS_APERTURAS_1],categorical,"{""class"": ""categorical"", ""column"": ""[federated.0qiz8oi1sb3cd813zi06q01yhyh5].[DATOS_APERTURAS_1]"", ""filter-group"": ""14""}","[{""function"": ""level-members"", ""level"": ""[TIPO_DE_DATO]"", ""{http://www.tableausoftware.com/xml/user}ui-enumeration"": ""all"", ""{http://www.tableausoftware.com/xml/user}ui-marker"": ""enumerate""}]"
4_2aNatalidad,DHBEvolucinTemporal,4.2a Natalidad.twb,Cruces Relevantes - Filtro,[federated.0qiz8oi1sb3cd813zi06q01yhyh5].[none:ANIO:ok],categorical,"{""class"": ""categorical"", ""column"": ""[federated.0qiz8oi1sb3cd813zi06q01yhyh5].[none:ANIO:ok]"", ""filter-group"": ""5""}","[{""function"": ""level-members"", ""level"": ""[none:ANIO:ok]"", ""{http://www.tableausoftware.com/xml/user}ui-enumeration"": ""all"", ""{http://www.tableausoftware.com/xml/user}ui-marker"": ""enumerate""}]"
4_2aNatalidad,DHBEvolucinTemporal,4.2a Natalidad.twb,Cruces Relevantes - Filtro,[federated.0qiz8oi1sb3cd813zi06q01yhyh5].[none:APERTURA_DESCRIPCION:nk],categorical,"{""class"": ""categorical"", ""column"": ""[federated.0qiz8oi1sb3cd813zi06q01yhyh5].[none:APERTURA_DESCRIPCION:nk]"", ""filter-group"": ""15""}","[{""function"": ""level-members"", ""level"": ""[none:APERTURA_DESCRIPCION:nk]"", ""{http://www.tableausoftware.com/xml/user}ui-enumeration"": ""all"", ""{http://www.tableausoftware.com/xml/user}ui-marker"": ""enumerate""}]"
4_2aNatalidad,DHBEvolucinTemporal,4.2a Natalidad.twb,Cruces Relevantes - Filtro,[federated.0qiz8oi1sb3cd813zi06q01yhyh5].[none:Calculation_334673811823804420:nk],categorical,"{""class"": ""categorical"", ""column"": ""[federated.0qiz8oi1sb3cd813zi06q01yhyh5].[none:Calculation_334673811823804420:nk]"", ""filter-group"": ""27""}","[{""function"": ""member"", ""level"": ""[none:Calculation_334673811823804420:nk]"", ""member"": ""true"", ""{http://www.tableausoftware.com/xml/user}ui-domain"": ""relevant"", ""{http://www.tableausoftware.com/xml/user}ui-enumeration"": ""inclusive"", ""{http://www.tableausoftware.com/xml/user}ui-marker"": ""enumerate""}]"
4_2aNatalidad,DHBEvolucinTemporal,4.2a Natalidad.twb,Cruces Relevantes - Filtro,[federated.0qiz8oi1sb3cd813zi06q01yhyh5].[none:Calculation_334673811825987589:nk],categorical,"{""class"": ""categorical"", ""column"": ""[federated.0qiz8oi1sb3cd813zi06q01yhyh5].[none:Calculation_334673811825987589:nk]""}","[{""function"": ""member"", ""level"": ""[none:Calculation_334673811825987589:nk]"", ""member"": ""true"", ""{http://www.tableausoftware.com/xml/user}ui-domain"": ""relevant"", ""{http://www.tableausoftware.com/xml/user}ui-enumeration"": ""inclusive"", ""{http://www.tableausoftware.com/xml/user}ui-marker"": ""enumerate""}]"
4_2aNatalidad,DHBEvolucinTemporal,4.2a Natalidad.twb,Cruces Relevantes - Filtro,[federated.0qiz8oi1sb3cd813zi06q01yhyh5].[none:INDICADOR_NOMBRE (Indicadores):nk],categorical,"{""class"": ""categorical"", ""column"": ""[federated.0qiz8oi1sb3cd813zi06q01yhyh5].[none:INDICADOR_NOMBRE (Indicadores):nk]"", ""filter-group"": ""3""}","[{""function"": ""level-members"", ""level"": ""[none:INDICADOR_NOMBRE (Indicadores):nk]"", ""{http://www.tableausoftware.com/xml/user}ui-enumeration"": ""all"", ""{http://www.tableausoftware.com/xml/user}ui-marker"": ""enumerate""}]"
4_2aNatalidad,DHBEvolucinTemporal,4.2a Natalidad.twb,Cruces Relevantes - Filtro,[federated.0qiz8oi1sb3cd813zi06q01yhyh5].[none:UNIDAD_GEOGRAFICA_NOMBRE:nk],categorical,"{""class"": ""categorical"", ""column"": ""[federated.0qiz8oi1sb3cd813zi06q01yhyh5].[none:UNIDAD_GEOGRAFICA_NOMBRE:nk]"", ""filter-group"": ""23""}","[{""function"": ""level-members"", ""level"": ""[none:UNIDAD_GEOGRAFICA_NOMBRE:nk]"", ""{http://www.tableausoftware.com/xml/user}ui-enumeration"": ""all"", ""{http://www.tableausoftware.com/xml/user}ui-marker"": ""enumerate""}]"
4_2aNatalidad,DHBEvolucinTemporal,4.2a Natalidad.twb,Cruces Relevantes - Filtro Inidicador,[federated.0qiz8oi1sb3cd813zi06q01yhyh5].[DATOS_APERTURAS_1],categorical,"{""class"": ""categorical"", ""column"": ""[federated.0qiz8oi1sb3cd813zi06q01yhyh5].[DATOS_APERTURAS_1]"", ""filter-group"": ""14""}","[{""function"": ""level-members"", ""level"": ""[TIPO_DE_DATO]"", ""{http://www.tableausoftware.com/xml/user}ui-enumeration"": ""all"", ""{http://www.tableausoftware.com/xml/user}ui-marker"": ""enumerate""}]"
4_2aNatalidad,DHBEvolucinTemporal,4.2a Natalidad.twb,Cruces Relevantes - Filtro Inidicador,[federated.0qiz8oi1sb3cd813zi06q01yhyh5].[none:ANIO:ok],categorical,"{""class"": ""categorical"", ""column"": ""[federated.0qiz8oi1sb3cd813zi06q01yhyh5].[none:ANIO:ok]"", ""filter-group"": ""5""}","[{""function"": ""level-members"", ""level"": ""[none:ANIO:ok]"", ""{http://www.tableausoftware.com/xml/user}ui-enumeration"": ""all"", ""{http://www.tableausoftware.com/xml/user}ui-marker"": ""enumerate""}]"
4_2aNatalidad,DHBEvolucinTemporal,4.2a Natalidad.twb,Cruces Relevantes - Filtro Inidicador,[federated.0qiz8oi1sb3cd813zi06q01yhyh5].[none:APERTURA_DESCRIPCION:nk],categorical,"{""class"": ""categorical"", ""column"": ""[federated.0qiz8oi1sb3cd813zi06q01yhyh5].[none:APERTURA_DESCRIPCION:nk]"", ""filter-group"": ""15""}","[{""function"": ""level-members"", ""level"": ""[none:APERTURA_DESCRIPCION:nk]"", ""{http://www.tableausoftware.com/xml/user}ui-enumeration"": ""all"", ""{http://www.tableausoftware.com/xml/user}ui-marker"": ""enumerate""}]"
4_2aNatalidad,DHBEvolucinTemporal,4.2a Natalidad.twb,Cruces Relevantes - Filtro Inidicador,[federated.0qiz8oi1sb3cd813zi06q01yhyh5].[none:Calculation_334673811823804420:nk],categorical,"{""class"": ""categorical"", ""column"": ""[federated.0qiz8oi1sb3cd813zi06q01yhyh5].[none:Calculation_334673811823804420:nk]"", ""filter-group"": ""27""}","[{""function"": ""member"", ""level"": ""[none:Calculation_334673811823804420:nk]"", ""member"": ""true"", ""{http://www.tableausoftware.com/xml/user}ui-domain"": ""relevant"", ""{http://www.tableausoftware.com/xml/user}ui-enumeration"": ""inclusive"", ""{http://www.tableausoftware.com/xml/user}ui-marker"": ""enumerate""}]"
4_2aNatalidad,DHBEvolucinTemporal,4.2a Natalidad.twb,Cruces Relevantes - Filtro Inidicador,[federated.0qiz8oi1sb3cd813zi06q01yhyh5].[none:INDICADOR_NOMBRE (Indicadores):nk],categorical,"{""class"": ""categorical"", ""column"": ""[federated.0qiz8oi1sb3cd813zi06q01yhyh5].[none:INDICADOR_NOMBRE (Indicadores):nk]"", ""filter-group"": ""3""}","[{""function"": ""level-members"", ""level"": ""[none:INDICADOR_NOMBRE (Indicadores):nk]"", ""{http://www.tableausoftware.com/xml/user}ui-enumeration"": ""all"", ""{http://www.tableausoftware.com/xml/user}ui-marker"": ""enumerate""}]"
4_2aNatalidad,DHBEvolucinTemporal,4.2a Natalidad.twb,Cruces Relevantes - Filtro Inidicador,[federated.0qiz8oi1sb3cd813zi06q01yhyh5].[none:UNIDAD_GEOGRAFICA_NOMBRE:nk],categorical,"{""class"": ""categorical"", ""column"": ""[federated.0qiz8oi1sb3cd813zi06q01yhyh5].[none:UNIDAD_GEOGRAFICA_NOMBRE:nk]"", ""filter-group"": ""23""}","[{""function"": ""level-members"", ""level"": ""[none:UNIDAD_GEOGRAFICA_NOMBRE:nk]"", ""{http://www.tableausoftware.com/xml/user}ui-enumeration"": ""all"", ""{http://www.tableausoftware.com/xml/user}ui-marker"": ""enumerate""}]"
4_2aNatalidad,DHBEvolucinTemporal,4.2a Natalidad.twb,Cruces Relevantes - Titulo,[federated.0qiz8oi1sb3cd813zi06q01yhyh5].[DATOS_APERTURAS_1],categorical,"{""class"": ""categorical"", ""column"": ""[federated.0qiz8oi1sb3cd813zi06q01yhyh5].[DATOS_APERTURAS_1]"", ""filter-group"": ""14""}","[{""function"": ""level-members"", ""level"": ""[TIPO_DE_DATO]"", ""{http://www.tableausoftware.com/xml/user}ui-enumeration"": ""all"", ""{http://www.tableausoftware.com/xml/user}ui-marker"": ""enumerate""}]"
4_2aNatalidad,DHBEvolucinTemporal,4.2a Natalidad.twb,Cruces Relevantes - Titulo,[federated.0qiz8oi1sb3cd813zi06q01yhyh5].[none:ANIO:ok],categorical,"{""class"": ""categorical"", ""column"": ""[federated.0qiz8oi1sb3cd813zi06q01yhyh5].[none:ANIO:ok]"", ""filter-group"": ""5""}","[{""function"": ""level-members"", ""level"": ""[none:ANIO:ok]"", ""{http://www.tableausoftware.com/xml/user}ui-enumeration"": ""all"", ""{http://www.tableausoftware.com/xml/user}ui-marker"": ""enumerate""}]"
4_2aNatalidad,DHBEvolucinTemporal,4.2a Natalidad.twb,Cruces Relevantes - Titulo,[federated.0qiz8oi1sb3cd813zi06q01yhyh5].[none:APERTURA_DESCRIPCION:nk],categorical,"{""class"": ""categorical"", ""column"": ""[federated.0qiz8oi1sb3cd813zi06q01yhyh5].[none:APERTURA_DESCRIPCION:nk]"", ""filter-group"": ""15""}","[{""function"": ""level-members"", ""level"": ""[none:APERTURA_DESCRIPCION:nk]"", ""{http://www.tableausoftware.com/xml/user}ui-enumeration"": ""all"", ""{http://www.tableausoftware.com/xml/user}ui-marker"": ""enumerate""}]"
4_2aNatalidad,DHBEvolucinTemporal,4.2a Natalidad.twb,Cruces Relevantes - Titulo,[federated.0qiz8oi1sb3cd813zi06q01yhyh5].[none:BTN Mostrar Gráficos Caracteristicas (copy)_54254335857942529:nk],categorical,"{""class"": ""categorical"", ""column"": ""[federated.0qiz8oi1sb3cd813zi06q01yhyh5].[none:BTN Mostrar Gráficos Caracteristicas (copy)_54254335857942529:nk]""}","[{""function"": ""member"", ""level"": ""[none:BTN Mostrar Gráficos Caracteristicas (copy)_54254335857942529:nk]"", ""member"": ""true"", ""{http://www.tableausoftware.com/xml/user}ui-domain"": ""relevant"", ""{http://www.tableausoftware.com/xml/user}ui-enumeration"": ""inclusive"", ""{http://www.tableausoftware.com/xml/user}ui-marker"": ""enumerate""}]"
4_2aNatalidad,DHBEvolucinTemporal,4.2a Natalidad.twb,Cruces Relevantes - Titulo,[federated.0qiz8oi1sb3cd813zi06q01yhyh5].[none:Calculation_334673811823804420:nk],categorical,"{""class"": ""categorical"", ""column"": ""[federated.0qiz8oi1sb3cd813zi06q01yhyh5].[none:Calculation_334673811823804420:nk]"", ""filter-group"": ""27""}","[{""function"": ""member"", ""level"": ""[none:Calculation_334673811823804420:nk]"", ""member"": ""true"", ""{http://www.tableausoftware.com/xml/user}ui-domain"": ""relevant"", ""{http://www.tableausoftware.com/xml/user}ui-enumeration"": ""inclusive"", ""{http://www.tableausoftware.com/xml/user}ui-marker"": ""enumerate""}]"
4_2aNatalidad,DHBEvolucinTemporal,4.2a Natalidad.twb,Cruces Relevantes - Titulo,[federated.0qiz8oi1sb3cd813zi06q01yhyh5].[none:Calculation_334673811825987589:nk],categorical,"{""class"": ""categorical"", ""column"": ""[federated.0qiz8oi1sb3cd813zi06q01yhyh5].[none:Calculation_334673811825987589:nk]""}","[{""function"": ""member"", ""level"": ""[none:Calculation_334673811825987589:nk]"", ""member"": ""true"", ""{http://www.tableausoftware.com/xml/user}ui-domain"": ""relevant"", ""{http://www.tableausoftware.com/xml/user}ui-enumeration"": ""inclusive"", ""{http://www.tableausoftware.com/xml/user}ui-marker"": ""enumerate""}]"
4_2aNatalidad,DHBEvolucinTemporal,4.2a Natalidad.twb,Cruces Relevantes - Titulo,[federated.0qiz8oi1sb3cd813zi06q01yhyh5].[none:INDICADOR_NOMBRE (Indicadores):nk],categorical,"{""class"": ""categorical"", ""column"": ""[federated.0qiz8oi1sb3cd813zi06q01yhyh5].[none:INDICADOR_NOMBRE (Indicadores):nk]"", ""filter-group"": ""3""}","[{""function"": ""level-members"", ""level"": ""[none:INDICADOR_NOMBRE (Indicadores):nk]"", ""{http://www.tableausoftware.com/xml/user}ui-enumeration"": ""all"", ""{http://www.tableausoftware.com/xml/user}ui-marker"": ""enumerate""}]"
4_2aNatalidad,DHBEvolucinTemporal,4.2a Natalidad.twb,Cruces Relevantes - Titulo,[federated.0qiz8oi1sb3cd813zi06q01yhyh5].[none:UNIDAD_GEOGRAFICA_NOMBRE:nk],categorical,"{""class"": ""categorical"", ""column"": ""[federated.0qiz8oi1sb3cd813zi06q01yhyh5].[none:UNIDAD_GEOGRAFICA_NOMBRE:nk]"", ""filter-group"": ""23""}","[{""function"": ""level-members"", ""level"": ""[none:UNIDAD_GEOGRAFICA_NOMBRE:nk]"", ""{http://www.tableausoftware.com/xml/user}ui-enumeration"": ""all"", ""{http://www.tableausoftware.com/xml/user}ui-marker"": ""enumerate""}]"
4_2aNatalidad,DHBEvolucinTemporal,4.2a Natalidad.twb,Distribución Territorial - BTN,"[federated.0qiz8oi1sb3cd813zi06q01yhyh5].[Action (BTN Limpiar filtros,SELECCIONE)]",categorical,"{""class"": ""categorical"", ""column"": ""[federated.0qiz8oi1sb3cd813zi06q01yhyh5].[Action (BTN Limpiar filtros,SELECCIONE)]""}","[{""function"": ""crossjoin"", ""{http://www.tableausoftware.com/xml/user}ui-action-filter"": ""[Action88_A2306F1AF23E4F9CAD37CD015AD97FBE]"", ""{http://www.tableausoftware.com/xml/user}ui-domain"": ""database"", ""{http://www.tableausoftware.com/xml/user}ui-enumeration"": ""inclusive"", ""{http://www.tableausoftware.com/xml/user}ui-marker"": ""enumerate""}, {""function"": ""member"", ""level"": ""[BTN Distribuciones (copy)_4723009404404842516]"", ""member"": ""\""Limpiar filtros\""""}, {""function"": ""member"", ""level"": ""[Calculation_4723009402545549324]"", ""member"": ""\""Seleccione\""""}]"
4_2aNatalidad,DHBEvolucinTemporal,4.2a Natalidad.twb,Distribución Territorial - BTN,[federated.0qiz8oi1sb3cd813zi06q01yhyh5].[DATOS_MAPA],categorical,"{""class"": ""categorical"", ""column"": ""[federated.0qiz8oi1sb3cd813zi06q01yhyh5].[DATOS_MAPA]"", ""filter-group"": ""9""}",[]
4_2aNatalidad,DHBEvolucinTemporal,4.2a Natalidad.twb,Distribución Territorial - BTN,[federated.0qiz8oi1sb3cd813zi06q01yhyh5].[none:Calculation_334673811823804420:nk],categorical,"{""class"": ""categorical"", ""column"": ""[federated.0qiz8oi1sb3cd813zi06q01yhyh5].[none:Calculation_334673811823804420:nk]"", ""filter-group"": ""27""}","[{""function"": ""member"", ""level"": ""[none:Calculation_334673811823804420:nk]"", ""member"": ""true"", ""{http://www.tableausoftware.com/xml/user}ui-domain"": ""relevant"", ""{http://www.tableausoftware.com/xml/user}ui-enumeration"": ""inclusive"", ""{http://www.tableausoftware.com/xml/user}ui-marker"": ""enumerate""}]"
4_2aNatalidad,DHBEvolucinTemporal,4.2a Natalidad.twb,Distribución Territorial - BTN Mostrar Gráficos,[federated.0qiz8oi1sb3cd813zi06q01yhyh5].[none:BTN Mostrar Gráficos Cruces Relevantes (copy) (copy)_54254335887220741:nk],categorical,"{""class"": ""categorical"", ""column"": ""[federated.0qiz8oi1sb3cd813zi06q01yhyh5].[none:BTN Mostrar Gráficos Cruces Relevantes (copy) (copy)_54254335887220741:nk]""}","[{""function"": ""member"", ""level"": ""[none:BTN Mostrar Gráficos Cruces Relevantes (copy) (copy)_54254335887220741:nk]"", ""member"": ""false"", ""{http://www.tableausoftware.com/xml/user}ui-domain"": ""relevant"", ""{http://www.tableausoftware.com/xml/user}ui-enumeration"": ""inclusive"", ""{http://www.tableausoftware.com/xml/user}ui-marker"": ""enumerate""}]"
4_2aNatalidad,DHBEvolucinTemporal,4.2a Natalidad.twb,Distribución Territorial - Departamental Tabla,[federated.0qiz8oi1sb3cd813zi06q01yhyh5].[DATOS_MAPA],categorical,"{""class"": ""categorical"", ""column"": ""[federated.0qiz8oi1sb3cd813zi06q01yhyh5].[DATOS_MAPA]"", ""filter-group"": ""9""}",[]
4_2aNatalidad,DHBEvolucinTemporal,4.2a Natalidad.twb,Distribución Territorial - Departamental Tabla,[federated.0qiz8oi1sb3cd813zi06q01yhyh5].[none:ANIO:ok],categorical,"{""class"": ""categorical"", ""column"": ""[federated.0qiz8oi1sb3cd813zi06q01yhyh5].[none:ANIO:ok]"", ""filter-group"": ""4""}","[{""function"": ""level-members"", ""level"": ""[none:ANIO:ok]"", ""{http://www.tableausoftware.com/xml/user}ui-enumeration"": ""all"", ""{http://www.tableausoftware.com/xml/user}ui-marker"": ""enumerate""}]"
4_2aNatalidad,DHBEvolucinTemporal,4.2a Natalidad.twb,Distribución Territorial - Departamental Tabla,[federated.0qiz8oi1sb3cd813zi06q01yhyh5].[none:BTN Mostrar Gráficos Cruces Relevantes (copy) (copy)_54254335887220741:nk],categorical,"{""class"": ""categorical"", ""column"": ""[federated.0qiz8oi1sb3cd813zi06q01yhyh5].[none:BTN Mostrar Gráficos Cruces Relevantes (copy) (copy)_54254335887220741:nk]"", ""filter-group"": ""19""}","[{""function"": ""member"", ""level"": ""[none:BTN Mostrar Gráficos Cruces Relevantes (copy) (copy)_54254335887220741:nk]"", ""member"": ""true"", ""{http://www.tableausoftware.com/xml/user}ui-domain"": ""relevant"", ""{http://www.tableausoftware.com/xml/user}ui-enumeration"": ""inclusive"", ""{http://www.tableausoftware.com/xml/user}ui-marker"": ""enumerate""}]"
4_2aNatalidad,DHBEvolucinTemporal,4.2a Natalidad.twb,Distribución Territorial - Departamental Tabla,[federated.0qiz8oi1sb3cd813zi06q01yhyh5].[none:Calculation_334673811823804420:nk],categorical,"{""class"": ""categorical"", ""column"": ""[federated.0qiz8oi1sb3cd813zi06q01yhyh5].[none:Calculation_334673811823804420:nk]"", ""filter-group"": ""27""}","[{""function"": ""member"", ""level"": ""[none:Calculation_334673811823804420:nk]"", ""member"": ""true"", ""{http://www.tableausoftware.com/xml/user}ui-domain"": ""relevant"", ""{http://www.tableausoftware.com/xml/user}ui-enumeration"": ""inclusive"", ""{http://www.tableausoftware.com/xml/user}ui-marker"": ""enumerate""}]"
4_2aNatalidad,DHBEvolucinTemporal,4.2a Natalidad.twb,Distribución Territorial - Departamental Tabla,[federated.0qiz8oi1sb3cd813zi06q01yhyh5].[none:Calculation_334673811825987589:nk],categorical,"{""class"": ""categorical"", ""column"": ""[federated.0qiz8oi1sb3cd813zi06q01yhyh5].[none:Calculation_334673811825987589:nk]""}","[{""function"": ""member"", ""level"": ""[none:Calculation_334673811825987589:nk]"", ""member"": ""true"", ""{http://www.tableausoftware.com/xml/user}ui-domain"": ""relevant"", ""{http://www.tableausoftware.com/xml/user}ui-enumeration"": ""inclusive"", ""{http://www.tableausoftware.com/xml/user}ui-marker"": ""enumerate""}]"
4_2aNatalidad,DHBEvolucinTemporal,4.2a Natalidad.twb,Distribución Territorial - Departamental Tabla,[federated.0qiz8oi1sb3cd813zi06q01yhyh5].[none:INDICADOR_NOMBRE (Indicadores):nk],categorical,"{""class"": ""categorical"", ""column"": ""[federated.0qiz8oi1sb3cd813zi06q01yhyh5].[none:INDICADOR_NOMBRE (Indicadores):nk]"", ""filter-group"": ""10""}","[{""function"": ""level-members"", ""level"": ""[none:INDICADOR_NOMBRE (Indicadores):nk]"", ""{http://www.tableausoftware.com/xml/user}ui-enumeration"": ""all"", ""{http://www.tableausoftware.com/xml/user}ui-marker"": ""enumerate""}]"
4_2aNatalidad,DHBEvolucinTemporal,4.2a Natalidad.twb,Distribución Territorial - Filtro,[federated.0qiz8oi1sb3cd813zi06q01yhyh5].[DATOS_MAPA],categorical,"{""class"": ""categorical"", ""column"": ""[federated.0qiz8oi1sb3cd813zi06q01yhyh5].[DATOS_MAPA]"", ""filter-group"": ""9""}",[]
4_2aNatalidad,DHBEvolucinTemporal,4.2a Natalidad.twb,Distribución Territorial - Filtro,[federated.0qiz8oi1sb3cd813zi06q01yhyh5].[none:ANIO:ok],categorical,"{""class"": ""categorical"", ""column"": ""[federated.0qiz8oi1sb3cd813zi06q01yhyh5].[none:ANIO:ok]"", ""filter-group"": ""4""}","[{""function"": ""level-members"", ""level"": ""[none:ANIO:ok]"", ""{http://www.tableausoftware.com/xml/user}ui-enumeration"": ""all"", ""{http://www.tableausoftware.com/xml/user}ui-marker"": ""enumerate""}]"
4_2aNatalidad,DHBEvolucinTemporal,4.2a Natalidad.twb,Distribución Territorial - Filtro,[federated.0qiz8oi1sb3cd813zi06q01yhyh5].[none:Calculation_334673811823804420:nk],categorical,"{""class"": ""categorical"", ""column"": ""[federated.0qiz8oi1sb3cd813zi06q01yhyh5].[none:Calculation_334673811823804420:nk]"", ""filter-group"": ""27""}","[{""function"": ""member"", ""level"": ""[none:Calculation_334673811823804420:nk]"", ""member"": ""true"", ""{http://www.tableausoftware.com/xml/user}ui-domain"": ""relevant"", ""{http://www.tableausoftware.com/xml/user}ui-enumeration"": ""inclusive"", ""{http://www.tableausoftware.com/xml/user}ui-marker"": ""enumerate""}]"
4_2aNatalidad,DHBEvolucinTemporal,4.2a Natalidad.twb,Distribución Territorial - Filtro,[federated.0qiz8oi1sb3cd813zi06q01yhyh5].[none:Calculation_334673811825987589:nk],categorical,"{""class"": ""categorical"", ""column"": ""[federated.0qiz8oi1sb3cd813zi06q01yhyh5].[none:Calculation_334673811825987589:nk]""}","[{""function"": ""member"", ""level"": ""[none:Calculation_334673811825987589:nk]"", ""member"": ""true"", ""{http://www.tableausoftware.com/xml/user}ui-domain"": ""relevant"", ""{http://www.tableausoftware.com/xml/user}ui-enumeration"": ""inclusive"", ""{http://www.tableausoftware.com/xml/user}ui-marker"": ""enumerate""}]"
4_2aNatalidad,DHBEvolucinTemporal,4.2a Natalidad.twb,Distribución Territorial - Filtro,[federated.0qiz8oi1sb3cd813zi06q01yhyh5].[none:INDICADOR_NOMBRE (Indicadores):nk],categorical,"{""class"": ""categorical"", ""column"": ""[federated.0qiz8oi1sb3cd813zi06q01yhyh5].[none:INDICADOR_NOMBRE (Indicadores):nk]"", ""filter-group"": ""10""}","[{""function"": ""level-members"", ""level"": ""[none:INDICADOR_NOMBRE (Indicadores):nk]"", ""{http://www.tableausoftware.com/xml/user}ui-enumeration"": ""all"", ""{http://www.tableausoftware.com/xml/user}ui-marker"": ""enumerate""}]"
4_2aNatalidad,DHBEvolucinTemporal,4.2a Natalidad.twb,Distribución Territorial - Filtro Indicador,[federated.0qiz8oi1sb3cd813zi06q01yhyh5].[DATOS_MAPA],categorical,"{""class"": ""categorical"", ""column"": ""[federated.0qiz8oi1sb3cd813zi06q01yhyh5].[DATOS_MAPA]"", ""filter-group"": ""9""}",[]
4_2aNatalidad,DHBEvolucinTemporal,4.2a Natalidad.twb,Distribución Territorial - Filtro Indicador,[federated.0qiz8oi1sb3cd813zi06q01yhyh5].[none:ANIO:ok],categorical,"{""class"": ""categorical"", ""column"": ""[federated.0qiz8oi1sb3cd813zi06q01yhyh5].[none:ANIO:ok]"", ""filter-group"": ""4""}","[{""function"": ""level-members"", ""level"": ""[none:ANIO:ok]"", ""{http://www.tableausoftware.com/xml/user}ui-enumeration"": ""all"", ""{http://www.tableausoftware.com/xml/user}ui-marker"": ""enumerate""}]"
4_2aNatalidad,DHBEvolucinTemporal,4.2a Natalidad.twb,Distribución Territorial - Filtro Indicador,[federated.0qiz8oi1sb3cd813zi06q01yhyh5].[none:Calculation_334673811823804420:nk],categorical,"{""class"": ""categorical"", ""column"": ""[federated.0qiz8oi1sb3cd813zi06q01yhyh5].[none:Calculation_334673811823804420:nk]"", ""filter-group"": ""27""}","[{""function"": ""member"", ""level"": ""[none:Calculation_334673811823804420:nk]"", ""member"": ""true"", ""{http://www.tableausoftware.com/xml/user}ui-domain"": ""relevant"", ""{http://www.tableausoftware.com/xml/user}ui-enumeration"": ""inclusive"", ""{http://www.tableausoftware.com/xml/user}ui-marker"": ""enumerate""}]"
4_2aNatalidad,DHBEvolucinTemporal,4.2a Natalidad.twb,Distribución Territorial - Filtro Indicador,[federated.0qiz8oi1sb3cd813zi06q01yhyh5].[none:INDICADOR_NOMBRE (Indicadores):nk],categorical,"{""class"": ""categorical"", ""column"": ""[federated.0qiz8oi1sb3cd813zi06q01yhyh5].[none:INDICADOR_NOMBRE (Indicadores):nk]"", ""filter-group"": ""10""}","[{""function"": ""level-members"", ""level"": ""[none:INDICADOR_NOMBRE (Indicadores):nk]"", ""{http://www.tableausoftware.com/xml/user}ui-enumeration"": ""all"", ""{http://www.tableausoftware.com/xml/user}ui-marker"": ""enumerate""}]"
4_2aNatalidad,DHBEvolucinTemporal,4.2a Natalidad.twb,Distribución Territorial - Provincial Aperturas - Barras,[federated.0qiz8oi1sb3cd813zi06q01yhyh5].[DATOS_MAPA],categorical,"{""class"": ""categorical"", ""column"": ""[federated.0qiz8oi1sb3cd813zi06q01yhyh5].[DATOS_MAPA]"", ""filter-group"": ""9""}",[]
4_2aNatalidad,DHBEvolucinTemporal,4.2a Natalidad.twb,Distribución Territorial - Provincial Aperturas - Barras,[federated.0qiz8oi1sb3cd813zi06q01yhyh5].[none:ANIO:ok],categorical,"{""class"": ""categorical"", ""column"": ""[federated.0qiz8oi1sb3cd813zi06q01yhyh5].[none:ANIO:ok]"", ""filter-group"": ""4""}","[{""function"": ""level-members"", ""level"": ""[none:ANIO:ok]"", ""{http://www.tableausoftware.com/xml/user}ui-enumeration"": ""all"", ""{http://www.tableausoftware.com/xml/user}ui-marker"": ""enumerate""}]"
4_2aNatalidad,DHBEvolucinTemporal,4.2a Natalidad.twb,Distribución Territorial - Provincial Aperturas - Barras,[federated.0qiz8oi1sb3cd813zi06q01yhyh5].[none:BTN Mostrar Gráficos Cruces Relevantes (copy) (copy)_54254335887220741:nk],categorical,"{""class"": ""categorical"", ""column"": ""[federated.0qiz8oi1sb3cd813zi06q01yhyh5].[none:BTN Mostrar Gráficos Cruces Relevantes (copy) (copy)_54254335887220741:nk]"", ""filter-group"": ""19""}","[{""function"": ""member"", ""level"": ""[none:BTN Mostrar Gráficos Cruces Relevantes (copy) (copy)_54254335887220741:nk]"", ""member"": ""true"", ""{http://www.tableausoftware.com/xml/user}ui-domain"": ""relevant"", ""{http://www.tableausoftware.com/xml/user}ui-enumeration"": ""inclusive"", ""{http://www.tableausoftware.com/xml/user}ui-marker"": ""enumerate""}]"
4_2aNatalidad,DHBEvolucinTemporal,4.2a Natalidad.twb,Distribución Territorial - Provincial Aperturas - Barras,[federated.0qiz8oi1sb3cd813zi06q01yhyh5].[none:Calculation_334673811823804420:nk],categorical,"{""class"": ""categorical"", ""column"": ""[federated.0qiz8oi1sb3cd813zi06q01yhyh5].[none:Calculation_334673811823804420:nk]"", ""filter-group"": ""27""}","[{""function"": ""member"", ""level"": ""[none:Calculation_334673811823804420:nk]"", ""member"": ""true"", ""{http://www.tableausoftware.com/xml/user}ui-domain"": ""relevant"", ""{http://www.tableausoftware.com/xml/user}ui-enumeration"": ""inclusive"", ""{http://www.tableausoftware.com/xml/user}ui-marker"": ""enumerate""}]"
4_2aNatalidad,DHBEvolucinTemporal,4.2a Natalidad.twb,Distribución Territorial - Provincial Aperturas - Barras,[federated.0qiz8oi1sb3cd813zi06q01yhyh5].[none:Calculation_334673811825987589:nk],categorical,"{""class"": ""categorical"", ""column"": ""[federated.0qiz8oi1sb3cd813zi06q01yhyh5].[none:Calculation_334673811825987589:nk]""}","[{""function"": ""member"", ""level"": ""[none:Calculation_334673811825987589:nk]"", ""member"": ""true"", ""{http://www.tableausoftware.com/xml/user}ui-domain"": ""relevant"", ""{http://www.tableausoftware.com/xml/user}ui-enumeration"": ""inclusive"", ""{http://www.tableausoftware.com/xml/user}ui-marker"": ""enumerate""}]"
4_2aNatalidad,DHBEvolucinTemporal,4.2a Natalidad.twb,Distribución Territorial - Provincial Aperturas - Barras,[federated.0qiz8oi1sb3cd813zi06q01yhyh5].[none:INDICADOR_NOMBRE (Indicadores):nk],categorical,"{""class"": ""categorical"", ""column"": ""[federated.0qiz8oi1sb3cd813zi06q01yhyh5].[none:INDICADOR_NOMBRE (Indicadores):nk]"", ""filter-group"": ""10""}","[{""function"": ""level-members"", ""level"": ""[none:INDICADOR_NOMBRE (Indicadores):nk]"", ""{http://www.tableausoftware.com/xml/user}ui-enumeration"": ""all"", ""{http://www.tableausoftware.com/xml/user}ui-marker"": ""enumerate""}]"
4_2aNatalidad,DHBEvolucinTemporal,4.2a Natalidad.twb,Distribución Territorial - Provincial Geográfico,[federated.0qiz8oi1sb3cd813zi06q01yhyh5].[DATOS_MAPA],categorical,"{""class"": ""categorical"", ""column"": ""[federated.0qiz8oi1sb3cd813zi06q01yhyh5].[DATOS_MAPA]"", ""filter-group"": ""9""}",[]
4_2aNatalidad,DHBEvolucinTemporal,4.2a Natalidad.twb,Distribución Territorial - Provincial Geográfico,[federated.0qiz8oi1sb3cd813zi06q01yhyh5].[none:ANIO:ok],categorical,"{""class"": ""categorical"", ""column"": ""[federated.0qiz8oi1sb3cd813zi06q01yhyh5].[none:ANIO:ok]"", ""filter-group"": ""4""}","[{""function"": ""level-members"", ""level"": ""[none:ANIO:ok]"", ""{http://www.tableausoftware.com/xml/user}ui-enumeration"": ""all"", ""{http://www.tableausoftware.com/xml/user}ui-marker"": ""enumerate""}]"
4_2aNatalidad,DHBEvolucinTemporal,4.2a Natalidad.twb,Distribución Territorial - Provincial Geográfico,[federated.0qiz8oi1sb3cd813zi06q01yhyh5].[none:BTN Mostrar Gráficos Cruces Relevantes (copy) (copy)_54254335887220741:nk],categorical,"{""class"": ""categorical"", ""column"": ""[federated.0qiz8oi1sb3cd813zi06q01yhyh5].[none:BTN Mostrar Gráficos Cruces Relevantes (copy) (copy)_54254335887220741:nk]"", ""filter-group"": ""19""}","[{""function"": ""member"", ""level"": ""[none:BTN Mostrar Gráficos Cruces Relevantes (copy) (copy)_54254335887220741:nk]"", ""member"": ""true"", ""{http://www.tableausoftware.com/xml/user}ui-domain"": ""relevant"", ""{http://www.tableausoftware.com/xml/user}ui-enumeration"": ""inclusive"", ""{http://www.tableausoftware.com/xml/user}ui-marker"": ""enumerate""}]"
4_2aNatalidad,DHBEvolucinTemporal,4.2a Natalidad.twb,Distribución Territorial - Provincial Geográfico,[federated.0qiz8oi1sb3cd813zi06q01yhyh5].[none:Calculation_334673811823804420:nk],categorical,"{""class"": ""categorical"", ""column"": ""[federated.0qiz8oi1sb3cd813zi06q01yhyh5].[none:Calculation_334673811823804420:nk]"", ""filter-group"": ""27""}","[{""function"": ""member"", ""level"": ""[none:Calculation_334673811823804420:nk]"", ""member"": ""true"", ""{http://www.tableausoftware.com/xml/user}ui-domain"": ""relevant"", ""{http://www.tableausoftware.com/xml/user}ui-enumeration"": ""inclusive"", ""{http://www.tableausoftware.com/xml/user}ui-marker"": ""enumerate""}]"
4_2aNatalidad,DHBEvolucinTemporal,4.2a Natalidad.twb,Distribución Territorial - Provincial Geográfico,[federated.0qiz8oi1sb3cd813zi06q01yhyh5].[none:Calculation_334673811825987589:nk],categorical,"{""class"": ""categorical"", ""column"": ""[federated.0qiz8oi1sb3cd813zi06q01yhyh5].[none:Calculation_334673811825987589:nk]""}","[{""function"": ""member"", ""level"": ""[none:Calculation_334673811825987589:nk]"", ""member"": ""true"", ""{http://www.tableausoftware.com/xml/user}ui-domain"": ""relevant"", ""{http://www.tableausoftware.com/xml/user}ui-enumeration"": ""inclusive"", ""{http://www.tableausoftware.com/xml/user}ui-marker"": ""enumerate""}]"
4_2aNatalidad,DHBEvolucinTemporal,4.2a Natalidad.twb,Distribución Territorial - Provincial Geográfico,[federated.0qiz8oi1sb3cd813zi06q01yhyh5].[none:INDICADOR_NOMBRE (Indicadores):nk],categorical,"{""class"": ""categorical"", ""column"": ""[federated.0qiz8oi1sb3cd813zi06q01yhyh5].[none:INDICADOR_NOMBRE (Indicadores):nk]"", ""filter-group"": ""10""}","[{""function"": ""level-members"", ""level"": ""[none:INDICADOR_NOMBRE (Indicadores):nk]"", ""{http://www.tableausoftware.com/xml/user}ui-enumeration"": ""all"", ""{http://www.tableausoftware.com/xml/user}ui-marker"": ""enumerate""}]"
4_2aNatalidad,DHBEvolucinTemporal,4.2a Natalidad.twb,Distribución Territorial - Provincial Tabla,[federated.0qiz8oi1sb3cd813zi06q01yhyh5].[DATOS_MAPA],categorical,"{""class"": ""categorical"", ""column"": ""[federated.0qiz8oi1sb3cd813zi06q01yhyh5].[DATOS_MAPA]"", ""filter-group"": ""9""}",[]
4_2aNatalidad,DHBEvolucinTemporal,4.2a Natalidad.twb,Distribución Territorial - Provincial Tabla,[federated.0qiz8oi1sb3cd813zi06q01yhyh5].[none:ANIO:ok],categorical,"{""class"": ""categorical"", ""column"": ""[federated.0qiz8oi1sb3cd813zi06q01yhyh5].[none:ANIO:ok]"", ""filter-group"": ""4""}","[{""function"": ""level-members"", ""level"": ""[none:ANIO:ok]"", ""{http://www.tableausoftware.com/xml/user}ui-enumeration"": ""all"", ""{http://www.tableausoftware.com/xml/user}ui-marker"": ""enumerate""}]"
4_2aNatalidad,DHBEvolucinTemporal,4.2a Natalidad.twb,Distribución Territorial - Provincial Tabla,[federated.0qiz8oi1sb3cd813zi06q01yhyh5].[none:BTN Mostrar Gráficos Cruces Relevantes (copy) (copy)_54254335887220741:nk],categorical,"{""class"": ""categorical"", ""column"": ""[federated.0qiz8oi1sb3cd813zi06q01yhyh5].[none:BTN Mostrar Gráficos Cruces Relevantes (copy) (copy)_54254335887220741:nk]"", ""filter-group"": ""19""}","[{""function"": ""member"", ""level"": ""[none:BTN Mostrar Gráficos Cruces Relevantes (copy) (copy)_54254335887220741:nk]"", ""member"": ""true"", ""{http://www.tableausoftware.com/xml/user}ui-domain"": ""relevant"", ""{http://www.tableausoftware.com/xml/user}ui-enumeration"": ""inclusive"", ""{http://www.tableausoftware.com/xml/user}ui-marker"": ""enumerate""}]"
4_2aNatalidad,DHBEvolucinTemporal,4.2a Natalidad.twb,Distribución Territorial - Provincial Tabla,[federated.0qiz8oi1sb3cd813zi06q01yhyh5].[none:Calculation_334673811823804420:nk],categorical,"{""class"": ""categorical"", ""column"": ""[federated.0qiz8oi1sb3cd813zi06q01yhyh5].[none:Calculation_334673811823804420:nk]"", ""filter-group"": ""27""}","[{""function"": ""member"", ""level"": ""[none:Calculation_334673811823804420:nk]"", ""member"": ""true"", ""{http://www.tableausoftware.com/xml/user}ui-domain"": ""relevant"", ""{http://www.tableausoftware.com/xml/user}ui-enumeration"": ""inclusive"", ""{http://www.tableausoftware.com/xml/user}ui-marker"": ""enumerate""}]"
4_2aNatalidad,DHBEvolucinTemporal,4.2a Natalidad.twb,Distribución Territorial - Provincial Tabla,[federated.0qiz8oi1sb3cd813zi06q01yhyh5].[none:Calculation_334673811825987589:nk],categorical,"{""class"": ""categorical"", ""column"": ""[federated.0qiz8oi1sb3cd813zi06q01yhyh5].[none:Calculation_334673811825987589:nk]""}","[{""function"": ""member"", ""level"": ""[none:Calculation_334673811825987589:nk]"", ""member"": ""true"", ""{http://www.tableausoftware.com/xml/user}ui-domain"": ""relevant"", ""{http://www.tableausoftware.com/xml/user}ui-enumeration"": ""inclusive"", ""{http://www.tableausoftware.com/xml/user}ui-marker"": ""enumerate""}]"
4_2aNatalidad,DHBEvolucinTemporal,4.2a Natalidad.twb,Distribución Territorial - Provincial Tabla,[federated.0qiz8oi1sb3cd813zi06q01yhyh5].[none:INDICADOR_NOMBRE (Indicadores):nk],categorical,"{""class"": ""categorical"", ""column"": ""[federated.0qiz8oi1sb3cd813zi06q01yhyh5].[none:INDICADOR_NOMBRE (Indicadores):nk]"", ""filter-group"": ""10""}","[{""function"": ""level-members"", ""level"": ""[none:INDICADOR_NOMBRE (Indicadores):nk]"", ""{http://www.tableausoftware.com/xml/user}ui-enumeration"": ""all"", ""{http://www.tableausoftware.com/xml/user}ui-marker"": ""enumerate""}]"
4_2aNatalidad,DHBEvolucinTemporal,4.2a Natalidad.twb,Distribución Territorial - Regional Geográfico,[federated.0qiz8oi1sb3cd813zi06q01yhyh5].[DATOS_MAPA],categorical,"{""class"": ""categorical"", ""column"": ""[federated.0qiz8oi1sb3cd813zi06q01yhyh5].[DATOS_MAPA]"", ""filter-group"": ""9""}",[]
4_2aNatalidad,DHBEvolucinTemporal,4.2a Natalidad.twb,Distribución Territorial - Regional Geográfico,[federated.0qiz8oi1sb3cd813zi06q01yhyh5].[none:ANIO:ok],categorical,"{""class"": ""categorical"", ""column"": ""[federated.0qiz8oi1sb3cd813zi06q01yhyh5].[none:ANIO:ok]"", ""filter-group"": ""4""}","[{""function"": ""level-members"", ""level"": ""[none:ANIO:ok]"", ""{http://www.tableausoftware.com/xml/user}ui-enumeration"": ""all"", ""{http://www.tableausoftware.com/xml/user}ui-marker"": ""enumerate""}]"
4_2aNatalidad,DHBEvolucinTemporal,4.2a Natalidad.twb,Distribución Territorial - Regional Geográfico,[federated.0qiz8oi1sb3cd813zi06q01yhyh5].[none:BTN Mostrar Gráficos Cruces Relevantes (copy) (copy)_54254335887220741:nk],categorical,"{""class"": ""categorical"", ""column"": ""[federated.0qiz8oi1sb3cd813zi06q01yhyh5].[none:BTN Mostrar Gráficos Cruces Relevantes (copy) (copy)_54254335887220741:nk]"", ""filter-group"": ""19""}","[{""function"": ""member"", ""level"": ""[none:BTN Mostrar Gráficos Cruces Relevantes (copy) (copy)_54254335887220741:nk]"", ""member"": ""true"", ""{http://www.tableausoftware.com/xml/user}ui-domain"": ""relevant"", ""{http://www.tableausoftware.com/xml/user}ui-enumeration"": ""inclusive"", ""{http://www.tableausoftware.com/xml/user}ui-marker"": ""enumerate""}]"
4_2aNatalidad,DHBEvolucinTemporal,4.2a Natalidad.twb,Distribución Territorial - Regional Geográfico,[federated.0qiz8oi1sb3cd813zi06q01yhyh5].[none:Calculation_334673811823804420:nk],categorical,"{""class"": ""categorical"", ""column"": ""[federated.0qiz8oi1sb3cd813zi06q01yhyh5].[none:Calculation_334673811823804420:nk]"", ""filter-group"": ""27""}","[{""function"": ""member"", ""level"": ""[none:Calculation_334673811823804420:nk]"", ""member"": ""true"", ""{http://www.tableausoftware.com/xml/user}ui-domain"": ""relevant"", ""{http://www.tableausoftware.com/xml/user}ui-enumeration"": ""inclusive"", ""{http://www.tableausoftware.com/xml/user}ui-marker"": ""enumerate""}]"
4_2aNatalidad,DHBEvolucinTemporal,4.2a Natalidad.twb,Distribución Territorial - Regional Geográfico,[federated.0qiz8oi1sb3cd813zi06q01yhyh5].[none:Calculation_334673811825987589:nk],categorical,"{""class"": ""categorical"", ""column"": ""[federated.0qiz8oi1sb3cd813zi06q01yhyh5].[none:Calculation_334673811825987589:nk]""}","[{""function"": ""member"", ""level"": ""[none:Calculation_334673811825987589:nk]"", ""member"": ""true"", ""{http://www.tableausoftware.com/xml/user}ui-domain"": ""relevant"", ""{http://www.tableausoftware.com/xml/user}ui-enumeration"": ""inclusive"", ""{http://www.tableausoftware.com/xml/user}ui-marker"": ""enumerate""}]"
4_2aNatalidad,DHBEvolucinTemporal,4.2a Natalidad.twb,Distribución Territorial - Regional Geográfico,[federated.0qiz8oi1sb3cd813zi06q01yhyh5].[none:INDICADOR_NOMBRE (Indicadores):nk],categorical,"{""class"": ""categorical"", ""column"": ""[federated.0qiz8oi1sb3cd813zi06q01yhyh5].[none:INDICADOR_NOMBRE (Indicadores):nk]"", ""filter-group"": ""10""}","[{""function"": ""level-members"", ""level"": ""[none:INDICADOR_NOMBRE (Indicadores):nk]"", ""{http://www.tableausoftware.com/xml/user}ui-enumeration"": ""all"", ""{http://www.tableausoftware.com/xml/user}ui-marker"": ""enumerate""}]"
4_2aNatalidad,DHBEvolucinTemporal,4.2a Natalidad.twb,Distribución Territorial - Regional Tabla,[federated.0qiz8oi1sb3cd813zi06q01yhyh5].[DATOS_MAPA],categorical,"{""class"": ""categorical"", ""column"": ""[federated.0qiz8oi1sb3cd813zi06q01yhyh5].[DATOS_MAPA]"", ""filter-group"": ""9""}",[]
4_2aNatalidad,DHBEvolucinTemporal,4.2a Natalidad.twb,Distribución Territorial - Regional Tabla,[federated.0qiz8oi1sb3cd813zi06q01yhyh5].[none:ANIO:ok],categorical,"{""class"": ""categorical"", ""column"": ""[federated.0qiz8oi1sb3cd813zi06q01yhyh5].[none:ANIO:ok]"", ""filter-group"": ""4""}","[{""function"": ""level-members"", ""level"": ""[none:ANIO:ok]"", ""{http://www.tableausoftware.com/xml/user}ui-enumeration"": ""all"", ""{http://www.tableausoftware.com/xml/user}ui-marker"": ""enumerate""}]"
4_2aNatalidad,DHBEvolucinTemporal,4.2a Natalidad.twb,Distribución Territorial - Regional Tabla,[federated.0qiz8oi1sb3cd813zi06q01yhyh5].[none:BTN Mostrar Gráficos Cruces Relevantes (copy) (copy)_54254335887220741:nk],categorical,"{""class"": ""categorical"", ""column"": ""[federated.0qiz8oi1sb3cd813zi06q01yhyh5].[none:BTN Mostrar Gráficos Cruces Relevantes (copy) (copy)_54254335887220741:nk]"", ""filter-group"": ""19""}","[{""function"": ""member"", ""level"": ""[none:BTN Mostrar Gráficos Cruces Relevantes (copy) (copy)_54254335887220741:nk]"", ""member"": ""true"", ""{http://www.tableausoftware.com/xml/user}ui-domain"": ""relevant"", ""{http://www.tableausoftware.com/xml/user}ui-enumeration"": ""inclusive"", ""{http://www.tableausoftware.com/xml/user}ui-marker"": ""enumerate""}]"
4_2aNatalidad,DHBEvolucinTemporal,4.2a Natalidad.twb,Distribución Territorial - Regional Tabla,[federated.0qiz8oi1sb3cd813zi06q01yhyh5].[none:Calculation_334673811823804420:nk],categorical,"{""class"": ""categorical"", ""column"": ""[federated.0qiz8oi1sb3cd813zi06q01yhyh5].[none:Calculation_334673811823804420:nk]"", ""filter-group"": ""27""}","[{""function"": ""member"", ""level"": ""[none:Calculation_334673811823804420:nk]"", ""member"": ""true"", ""{http://www.tableausoftware.com/xml/user}ui-domain"": ""relevant"", ""{http://www.tableausoftware.com/xml/user}ui-enumeration"": ""inclusive"", ""{http://www.tableausoftware.com/xml/user}ui-marker"": ""enumerate""}]"
4_2aNatalidad,DHBEvolucinTemporal,4.2a Natalidad.twb,Distribución Territorial - Regional Tabla,[federated.0qiz8oi1sb3cd813zi06q01yhyh5].[none:Calculation_334673811825987589:nk],categorical,"{""class"": ""categorical"", ""column"": ""[federated.0qiz8oi1sb3cd813zi06q01yhyh5].[none:Calculation_334673811825987589:nk]""}","[{""function"": ""member"", ""level"": ""[none:Calculation_334673811825987589:nk]"", ""member"": ""true"", ""{http://www.tableausoftware.com/xml/user}ui-domain"": ""relevant"", ""{http://www.tableausoftware.com/xml/user}ui-enumeration"": ""inclusive"", ""{http://www.tableausoftware.com/xml/user}ui-marker"": ""enumerate""}]"
4_2aNatalidad,DHBEvolucinTemporal,4.2a Natalidad.twb,Distribución Territorial - Regional Tabla,[federated.0qiz8oi1sb3cd813zi06q01yhyh5].[none:INDICADOR_NOMBRE (Indicadores):nk],categorical,"{""class"": ""categorical"", ""column"": ""[federated.0qiz8oi1sb3cd813zi06q01yhyh5].[none:INDICADOR_NOMBRE (Indicadores):nk]"", ""filter-group"": ""10""}","[{""function"": ""level-members"", ""level"": ""[none:INDICADOR_NOMBRE (Indicadores):nk]"", ""{http://www.tableausoftware.com/xml/user}ui-enumeration"": ""all"", ""{http://www.tableausoftware.com/xml/user}ui-marker"": ""enumerate""}]"
4_2aNatalidad,DHBEvolucinTemporal,4.2a Natalidad.twb,Distribución Territorial - Tapa valores geográfico,[federated.0qiz8oi1sb3cd813zi06q01yhyh5].[DATOS_MAPA],categorical,"{""class"": ""categorical"", ""column"": ""[federated.0qiz8oi1sb3cd813zi06q01yhyh5].[DATOS_MAPA]"", ""filter-group"": ""9""}",[]
4_2aNatalidad,DHBEvolucinTemporal,4.2a Natalidad.twb,Distribución Territorial - Tapa valores geográfico,[federated.0qiz8oi1sb3cd813zi06q01yhyh5].[none:ANIO:ok],categorical,"{""class"": ""categorical"", ""column"": ""[federated.0qiz8oi1sb3cd813zi06q01yhyh5].[none:ANIO:ok]"", ""filter-group"": ""4""}","[{""function"": ""level-members"", ""level"": ""[none:ANIO:ok]"", ""{http://www.tableausoftware.com/xml/user}ui-enumeration"": ""all"", ""{http://www.tableausoftware.com/xml/user}ui-marker"": ""enumerate""}]"
4_2aNatalidad,DHBEvolucinTemporal,4.2a Natalidad.twb,Distribución Territorial - Tapa valores geográfico,[federated.0qiz8oi1sb3cd813zi06q01yhyh5].[none:Calculation_334673811823804420:nk],categorical,"{""class"": ""categorical"", ""column"": ""[federated.0qiz8oi1sb3cd813zi06q01yhyh5].[none:Calculation_334673811823804420:nk]"", ""filter-group"": ""27""}","[{""function"": ""member"", ""level"": ""[none:Calculation_334673811823804420:nk]"", ""member"": ""true"", ""{http://www.tableausoftware.com/xml/user}ui-domain"": ""relevant"", ""{http://www.tableausoftware.com/xml/user}ui-enumeration"": ""inclusive"", ""{http://www.tableausoftware.com/xml/user}ui-marker"": ""enumerate""}]"
4_2aNatalidad,DHBEvolucinTemporal,4.2a Natalidad.twb,Distribución Territorial - Tapa valores geográfico,[federated.0qiz8oi1sb3cd813zi06q01yhyh5].[none:Calculation_334673811825987589:nk],categorical,"{""class"": ""categorical"", ""column"": ""[federated.0qiz8oi1sb3cd813zi06q01yhyh5].[none:Calculation_334673811825987589:nk]""}","[{""function"": ""member"", ""level"": ""[none:Calculation_334673811825987589:nk]"", ""member"": ""false"", ""{http://www.tableausoftware.com/xml/user}ui-domain"": ""relevant"", ""{http://www.tableausoftware.com/xml/user}ui-enumeration"": ""inclusive"", ""{http://www.tableausoftware.com/xml/user}ui-marker"": ""enumerate""}]"
4_2aNatalidad,DHBEvolucinTemporal,4.2a Natalidad.twb,Distribución Territorial - Tapa valores geográfico,[federated.0qiz8oi1sb3cd813zi06q01yhyh5].[none:INDICADOR_NOMBRE (Indicadores):nk],categorical,"{""class"": ""categorical"", ""column"": ""[federated.0qiz8oi1sb3cd813zi06q01yhyh5].[none:INDICADOR_NOMBRE (Indicadores):nk]"", ""filter-group"": ""10""}","[{""function"": ""level-members"", ""level"": ""[none:INDICADOR_NOMBRE (Indicadores):nk]"", ""{http://www.tableausoftware.com/xml/user}ui-enumeration"": ""all"", ""{http://www.tableausoftware.com/xml/user}ui-marker"": ""enumerate""}]"
4_2aNatalidad,DHBEvolucinTemporal,4.2a Natalidad.twb,Distribución Territorial - Título,[federated.0qiz8oi1sb3cd813zi06q01yhyh5].[DATOS_MAPA],categorical,"{""class"": ""categorical"", ""column"": ""[federated.0qiz8oi1sb3cd813zi06q01yhyh5].[DATOS_MAPA]"", ""filter-group"": ""9""}",[]
4_2aNatalidad,DHBEvolucinTemporal,4.2a Natalidad.twb,Distribución Territorial - Título,[federated.0qiz8oi1sb3cd813zi06q01yhyh5].[none:ANIO:ok],categorical,"{""class"": ""categorical"", ""column"": ""[federated.0qiz8oi1sb3cd813zi06q01yhyh5].[none:ANIO:ok]"", ""filter-group"": ""4""}","[{""function"": ""level-members"", ""level"": ""[none:ANIO:ok]"", ""{http://www.tableausoftware.com/xml/user}ui-enumeration"": ""all"", ""{http://www.tableausoftware.com/xml/user}ui-marker"": ""enumerate""}]"
4_2aNatalidad,DHBEvolucinTemporal,4.2a Natalidad.twb,Distribución Territorial - Título,[federated.0qiz8oi1sb3cd813zi06q01yhyh5].[none:BTN Mostrar Gráficos Cruces Relevantes (copy) (copy)_54254335887220741:nk],categorical,"{""class"": ""categorical"", ""column"": ""[federated.0qiz8oi1sb3cd813zi06q01yhyh5].[none:BTN Mostrar Gráficos Cruces Relevantes (copy) (copy)_54254335887220741:nk]"", ""filter-group"": ""19""}","[{""function"": ""member"", ""level"": ""[none:BTN Mostrar Gráficos Cruces Relevantes (copy) (copy)_54254335887220741:nk]"", ""member"": ""true"", ""{http://www.tableausoftware.com/xml/user}ui-domain"": ""relevant"", ""{http://www.tableausoftware.com/xml/user}ui-enumeration"": ""inclusive"", ""{http://www.tableausoftware.com/xml/user}ui-marker"": ""enumerate""}]"
4_2aNatalidad,DHBEvolucinTemporal,4.2a Natalidad.twb,Distribución Territorial - Título,[federated.0qiz8oi1sb3cd813zi06q01yhyh5].[none:Calculation_334673811823804420:nk],categorical,"{""class"": ""categorical"", ""column"": ""[federated.0qiz8oi1sb3cd813zi06q01yhyh5].[none:Calculation_334673811823804420:nk]"", ""filter-group"": ""27""}","[{""function"": ""member"", ""level"": ""[none:Calculation_334673811823804420:nk]"", ""member"": ""true"", ""{http://www.tableausoftware.com/xml/user}ui-domain"": ""relevant"", ""{http://www.tableausoftware.com/xml/user}ui-enumeration"": ""inclusive"", ""{http://www.tableausoftware.com/xml/user}ui-marker"": ""enumerate""}]"
4_2aNatalidad,DHBEvolucinTemporal,4.2a Natalidad.twb,Distribución Territorial - Título,[federated.0qiz8oi1sb3cd813zi06q01yhyh5].[none:Calculation_334673811825987589:nk],categorical,"{""class"": ""categorical"", ""column"": ""[federated.0qiz8oi1sb3cd813zi06q01yhyh5].[none:Calculation_334673811825987589:nk]""}","[{""function"": ""member"", ""level"": ""[none:Calculation_334673811825987589:nk]"", ""member"": ""true"", ""{http://www.tableausoftware.com/xml/user}ui-domain"": ""relevant"", ""{http://www.tableausoftware.com/xml/user}ui-enumeration"": ""inclusive"", ""{http://www.tableausoftware.com/xml/user}ui-marker"": ""enumerate""}]"
4_2aNatalidad,DHBEvolucinTemporal,4.2a Natalidad.twb,Distribución Territorial - Título,[federated.0qiz8oi1sb3cd813zi06q01yhyh5].[none:INDICADOR_NOMBRE (Indicadores):nk],categorical,"{""class"": ""categorical"", ""column"": ""[federated.0qiz8oi1sb3cd813zi06q01yhyh5].[none:INDICADOR_NOMBRE (Indicadores):nk]"", ""filter-group"": ""10""}","[{""function"": ""level-members"", ""level"": ""[none:INDICADOR_NOMBRE (Indicadores):nk]"", ""{http://www.tableausoftware.com/xml/user}ui-enumeration"": ""all"", ""{http://www.tableausoftware.com/xml/user}ui-marker"": ""enumerate""}]"
4_2aNatalidad,DHBEvolucinTemporal,4.2a Natalidad.twb,Evolución Temporal - BTN Mostrar Gráficos,[federated.0qiz8oi1sb3cd813zi06q01yhyh5].[none:BTN Mostrar Gráficos Cruces Relevantes (copy)_54254335887208452:nk],categorical,"{""class"": ""categorical"", ""column"": ""[federated.0qiz8oi1sb3cd813zi06q01yhyh5].[none:BTN Mostrar Gráficos Cruces Relevantes (copy)_54254335887208452:nk]""}","[{""function"": ""member"", ""level"": ""[none:BTN Mostrar Gráficos Cruces Relevantes (copy)_54254335887208452:nk]"", ""member"": ""false"", ""{http://www.tableausoftware.com/xml/user}ui-domain"": ""relevant"", ""{http://www.tableausoftware.com/xml/user}ui-enumeration"": ""inclusive"", ""{http://www.tableausoftware.com/xml/user}ui-marker"": ""enumerate""}]"
4_2aNatalidad,DHBEvolucinTemporal,4.2a Natalidad.twb,Evolución Temporal - Filtro,[federated.0qiz8oi1sb3cd813zi06q01yhyh5].[DATOS_SERIES_TEMPORALES_1],categorical,"{""class"": ""categorical"", ""column"": ""[federated.0qiz8oi1sb3cd813zi06q01yhyh5].[DATOS_SERIES_TEMPORALES_1]"", ""filter-group"": ""20""}","[{""function"": ""level-members"", ""level"": ""[TIPO_DE_DATO]"", ""{http://www.tableausoftware.com/xml/user}ui-enumeration"": ""all"", ""{http://www.tableausoftware.com/xml/user}ui-marker"": ""enumerate""}]"
4_2aNatalidad,DHBEvolucinTemporal,4.2a Natalidad.twb,Evolución Temporal - Filtro,[federated.0qiz8oi1sb3cd813zi06q01yhyh5].[none:APERTURA_NIVEL_1:nk],categorical,"{""class"": ""categorical"", ""column"": ""[federated.0qiz8oi1sb3cd813zi06q01yhyh5].[none:APERTURA_NIVEL_1:nk]"", ""filter-group"": ""21""}","[{""function"": ""level-members"", ""level"": ""[none:APERTURA_NIVEL_1:nk]"", ""{http://www.tableausoftware.com/xml/user}ui-enumeration"": ""all"", ""{http://www.tableausoftware.com/xml/user}ui-marker"": ""enumerate""}]"
4_2aNatalidad,DHBEvolucinTemporal,4.2a Natalidad.twb,Evolución Temporal - Filtro,[federated.0qiz8oi1sb3cd813zi06q01yhyh5].[none:Calculation_334673811823804420:nk],categorical,"{""class"": ""categorical"", ""column"": ""[federated.0qiz8oi1sb3cd813zi06q01yhyh5].[none:Calculation_334673811823804420:nk]"", ""filter-group"": ""27""}","[{""function"": ""member"", ""level"": ""[none:Calculation_334673811823804420:nk]"", ""member"": ""true"", ""{http://www.tableausoftware.com/xml/user}ui-domain"": ""relevant"", ""{http://www.tableausoftware.com/xml/user}ui-enumeration"": ""inclusive"", ""{http://www.tableausoftware.com/xml/user}ui-marker"": ""enumerate""}]"
4_2aNatalidad,DHBEvolucinTemporal,4.2a Natalidad.twb,Evolución Temporal - Filtro,[federated.0qiz8oi1sb3cd813zi06q01yhyh5].[none:Calculation_334673811825987589:nk],categorical,"{""class"": ""categorical"", ""column"": ""[federated.0qiz8oi1sb3cd813zi06q01yhyh5].[none:Calculation_334673811825987589:nk]""}","[{""function"": ""member"", ""level"": ""[none:Calculation_334673811825987589:nk]"", ""member"": ""true"", ""{http://www.tableausoftware.com/xml/user}ui-domain"": ""relevant"", ""{http://www.tableausoftware.com/xml/user}ui-enumeration"": ""inclusive"", ""{http://www.tableausoftware.com/xml/user}ui-marker"": ""enumerate""}]"
4_2aNatalidad,DHBEvolucinTemporal,4.2a Natalidad.twb,Evolución Temporal - Filtro,[federated.0qiz8oi1sb3cd813zi06q01yhyh5].[none:INDICADOR_NOMBRE (Indicadores):nk],categorical,"{""class"": ""categorical"", ""column"": ""[federated.0qiz8oi1sb3cd813zi06q01yhyh5].[none:INDICADOR_NOMBRE (Indicadores):nk]"", ""filter-group"": ""22""}","[{""function"": ""level-members"", ""level"": ""[none:INDICADOR_NOMBRE (Indicadores):nk]"", ""{http://www.tableausoftware.com/xml/user}ui-enumeration"": ""all"", ""{http://www.tableausoftware.com/xml/user}ui-marker"": ""enumerate""}]"
4_2aNatalidad,DHBEvolucinTemporal,4.2a Natalidad.twb,Evolución Temporal - Filtro Indicador,[federated.0qiz8oi1sb3cd813zi06q01yhyh5].[DATOS_SERIES_TEMPORALES_1],categorical,"{""class"": ""categorical"", ""column"": ""[federated.0qiz8oi1sb3cd813zi06q01yhyh5].[DATOS_SERIES_TEMPORALES_1]"", ""filter-group"": ""20""}","[{""function"": ""level-members"", ""level"": ""[TIPO_DE_DATO]"", ""{http://www.tableausoftware.com/xml/user}ui-enumeration"": ""all"", ""{http://www.tableausoftware.com/xml/user}ui-marker"": ""enumerate""}]"
4_2aNatalidad,DHBEvolucinTemporal,4.2a Natalidad.twb,Evolución Temporal - Filtro Indicador,[federated.0qiz8oi1sb3cd813zi06q01yhyh5].[none:APERTURA_NIVEL_1:nk],categorical,"{""class"": ""categorical"", ""column"": ""[federated.0qiz8oi1sb3cd813zi06q01yhyh5].[none:APERTURA_NIVEL_1:nk]"", ""filter-group"": ""21""}","[{""function"": ""level-members"", ""level"": ""[none:APERTURA_NIVEL_1:nk]"", ""{http://www.tableausoftware.com/xml/user}ui-enumeration"": ""all"", ""{http://www.tableausoftware.com/xml/user}ui-marker"": ""enumerate""}]"
4_2aNatalidad,DHBEvolucinTemporal,4.2a Natalidad.twb,Evolución Temporal - Filtro Indicador,[federated.0qiz8oi1sb3cd813zi06q01yhyh5].[none:Calculation_334673811823804420:nk],categorical,"{""class"": ""categorical"", ""column"": ""[federated.0qiz8oi1sb3cd813zi06q01yhyh5].[none:Calculation_334673811823804420:nk]"", ""filter-group"": ""27""}","[{""function"": ""member"", ""level"": ""[none:Calculation_334673811823804420:nk]"", ""member"": ""true"", ""{http://www.tableausoftware.com/xml/user}ui-domain"": ""relevant"", ""{http://www.tableausoftware.com/xml/user}ui-enumeration"": ""inclusive"", ""{http://www.tableausoftware.com/xml/user}ui-marker"": ""enumerate""}]"
4_2aNatalidad,DHBEvolucinTemporal,4.2a Natalidad.twb,Evolución Temporal - Filtro Indicador,[federated.0qiz8oi1sb3cd813zi06q01yhyh5].[none:INDICADOR_NOMBRE (Indicadores):nk],categorical,"{""class"": ""categorical"", ""column"": ""[federated.0qiz8oi1sb3cd813zi06q01yhyh5].[none:INDICADOR_NOMBRE (Indicadores):nk]"", ""filter-group"": ""22""}","[{""function"": ""level-members"", ""level"": ""[none:INDICADOR_NOMBRE (Indicadores):nk]"", ""{http://www.tableausoftware.com/xml/user}ui-enumeration"": ""all"", ""{http://www.tableausoftware.com/xml/user}ui-marker"": ""enumerate""}]"
4_2aNatalidad,DHBEvolucinTemporal,4.2a Natalidad.twb,Evolución Temporal - Lineas x año,[federated.0qiz8oi1sb3cd813zi06q01yhyh5].[DATOS_SERIES_TEMPORALES_1],categorical,"{""class"": ""categorical"", ""column"": ""[federated.0qiz8oi1sb3cd813zi06q01yhyh5].[DATOS_SERIES_TEMPORALES_1]"", ""filter-group"": ""20""}","[{""function"": ""level-members"", ""level"": ""[TIPO_DE_DATO]"", ""{http://www.tableausoftware.com/xml/user}ui-enumeration"": ""all"", ""{http://www.tableausoftware.com/xml/user}ui-marker"": ""enumerate""}]"
4_2aNatalidad,DHBEvolucinTemporal,4.2a Natalidad.twb,Evolución Temporal - Lineas x año,[federated.0qiz8oi1sb3cd813zi06q01yhyh5].[attr:APERTURA_NIVEL_1:nk],categorical,"{""class"": ""categorical"", ""column"": ""[federated.0qiz8oi1sb3cd813zi06q01yhyh5].[attr:APERTURA_NIVEL_1:nk]""}","[{""function"": ""level-members"", ""level"": ""[attr:APERTURA_NIVEL_1:nk]"", ""{http://www.tableausoftware.com/xml/user}ui-enumeration"": ""all"", ""{http://www.tableausoftware.com/xml/user}ui-marker"": ""enumerate""}]"
4_2aNatalidad,DHBEvolucinTemporal,4.2a Natalidad.twb,Evolución Temporal - Lineas x año,[federated.0qiz8oi1sb3cd813zi06q01yhyh5].[attr:INDICADOR_NOMBRE (Indicadores):nk],categorical,"{""class"": ""categorical"", ""column"": ""[federated.0qiz8oi1sb3cd813zi06q01yhyh5].[attr:INDICADOR_NOMBRE (Indicadores):nk]""}","[{""function"": ""level-members"", ""level"": ""[attr:INDICADOR_NOMBRE (Indicadores):nk]"", ""{http://www.tableausoftware.com/xml/user}ui-enumeration"": ""all"", ""{http://www.tableausoftware.com/xml/user}ui-marker"": ""enumerate""}]"
4_2aNatalidad,DHBEvolucinTemporal,4.2a Natalidad.twb,Evolución Temporal - Lineas x año,[federated.0qiz8oi1sb3cd813zi06q01yhyh5].[none:APERTURA_NIVEL_1:nk],categorical,"{""class"": ""categorical"", ""column"": ""[federated.0qiz8oi1sb3cd813zi06q01yhyh5].[none:APERTURA_NIVEL_1:nk]"", ""filter-group"": ""21""}","[{""function"": ""level-members"", ""level"": ""[none:APERTURA_NIVEL_1:nk]"", ""{http://www.tableausoftware.com/xml/user}ui-enumeration"": ""all"", ""{http://www.tableausoftware.com/xml/user}ui-marker"": ""enumerate""}]"
4_2aNatalidad,DHBEvolucinTemporal,4.2a Natalidad.twb,Evolución Temporal - Lineas x año,[federated.0qiz8oi1sb3cd813zi06q01yhyh5].[none:BTN Mostrar Gráficos Cruces Relevantes (copy)_54254335887208452:nk],categorical,"{""class"": ""categorical"", ""column"": ""[federated.0qiz8oi1sb3cd813zi06q01yhyh5].[none:BTN Mostrar Gráficos Cruces Relevantes (copy)_54254335887208452:nk]""}","[{""function"": ""member"", ""level"": ""[none:BTN Mostrar Gráficos Cruces Relevantes (copy)_54254335887208452:nk]"", ""member"": ""true"", ""{http://www.tableausoftware.com/xml/user}ui-domain"": ""relevant"", ""{http://www.tableausoftware.com/xml/user}ui-enumeration"": ""inclusive"", ""{http://www.tableausoftware.com/xml/user}ui-marker"": ""enumerate""}]"
4_2aNatalidad,DHBEvolucinTemporal,4.2a Natalidad.twb,Evolución Temporal - Lineas x año,[federated.0qiz8oi1sb3cd813zi06q01yhyh5].[none:Calculation_334673811823804420:nk],categorical,"{""class"": ""categorical"", ""column"": ""[federated.0qiz8oi1sb3cd813zi06q01yhyh5].[none:Calculation_334673811823804420:nk]"", ""filter-group"": ""27""}","[{""function"": ""member"", ""level"": ""[none:Calculation_334673811823804420:nk]"", ""member"": ""true"", ""{http://www.tableausoftware.com/xml/user}ui-domain"": ""relevant"", ""{http://www.tableausoftware.com/xml/user}ui-enumeration"": ""inclusive"", ""{http://www.tableausoftware.com/xml/user}ui-marker"": ""enumerate""}]"
4_2aNatalidad,DHBEvolucinTemporal,4.2a Natalidad.twb,Evolución Temporal - Lineas x año,[federated.0qiz8oi1sb3cd813zi06q01yhyh5].[none:Calculation_334673811825987589:nk],categorical,"{""class"": ""categorical"", ""column"": ""[federated.0qiz8oi1sb3cd813zi06q01yhyh5].[none:Calculation_334673811825987589:nk]""}","[{""function"": ""member"", ""level"": ""[none:Calculation_334673811825987589:nk]"", ""member"": ""true"", ""{http://www.tableausoftware.com/xml/user}ui-domain"": ""relevant"", ""{http://www.tableausoftware.com/xml/user}ui-enumeration"": ""inclusive"", ""{http://www.tableausoftware.com/xml/user}ui-marker"": ""enumerate""}]"
4_2aNatalidad,DHBEvolucinTemporal,4.2a Natalidad.twb,Evolución Temporal - Lineas x año,[federated.0qiz8oi1sb3cd813zi06q01yhyh5].[none:INDICADOR_NOMBRE (Indicadores):nk],categorical,"{""class"": ""categorical"", ""column"": ""[federated.0qiz8oi1sb3cd813zi06q01yhyh5].[none:INDICADOR_NOMBRE (Indicadores):nk]"", ""filter-group"": ""22""}","[{""function"": ""level-members"", ""level"": ""[none:INDICADOR_NOMBRE (Indicadores):nk]"", ""{http://www.tableausoftware.com/xml/user}ui-enumeration"": ""all"", ""{http://www.tableausoftware.com/xml/user}ui-marker"": ""enumerate""}]"
4_2aNatalidad,DHBEvolucinTemporal,4.2a Natalidad.twb,Evolución Temporal - Lineas x período,[federated.0qiz8oi1sb3cd813zi06q01yhyh5].[DATOS_SERIES_TEMPORALES_1],categorical,"{""class"": ""categorical"", ""column"": ""[federated.0qiz8oi1sb3cd813zi06q01yhyh5].[DATOS_SERIES_TEMPORALES_1]"", ""filter-group"": ""20""}","[{""function"": ""level-members"", ""level"": ""[TIPO_DE_DATO]"", ""{http://www.tableausoftware.com/xml/user}ui-enumeration"": ""all"", ""{http://www.tableausoftware.com/xml/user}ui-marker"": ""enumerate""}]"
4_2aNatalidad,DHBEvolucinTemporal,4.2a Natalidad.twb,Evolución Temporal - Lineas x período,[federated.0qiz8oi1sb3cd813zi06q01yhyh5].[none:APERTURA_NIVEL_1:nk],categorical,"{""class"": ""categorical"", ""column"": ""[federated.0qiz8oi1sb3cd813zi06q01yhyh5].[none:APERTURA_NIVEL_1:nk]"", ""filter-group"": ""21""}","[{""function"": ""level-members"", ""level"": ""[none:APERTURA_NIVEL_1:nk]"", ""{http://www.tableausoftware.com/xml/user}ui-enumeration"": ""all"", ""{http://www.tableausoftware.com/xml/user}ui-marker"": ""enumerate""}]"
4_2aNatalidad,DHBEvolucinTemporal,4.2a Natalidad.twb,Evolución Temporal - Lineas x período,[federated.0qiz8oi1sb3cd813zi06q01yhyh5].[none:BTN Mostrar Gráficos Cruces Relevantes (copy)_54254335887208452:nk],categorical,"{""class"": ""categorical"", ""column"": ""[federated.0qiz8oi1sb3cd813zi06q01yhyh5].[none:BTN Mostrar Gráficos Cruces Relevantes (copy)_54254335887208452:nk]"", ""filter-group"": ""16""}","[{""function"": ""member"", ""level"": ""[none:BTN Mostrar Gráficos Cruces Relevantes (copy)_54254335887208452:nk]"", ""member"": ""true"", ""{http://www.tableausoftware.com/xml/user}ui-domain"": ""relevant"", ""{http://www.tableausoftware.com/xml/user}ui-enumeration"": ""inclusive"", ""{http://www.tableausoftware.com/xml/user}ui-marker"": ""enumerate""}]"
4_2aNatalidad,DHBEvolucinTemporal,4.2a Natalidad.twb,Evolución Temporal - Lineas x período,[federated.0qiz8oi1sb3cd813zi06q01yhyh5].[none:Calculation_334673811823804420:nk],categorical,"{""class"": ""categorical"", ""column"": ""[federated.0qiz8oi1sb3cd813zi06q01yhyh5].[none:Calculation_334673811823804420:nk]"", ""filter-group"": ""27""}","[{""function"": ""member"", ""level"": ""[none:Calculation_334673811823804420:nk]"", ""member"": ""true"", ""{http://www.tableausoftware.com/xml/user}ui-domain"": ""relevant"", ""{http://www.tableausoftware.com/xml/user}ui-enumeration"": ""inclusive"", ""{http://www.tableausoftware.com/xml/user}ui-marker"": ""enumerate""}]"
4_2aNatalidad,DHBEvolucinTemporal,4.2a Natalidad.twb,Evolución Temporal - Lineas x período,[federated.0qiz8oi1sb3cd813zi06q01yhyh5].[none:Calculation_334673811825987589:nk],categorical,"{""class"": ""categorical"", ""column"": ""[federated.0qiz8oi1sb3cd813zi06q01yhyh5].[none:Calculation_334673811825987589:nk]""}","[{""function"": ""member"", ""level"": ""[none:Calculation_334673811825987589:nk]"", ""member"": ""true"", ""{http://www.tableausoftware.com/xml/user}ui-domain"": ""relevant"", ""{http://www.tableausoftware.com/xml/user}ui-enumeration"": ""inclusive"", ""{http://www.tableausoftware.com/xml/user}ui-marker"": ""enumerate""}]"
4_2aNatalidad,DHBEvolucinTemporal,4.2a Natalidad.twb,Evolución Temporal - Lineas x período,[federated.0qiz8oi1sb3cd813zi06q01yhyh5].[none:INDICADOR_NOMBRE (Indicadores):nk],categorical,"{""class"": ""categorical"", ""column"": ""[federated.0qiz8oi1sb3cd813zi06q01yhyh5].[none:INDICADOR_NOMBRE (Indicadores):nk]"", ""filter-group"": ""22""}","[{""function"": ""level-members"", ""level"": ""[none:INDICADOR_NOMBRE (Indicadores):nk]"", ""{http://www.tableausoftware.com/xml/user}ui-enumeration"": ""all"", ""{http://www.tableausoftware.com/xml/user}ui-marker"": ""enumerate""}]"
4_2aNatalidad,DHBEvolucinTemporal,4.2a Natalidad.twb,Evolución Temporal . BTN,"[federated.0qiz8oi1sb3cd813zi06q01yhyh5].[Action (BTN Limpiar filtros,SELECCIONE)]",categorical,"{""class"": ""categorical"", ""column"": ""[federated.0qiz8oi1sb3cd813zi06q01yhyh5].[Action (BTN Limpiar filtros,SELECCIONE)]""}","[{""function"": ""crossjoin"", ""{http://www.tableausoftware.com/xml/user}ui-action-filter"": ""[Action88_A2306F1AF23E4F9CAD37CD015AD97FBE]"", ""{http://www.tableausoftware.com/xml/user}ui-domain"": ""database"", ""{http://www.tableausoftware.com/xml/user}ui-enumeration"": ""inclusive"", ""{http://www.tableausoftware.com/xml/user}ui-marker"": ""enumerate""}, {""function"": ""member"", ""level"": ""[BTN Distribuciones (copy)_4723009404404842516]"", ""member"": ""\""Limpiar filtros\""""}, {""function"": ""member"", ""level"": ""[Calculation_4723009402545549324]"", ""member"": ""\""Seleccione\""""}]"
4_2aNatalidad,DHBEvolucinTemporal,4.2a Natalidad.twb,Evolución Temporal . BTN,[federated.0qiz8oi1sb3cd813zi06q01yhyh5].[DATOS_SERIES_TEMPORALES_1],categorical,"{""class"": ""categorical"", ""column"": ""[federated.0qiz8oi1sb3cd813zi06q01yhyh5].[DATOS_SERIES_TEMPORALES_1]"", ""filter-group"": ""20""}","[{""function"": ""level-members"", ""level"": ""[TIPO_DE_DATO]"", ""{http://www.tableausoftware.com/xml/user}ui-enumeration"": ""all"", ""{http://www.tableausoftware.com/xml/user}ui-marker"": ""enumerate""}]"
4_2aNatalidad,DHBEvolucinTemporal,4.2a Natalidad.twb,Evolución Temporal . BTN,[federated.0qiz8oi1sb3cd813zi06q01yhyh5].[none:Calculation_334673811823804420:nk],categorical,"{""class"": ""categorical"", ""column"": ""[federated.0qiz8oi1sb3cd813zi06q01yhyh5].[none:Calculation_334673811823804420:nk]"", ""filter-group"": ""27""}","[{""function"": ""member"", ""level"": ""[none:Calculation_334673811823804420:nk]"", ""member"": ""true"", ""{http://www.tableausoftware.com/xml/user}ui-domain"": ""relevant"", ""{http://www.tableausoftware.com/xml/user}ui-enumeration"": ""inclusive"", ""{http://www.tableausoftware.com/xml/user}ui-marker"": ""enumerate""}]"
4_2aNatalidad,DHBEvolucinTemporal,4.2a Natalidad.twb,Evolución Temporal . BTN,[federated.0qiz8oi1sb3cd813zi06q01yhyh5].[none:TABLERO_NOMBRE (Tableros):nk],categorical,"{""class"": ""categorical"", ""column"": ""[federated.0qiz8oi1sb3cd813zi06q01yhyh5].[none:TABLERO_NOMBRE (Tableros):nk]"", ""filter-group"": ""18""}","[{""expression"": ""[TABLERO_NOMBRE (Tableros)] = [Parameters].[Parámetro 2]"", ""function"": ""filter"", ""{http://www.tableausoftware.com/xml/user}ui-marker"": ""filter-by""}, {""function"": ""level-members"", ""level"": ""[none:TABLERO_NOMBRE (Tableros):nk]"", ""{http://www.tableausoftware.com/xml/user}ui-enumeration"": ""all"", ""{http://www.tableausoftware.com/xml/user}ui-marker"": ""enumerate""}]"
4_2aNatalidad,DHBEvolucinTemporal,4.2a Natalidad.twb,Evolución temporal - Título,[federated.0qiz8oi1sb3cd813zi06q01yhyh5].[DATOS_SERIES_TEMPORALES_1],categorical,"{""class"": ""categorical"", ""column"": ""[federated.0qiz8oi1sb3cd813zi06q01yhyh5].[DATOS_SERIES_TEMPORALES_1]"", ""filter-group"": ""20""}","[{""function"": ""level-members"", ""level"": ""[TIPO_DE_DATO]"", ""{http://www.tableausoftware.com/xml/user}ui-enumeration"": ""all"", ""{http://www.tableausoftware.com/xml/user}ui-marker"": ""enumerate""}]"
4_2aNatalidad,DHBEvolucinTemporal,4.2a Natalidad.twb,Evolución temporal - Título,[federated.0qiz8oi1sb3cd813zi06q01yhyh5].[none:BTN Mostrar Gráficos Cruces Relevantes (copy)_54254335887208452:nk],categorical,"{""class"": ""categorical"", ""column"": ""[federated.0qiz8oi1sb3cd813zi06q01yhyh5].[none:BTN Mostrar Gráficos Cruces Relevantes (copy)_54254335887208452:nk]"", ""filter-group"": ""16""}","[{""function"": ""member"", ""level"": ""[none:BTN Mostrar Gráficos Cruces Relevantes (copy)_54254335887208452:nk]"", ""member"": ""true"", ""{http://www.tableausoftware.com/xml/user}ui-domain"": ""relevant"", ""{http://www.tableausoftware.com/xml/user}ui-enumeration"": ""inclusive"", ""{http://www.tableausoftware.com/xml/user}ui-marker"": ""enumerate""}]"
4_2aNatalidad,DHBEvolucinTemporal,4.2a Natalidad.twb,Evolución temporal - Título,[federated.0qiz8oi1sb3cd813zi06q01yhyh5].[none:Calculation_334673811823804420:nk],categorical,"{""class"": ""categorical"", ""column"": ""[federated.0qiz8oi1sb3cd813zi06q01yhyh5].[none:Calculation_334673811823804420:nk]"", ""filter-group"": ""27""}","[{""function"": ""member"", ""level"": ""[none:Calculation_334673811823804420:nk]"", ""member"": ""true"", ""{http://www.tableausoftware.com/xml/user}ui-domain"": ""relevant"", ""{http://www.tableausoftware.com/xml/user}ui-enumeration"": ""inclusive"", ""{http://www.tableausoftware.com/xml/user}ui-marker"": ""enumerate""}]"
4_2aNatalidad,DHBEvolucinTemporal,4.2a Natalidad.twb,Evolución temporal - Título,[federated.0qiz8oi1sb3cd813zi06q01yhyh5].[none:INDICADOR_NOMBRE (Indicadores):nk],categorical,"{""class"": ""categorical"", ""column"": ""[federated.0qiz8oi1sb3cd813zi06q01yhyh5].[none:INDICADOR_NOMBRE (Indicadores):nk]"", ""filter-group"": ""22""}","[{""function"": ""level-members"", ""level"": ""[none:INDICADOR_NOMBRE (Indicadores):nk]"", ""{http://www.tableausoftware.com/xml/user}ui-enumeration"": ""all"", ""{http://www.tableausoftware.com/xml/user}ui-marker"": ""enumerate""}]"
4_2aNatalidad,DHBEvolucinTemporal,4.2a Natalidad.twb,Home - BTN,"[federated.0qiz8oi1sb3cd813zi06q01yhyh5].[Action (BTN Limpiar filtros,SELECCIONE)]",categorical,"{""class"": ""categorical"", ""column"": ""[federated.0qiz8oi1sb3cd813zi06q01yhyh5].[Action (BTN Limpiar filtros,SELECCIONE)]""}","[{""function"": ""crossjoin"", ""{http://www.tableausoftware.com/xml/user}ui-action-filter"": ""[Action88_A2306F1AF23E4F9CAD37CD015AD97FBE]"", ""{http://www.tableausoftware.com/xml/user}ui-domain"": ""database"", ""{http://www.tableausoftware.com/xml/user}ui-enumeration"": ""inclusive"", ""{http://www.tableausoftware.com/xml/user}ui-marker"": ""enumerate""}, {""function"": ""member"", ""level"": ""[BTN Distribuciones (copy)_4723009404404842516]"", ""member"": ""\""Limpiar filtros\""""}, {""function"": ""member"", ""level"": ""[Calculation_4723009402545549324]"", ""member"": ""\""Seleccione\""""}]"
4_2aNatalidad,DHBEvolucinTemporal,4.2a Natalidad.twb,Indicador - Datos,[federated.0qiz8oi1sb3cd813zi06q01yhyh5].[none:TABLERO_NOMBRE (Tableros):nk],categorical,"{""class"": ""categorical"", ""column"": ""[federated.0qiz8oi1sb3cd813zi06q01yhyh5].[none:TABLERO_NOMBRE (Tableros):nk]"", ""filter-group"": ""18""}","[{""expression"": ""[TABLERO_NOMBRE (Tableros)] = [Parameters].[Parámetro 2]"", ""function"": ""filter"", ""{http://www.tableausoftware.com/xml/user}ui-marker"": ""filter-by""}, {""function"": ""level-members"", ""level"": ""[none:TABLERO_NOMBRE (Tableros):nk]"", ""{http://www.tableausoftware.com/xml/user}ui-enumeration"": ""all"", ""{http://www.tableausoftware.com/xml/user}ui-marker"": ""enumerate""}]"
4_2aNatalidad,DHBEvolucinTemporal,4.2a Natalidad.twb,Indicador - Datos,[federated.0qiz8oi1sb3cd813zi06q01yhyh5].[none:Visualizar Gráfico Tabla (copia)_2772247096855269376:nk],categorical,"{""class"": ""categorical"", ""column"": ""[federated.0qiz8oi1sb3cd813zi06q01yhyh5].[none:Visualizar Gráfico Tabla (copia)_2772247096855269376:nk]""}","[{""function"": ""member"", ""level"": ""[none:Visualizar Gráfico Tabla (copia)_2772247096855269376:nk]"", ""member"": ""true"", ""{http://www.tableausoftware.com/xml/user}ui-domain"": ""relevant"", ""{http://www.tableausoftware.com/xml/user}ui-enumeration"": ""inclusive"", ""{http://www.tableausoftware.com/xml/user}ui-marker"": ""enumerate""}]"
4_2aNatalidad,DHBEvolucinTemporal,4.2a Natalidad.twb,Limpiar Filtros - BTN,"[federated.0qiz8oi1sb3cd813zi06q01yhyh5].[Action (BTN Limpiar filtros,SELECCIONE)]",categorical,"{""class"": ""categorical"", ""column"": ""[federated.0qiz8oi1sb3cd813zi06q01yhyh5].[Action (BTN Limpiar filtros,SELECCIONE)]""}","[{""function"": ""crossjoin"", ""{http://www.tableausoftware.com/xml/user}ui-action-filter"": ""[Action88_A2306F1AF23E4F9CAD37CD015AD97FBE]"", ""{http://www.tableausoftware.com/xml/user}ui-domain"": ""database"", ""{http://www.tableausoftware.com/xml/user}ui-enumeration"": ""inclusive"", ""{http://www.tableausoftware.com/xml/user}ui-marker"": ""enumerate""}, {""function"": ""member"", ""level"": ""[BTN Distribuciones (copy)_4723009404404842516]"", ""member"": ""\""Limpiar filtros\""""}, {""function"": ""member"", ""level"": ""[Calculation_4723009402545549324]"", ""member"": ""\""Seleccione\""""}]"
4_2aNatalidad,DHBEvolucinTemporal,4.2a Natalidad.twb,Mapa Indicadores - BTN Abrir,"[federated.0qiz8oi1sb3cd813zi06q01yhyh5].[Action (BTN Limpiar filtros,SELECCIONE)]",categorical,"{""class"": ""categorical"", ""column"": ""[federated.0qiz8oi1sb3cd813zi06q01yhyh5].[Action (BTN Limpiar filtros,SELECCIONE)]""}","[{""function"": ""crossjoin"", ""{http://www.tableausoftware.com/xml/user}ui-action-filter"": ""[Action88_A2306F1AF23E4F9CAD37CD015AD97FBE]"", ""{http://www.tableausoftware.com/xml/user}ui-domain"": ""database"", ""{http://www.tableausoftware.com/xml/user}ui-enumeration"": ""inclusive"", ""{http://www.tableausoftware.com/xml/user}ui-marker"": ""enumerate""}, {""function"": ""member"", ""level"": ""[BTN Distribuciones (copy)_4723009404404842516]"", ""member"": ""\""Limpiar filtros\""""}, {""function"": ""member"", ""level"": ""[Calculation_4723009402545549324]"", ""member"": ""\""Seleccione\""""}]"
4_2aNatalidad,DHBEvolucinTemporal,4.2a Natalidad.twb,Mapa Indicadores - BTN Abrir,[federated.0qiz8oi1sb3cd813zi06q01yhyh5].[none:Visualizar Gráfico Tabla (copia)_2772247096855269376:nk],categorical,"{""class"": ""categorical"", ""column"": ""[federated.0qiz8oi1sb3cd813zi06q01yhyh5].[none:Visualizar Gráfico Tabla (copia)_2772247096855269376:nk]""}","[{""function"": ""member"", ""level"": ""[none:Visualizar Gráfico Tabla (copia)_2772247096855269376:nk]"", ""member"": ""false"", ""{http://www.tableausoftware.com/xml/user}ui-domain"": ""relevant"", ""{http://www.tableausoftware.com/xml/user}ui-enumeration"": ""inclusive"", ""{http://www.tableausoftware.com/xml/user}ui-marker"": ""enumerate""}]"
4_2aNatalidad,DHBEvolucinTemporal,4.2a Natalidad.twb,Mapa Indicadores - BTN Cerrar,"[federated.0qiz8oi1sb3cd813zi06q01yhyh5].[Action (BTN Limpiar filtros,SELECCIONE)]",categorical,"{""class"": ""categorical"", ""column"": ""[federated.0qiz8oi1sb3cd813zi06q01yhyh5].[Action (BTN Limpiar filtros,SELECCIONE)]""}","[{""function"": ""crossjoin"", ""{http://www.tableausoftware.com/xml/user}ui-action-filter"": ""[Action88_A2306F1AF23E4F9CAD37CD015AD97FBE]"", ""{http://www.tableausoftware.com/xml/user}ui-domain"": ""database"", ""{http://www.tableausoftware.com/xml/user}ui-enumeration"": ""inclusive"", ""{http://www.tableausoftware.com/xml/user}ui-marker"": ""enumerate""}, {""function"": ""member"", ""level"": ""[BTN Distribuciones (copy)_4723009404404842516]"", ""member"": ""\""Limpiar filtros\""""}, {""function"": ""member"", ""level"": ""[Calculation_4723009402545549324]"", ""member"": ""\""Seleccione\""""}]"
4_2aNatalidad,DHBEvolucinTemporal,4.2a Natalidad.twb,Mapa Indicadores - BTN Cerrar,[federated.0qiz8oi1sb3cd813zi06q01yhyh5].[none:Visualizar Gráfico Tabla (copia)_2772247096855269376:nk],categorical,"{""class"": ""categorical"", ""column"": ""[federated.0qiz8oi1sb3cd813zi06q01yhyh5].[none:Visualizar Gráfico Tabla (copia)_2772247096855269376:nk]""}","[{""function"": ""member"", ""level"": ""[none:Visualizar Gráfico Tabla (copia)_2772247096855269376:nk]"", ""member"": ""true"", ""{http://www.tableausoftware.com/xml/user}ui-domain"": ""relevant"", ""{http://www.tableausoftware.com/xml/user}ui-enumeration"": ""inclusive"", ""{http://www.tableausoftware.com/xml/user}ui-marker"": ""enumerate""}]"
4_2aNatalidad,DHBEvolucinTemporal,4.2a Natalidad.twb,Mapa Indicadores - Tabla,"[federated.0qiz8oi1sb3cd813zi06q01yhyh5].[Action (BTN Limpiar filtros,SELECCIONE)]",categorical,"{""class"": ""categorical"", ""column"": ""[federated.0qiz8oi1sb3cd813zi06q01yhyh5].[Action (BTN Limpiar filtros,SELECCIONE)]""}","[{""function"": ""crossjoin"", ""{http://www.tableausoftware.com/xml/user}ui-action-filter"": ""[Action88_A2306F1AF23E4F9CAD37CD015AD97FBE]"", ""{http://www.tableausoftware.com/xml/user}ui-domain"": ""database"", ""{http://www.tableausoftware.com/xml/user}ui-enumeration"": ""inclusive"", ""{http://www.tableausoftware.com/xml/user}ui-marker"": ""enumerate""}, {""function"": ""member"", ""level"": ""[BTN Distribuciones (copy)_4723009404404842516]"", ""member"": ""\""Limpiar filtros\""""}, {""function"": ""member"", ""level"": ""[Calculation_4723009402545549324]"", ""member"": ""\""Seleccione\""""}]"
4_2aNatalidad,DHBEvolucinTemporal,4.2a Natalidad.twb,Mapa Indicadores - Tabla,[federated.0qiz8oi1sb3cd813zi06q01yhyh5].[none:TABLERO_NOMBRE (Tableros):nk],categorical,"{""class"": ""categorical"", ""column"": ""[federated.0qiz8oi1sb3cd813zi06q01yhyh5].[none:TABLERO_NOMBRE (Tableros):nk]"", ""filter-group"": ""18""}","[{""expression"": ""[TABLERO_NOMBRE (Tableros)] = [Parameters].[Parámetro 2]"", ""function"": ""filter"", ""{http://www.tableausoftware.com/xml/user}ui-marker"": ""filter-by""}, {""function"": ""level-members"", ""level"": ""[none:TABLERO_NOMBRE (Tableros):nk]"", ""{http://www.tableausoftware.com/xml/user}ui-enumeration"": ""all"", ""{http://www.tableausoftware.com/xml/user}ui-marker"": ""enumerate""}]"
4_2aNatalidad,DHBEvolucinTemporal,4.2a Natalidad.twb,Mapa Indicadores - Tabla,[federated.0qiz8oi1sb3cd813zi06q01yhyh5].[none:Visualizar Gráfico Tabla (copia)_2772247096855269376:nk],categorical,"{""class"": ""categorical"", ""column"": ""[federated.0qiz8oi1sb3cd813zi06q01yhyh5].[none:Visualizar Gráfico Tabla (copia)_2772247096855269376:nk]""}","[{""function"": ""member"", ""level"": ""[none:Visualizar Gráfico Tabla (copia)_2772247096855269376:nk]"", ""member"": ""true"", ""{http://www.tableausoftware.com/xml/user}ui-domain"": ""relevant"", ""{http://www.tableausoftware.com/xml/user}ui-enumeration"": ""inclusive"", ""{http://www.tableausoftware.com/xml/user}ui-marker"": ""enumerate""}]"
4_2aNatalidad,DHBEvolucinTemporal,4.2a Natalidad.twb,Mapa Indicadores - Titulo,"[federated.0qiz8oi1sb3cd813zi06q01yhyh5].[Action (BTN Limpiar filtros,SELECCIONE)]",categorical,"{""class"": ""categorical"", ""column"": ""[federated.0qiz8oi1sb3cd813zi06q01yhyh5].[Action (BTN Limpiar filtros,SELECCIONE)]""}","[{""function"": ""crossjoin"", ""{http://www.tableausoftware.com/xml/user}ui-action-filter"": ""[Action88_A2306F1AF23E4F9CAD37CD015AD97FBE]"", ""{http://www.tableausoftware.com/xml/user}ui-domain"": ""database"", ""{http://www.tableausoftware.com/xml/user}ui-enumeration"": ""inclusive"", ""{http://www.tableausoftware.com/xml/user}ui-marker"": ""enumerate""}, {""function"": ""member"", ""level"": ""[BTN Distribuciones (copy)_4723009404404842516]"", ""member"": ""\""Limpiar filtros\""""}, {""function"": ""member"", ""level"": ""[Calculation_4723009402545549324]"", ""member"": ""\""Seleccione\""""}]"
4_2aNatalidad,DHBEvolucinTemporal,4.2a Natalidad.twb,Tablero - BTN Documentación,"[federated.0qiz8oi1sb3cd813zi06q01yhyh5].[Action (BTN Limpiar filtros,SELECCIONE)]",categorical,"{""class"": ""categorical"", ""column"": ""[federated.0qiz8oi1sb3cd813zi06q01yhyh5].[Action (BTN Limpiar filtros,SELECCIONE)]""}","[{""function"": ""crossjoin"", ""{http://www.tableausoftware.com/xml/user}ui-action-filter"": ""[Action88_A2306F1AF23E4F9CAD37CD015AD97FBE]"", ""{http://www.tableausoftware.com/xml/user}ui-domain"": ""database"", ""{http://www.tableausoftware.com/xml/user}ui-enumeration"": ""inclusive"", ""{http://www.tableausoftware.com/xml/user}ui-marker"": ""enumerate""}, {""function"": ""member"", ""level"": ""[BTN Distribuciones (copy)_4723009404404842516]"", ""member"": ""\""Limpiar filtros\""""}, {""function"": ""member"", ""level"": ""[Calculation_4723009402545549324]"", ""member"": ""\""Seleccione\""""}]"
4_2aNatalidad,DHBEvolucinTemporal,4.2a Natalidad.twb,Tablero - BTN Documentación,[federated.0qiz8oi1sb3cd813zi06q01yhyh5].[none:TABLERO_NOMBRE (Tableros):nk],categorical,"{""class"": ""categorical"", ""column"": ""[federated.0qiz8oi1sb3cd813zi06q01yhyh5].[none:TABLERO_NOMBRE (Tableros):nk]"", ""filter-group"": ""18""}","[{""expression"": ""[TABLERO_NOMBRE (Tableros)] = [Parameters].[Parámetro 2]"", ""function"": ""filter"", ""{http://www.tableausoftware.com/xml/user}ui-marker"": ""filter-by""}, {""function"": ""level-members"", ""level"": ""[none:TABLERO_NOMBRE (Tableros):nk]"", ""{http://www.tableausoftware.com/xml/user}ui-enumeration"": ""all"", ""{http://www.tableausoftware.com/xml/user}ui-marker"": ""enumerate""}]"
4_2aNatalidad,DHBEvolucinTemporal,4.2a Natalidad.twb,Tablero - BTN Ficha indicadores,"[federated.0qiz8oi1sb3cd813zi06q01yhyh5].[Action (BTN Limpiar filtros,SELECCIONE)]",categorical,"{""class"": ""categorical"", ""column"": ""[federated.0qiz8oi1sb3cd813zi06q01yhyh5].[Action (BTN Limpiar filtros,SELECCIONE)]""}","[{""function"": ""crossjoin"", ""{http://www.tableausoftware.com/xml/user}ui-action-filter"": ""[Action88_A2306F1AF23E4F9CAD37CD015AD97FBE]"", ""{http://www.tableausoftware.com/xml/user}ui-domain"": ""database"", ""{http://www.tableausoftware.com/xml/user}ui-enumeration"": ""inclusive"", ""{http://www.tableausoftware.com/xml/user}ui-marker"": ""enumerate""}, {""function"": ""member"", ""level"": ""[BTN Distribuciones (copy)_4723009404404842516]"", ""member"": ""\""Limpiar filtros\""""}, {""function"": ""member"", ""level"": ""[Calculation_4723009402545549324]"", ""member"": ""\""Seleccione\""""}]"
4_2aNatalidad,DHBEvolucinTemporal,4.2a Natalidad.twb,Tablero - BTN Ficha indicadores,[federated.0qiz8oi1sb3cd813zi06q01yhyh5].[none:TABLERO_NOMBRE (Tableros):nk],categorical,"{""class"": ""categorical"", ""column"": ""[federated.0qiz8oi1sb3cd813zi06q01yhyh5].[none:TABLERO_NOMBRE (Tableros):nk]"", ""filter-group"": ""18""}","[{""expression"": ""[TABLERO_NOMBRE (Tableros)] = [Parameters].[Parámetro 2]"", ""function"": ""filter"", ""{http://www.tableausoftware.com/xml/user}ui-marker"": ""filter-by""}, {""function"": ""level-members"", ""level"": ""[none:TABLERO_NOMBRE (Tableros):nk]"", ""{http://www.tableausoftware.com/xml/user}ui-enumeration"": ""all"", ""{http://www.tableausoftware.com/xml/user}ui-marker"": ""enumerate""}]"
4_2aNatalidad,DHBEvolucinTemporal,4.2a Natalidad.twb,Tablero - BTN Reportes,"[federated.0qiz8oi1sb3cd813zi06q01yhyh5].[Action (BTN Limpiar filtros,SELECCIONE)]",categorical,"{""class"": ""categorical"", ""column"": ""[federated.0qiz8oi1sb3cd813zi06q01yhyh5].[Action (BTN Limpiar filtros,SELECCIONE)]""}","[{""function"": ""crossjoin"", ""{http://www.tableausoftware.com/xml/user}ui-action-filter"": ""[Action88_A2306F1AF23E4F9CAD37CD015AD97FBE]"", ""{http://www.tableausoftware.com/xml/user}ui-domain"": ""database"", ""{http://www.tableausoftware.com/xml/user}ui-enumeration"": ""inclusive"", ""{http://www.tableausoftware.com/xml/user}ui-marker"": ""enumerate""}, {""function"": ""member"", ""level"": ""[BTN Distribuciones (copy)_4723009404404842516]"", ""member"": ""\""Limpiar filtros\""""}, {""function"": ""member"", ""level"": ""[Calculation_4723009402545549324]"", ""member"": ""\""Seleccione\""""}]"
4_2aNatalidad,DHBEvolucinTemporal,4.2a Natalidad.twb,Tablero - BTN Reportes,[federated.0qiz8oi1sb3cd813zi06q01yhyh5].[none:TABLERO_NOMBRE (Tableros):nk],categorical,"{""class"": ""categorical"", ""column"": ""[federated.0qiz8oi1sb3cd813zi06q01yhyh5].[none:TABLERO_NOMBRE (Tableros):nk]"", ""filter-group"": ""18""}","[{""expression"": ""[TABLERO_NOMBRE (Tableros)] = [Parameters].[Parámetro 2]"", ""function"": ""filter"", ""{http://www.tableausoftware.com/xml/user}ui-marker"": ""filter-by""}, {""function"": ""level-members"", ""level"": ""[none:TABLERO_NOMBRE (Tableros):nk]"", ""{http://www.tableausoftware.com/xml/user}ui-enumeration"": ""all"", ""{http://www.tableausoftware.com/xml/user}ui-marker"": ""enumerate""}]"
4_2aNatalidad,DHBEvolucinTemporal,4.2a Natalidad.twb,Tablero - Datos,"[federated.0qiz8oi1sb3cd813zi06q01yhyh5].[Action (BTN Limpiar filtros,SELECCIONE)]",categorical,"{""class"": ""categorical"", ""column"": ""[federated.0qiz8oi1sb3cd813zi06q01yhyh5].[Action (BTN Limpiar filtros,SELECCIONE)]""}","[{""function"": ""crossjoin"", ""{http://www.tableausoftware.com/xml/user}ui-action-filter"": ""[Action88_A2306F1AF23E4F9CAD37CD015AD97FBE]"", ""{http://www.tableausoftware.com/xml/user}ui-domain"": ""database"", ""{http://www.tableausoftware.com/xml/user}ui-enumeration"": ""inclusive"", ""{http://www.tableausoftware.com/xml/user}ui-marker"": ""enumerate""}, {""function"": ""member"", ""level"": ""[BTN Distribuciones (copy)_4723009404404842516]"", ""member"": ""\""Limpiar filtros\""""}, {""function"": ""member"", ""level"": ""[Calculation_4723009402545549324]"", ""member"": ""\""Seleccione\""""}]"
4_2aNatalidad,DHBEvolucinTemporal,4.2a Natalidad.twb,Tablero - Datos,[federated.0qiz8oi1sb3cd813zi06q01yhyh5].[none:TABLERO_NOMBRE (Tableros):nk],categorical,"{""class"": ""categorical"", ""column"": ""[federated.0qiz8oi1sb3cd813zi06q01yhyh5].[none:TABLERO_NOMBRE (Tableros):nk]"", ""filter-group"": ""18""}","[{""expression"": ""[TABLERO_NOMBRE (Tableros)] = [Parameters].[Parámetro 2]"", ""function"": ""filter"", ""{http://www.tableausoftware.com/xml/user}ui-marker"": ""filter-by""}, {""function"": ""level-members"", ""level"": ""[none:TABLERO_NOMBRE (Tableros):nk]"", ""{http://www.tableausoftware.com/xml/user}ui-enumeration"": ""all"", ""{http://www.tableausoftware.com/xml/user}ui-marker"": ""enumerate""}]"
4_2aNatalidad,DHBEvolucinTemporal,4.2a Natalidad.twb,Tablero - Datos,[federated.0qiz8oi1sb3cd813zi06q01yhyh5].[none:TEMA_NOMBRE (Temas):nk],categorical,"{""class"": ""categorical"", ""column"": ""[federated.0qiz8oi1sb3cd813zi06q01yhyh5].[none:TEMA_NOMBRE (Temas):nk]""}","[{""function"": ""level-members"", ""level"": ""[none:TEMA_NOMBRE (Temas):nk]"", ""{http://www.tableausoftware.com/xml/user}ui-enumeration"": ""all"", ""{http://www.tableausoftware.com/xml/user}ui-marker"": ""enumerate""}]"
4_2aNatalidad,DHBEvolucinTemporal,4.2a Natalidad.twb,Tablero - Gráficos,[federated.0qiz8oi1sb3cd813zi06q01yhyh5].[none:TABLERO_NOMBRE (Tableros):nk],categorical,"{""class"": ""categorical"", ""column"": ""[federated.0qiz8oi1sb3cd813zi06q01yhyh5].[none:TABLERO_NOMBRE (Tableros):nk]"", ""filter-group"": ""18""}","[{""expression"": ""[TABLERO_NOMBRE (Tableros)] = [Parameters].[Parámetro 2]"", ""function"": ""filter"", ""{http://www.tableausoftware.com/xml/user}ui-marker"": ""filter-by""}, {""function"": ""level-members"", ""level"": ""[none:TABLERO_NOMBRE (Tableros):nk]"", ""{http://www.tableausoftware.com/xml/user}ui-enumeration"": ""all"", ""{http://www.tableausoftware.com/xml/user}ui-marker"": ""enumerate""}]"
4_2aNatalidad,DHBEvolucinTemporal,4.2a Natalidad.twb,Tablero - Secciones,[federated.0qiz8oi1sb3cd813zi06q01yhyh5].[none:TABLERO_NOMBRE (Tableros):nk],categorical,"{""class"": ""categorical"", ""column"": ""[federated.0qiz8oi1sb3cd813zi06q01yhyh5].[none:TABLERO_NOMBRE (Tableros):nk]"", ""filter-group"": ""18""}","[{""expression"": ""[TABLERO_NOMBRE (Tableros)] = [Parameters].[Parámetro 2]"", ""function"": ""filter"", ""{http://www.tableausoftware.com/xml/user}ui-marker"": ""filter-by""}, {""function"": ""level-members"", ""level"": ""[none:TABLERO_NOMBRE (Tableros):nk]"", ""{http://www.tableausoftware.com/xml/user}ui-enumeration"": ""all"", ""{http://www.tableausoftware.com/xml/user}ui-marker"": ""enumerate""}]"
4_2aNatalidad,DHBEvolucinTemporal,4.2a Natalidad.twb,Temas - Tabla,[federated.0qiz8oi1sb3cd813zi06q01yhyh5].[none:TEMA_DE_SISTEMA:nk],categorical,"{""class"": ""categorical"", ""column"": ""[federated.0qiz8oi1sb3cd813zi06q01yhyh5].[none:TEMA_DE_SISTEMA:nk]""}","[{""function"": ""member"", ""level"": ""[none:TEMA_DE_SISTEMA:nk]"", ""member"": ""\""false\"""", ""{http://www.tableausoftware.com/xml/user}ui-domain"": ""relevant"", ""{http://www.tableausoftware.com/xml/user}ui-enumeration"": ""inclusive"", ""{http://www.tableausoftware.com/xml/user}ui-marker"": ""enumerate""}]"
4_2aNatalidad,DHBEvolucinTemporal,4.2a Natalidad.twb,Temas - Tabla (2),[federated.0qiz8oi1sb3cd813zi06q01yhyh5].[none:TEMA_DE_SISTEMA:nk],categorical,"{""class"": ""categorical"", ""column"": ""[federated.0qiz8oi1sb3cd813zi06q01yhyh5].[none:TEMA_DE_SISTEMA:nk]""}","[{""function"": ""member"", ""level"": ""[none:TEMA_DE_SISTEMA:nk]"", ""member"": ""\""false\"""", ""{http://www.tableausoftware.com/xml/user}ui-domain"": ""relevant"", ""{http://www.tableausoftware.com/xml/user}ui-enumeration"": ""inclusive"", ""{http://www.tableausoftware.com/xml/user}ui-marker"": ""enumerate""}]"
4_2aNatalidad,DHBEvolucinTemporal,4.2a Natalidad.twb,Temas - Tabla (3),[federated.0qiz8oi1sb3cd813zi06q01yhyh5].[none:TEMA_DE_SISTEMA:nk],categorical,"{""class"": ""categorical"", ""column"": ""[federated.0qiz8oi1sb3cd813zi06q01yhyh5].[none:TEMA_DE_SISTEMA:nk]""}","[{""function"": ""member"", ""level"": ""[none:TEMA_DE_SISTEMA:nk]"", ""member"": ""\""false\"""", ""{http://www.tableausoftware.com/xml/user}ui-domain"": ""relevant"", ""{http://www.tableausoftware.com/xml/user}ui-enumeration"": ""inclusive"", ""{http://www.tableausoftware.com/xml/user}ui-marker"": ""enumerate""}]"
5_4aJusticiajuvenilAdolescentesyjvenes,DHBEvolucinTemporal,5.4a Justicia juvenil Adolescentes y j├│venes.twb,Admin SM - BTN Instructivo Navegación,"[federated.0qiz8oi1sb3cd813zi06q01yhyh5].[Action (BTN Limpiar filtros,SELECCIONE)]",categorical,"{""class"": ""categorical"", ""column"": ""[federated.0qiz8oi1sb3cd813zi06q01yhyh5].[Action (BTN Limpiar filtros,SELECCIONE)]""}","[{""function"": ""crossjoin"", ""{http://www.tableausoftware.com/xml/user}ui-action-filter"": ""[Action88_A2306F1AF23E4F9CAD37CD015AD97FBE]"", ""{http://www.tableausoftware.com/xml/user}ui-domain"": ""database"", ""{http://www.tableausoftware.com/xml/user}ui-enumeration"": ""inclusive"", ""{http://www.tableausoftware.com/xml/user}ui-marker"": ""enumerate""}, {""function"": ""member"", ""level"": ""[BTN Distribuciones (copy)_4723009404404842516]"", ""member"": ""\""Limpiar filtros\""""}, {""function"": ""member"", ""level"": ""[Calculation_4723009402545549324]"", ""member"": ""\""Seleccione\""""}]"
5_4aJusticiajuvenilAdolescentesyjvenes,DHBEvolucinTemporal,5.4a Justicia juvenil Adolescentes y j├│venes.twb,Admin SM - Contacto,"[federated.0qiz8oi1sb3cd813zi06q01yhyh5].[Action (BTN Limpiar filtros,SELECCIONE)]",categorical,"{""class"": ""categorical"", ""column"": ""[federated.0qiz8oi1sb3cd813zi06q01yhyh5].[Action (BTN Limpiar filtros,SELECCIONE)]""}","[{""function"": ""crossjoin"", ""{http://www.tableausoftware.com/xml/user}ui-action-filter"": ""[Action88_A2306F1AF23E4F9CAD37CD015AD97FBE]"", ""{http://www.tableausoftware.com/xml/user}ui-domain"": ""database"", ""{http://www.tableausoftware.com/xml/user}ui-enumeration"": ""inclusive"", ""{http://www.tableausoftware.com/xml/user}ui-marker"": ""enumerate""}, {""function"": ""member"", ""level"": ""[BTN Distribuciones (copy)_4723009404404842516]"", ""member"": ""\""Limpiar filtros\""""}, {""function"": ""member"", ""level"": ""[Calculation_4723009402545549324]"", ""member"": ""\""Seleccione\""""}]"
5_4aJusticiajuvenilAdolescentesyjvenes,DHBEvolucinTemporal,5.4a Justicia juvenil Adolescentes y j├│venes.twb,Caracteristicas - BTN Mostrar Gráficos,"[federated.0qiz8oi1sb3cd813zi06q01yhyh5].[Action (BTN Limpiar filtros,SELECCIONE)]",categorical,"{""class"": ""categorical"", ""column"": ""[federated.0qiz8oi1sb3cd813zi06q01yhyh5].[Action (BTN Limpiar filtros,SELECCIONE)]""}","[{""function"": ""crossjoin"", ""{http://www.tableausoftware.com/xml/user}ui-action-filter"": ""[Action88_A2306F1AF23E4F9CAD37CD015AD97FBE]"", ""{http://www.tableausoftware.com/xml/user}ui-domain"": ""database"", ""{http://www.tableausoftware.com/xml/user}ui-enumeration"": ""inclusive"", ""{http://www.tableausoftware.com/xml/user}ui-marker"": ""enumerate""}, {""function"": ""member"", ""level"": ""[BTN Distribuciones (copy)_4723009404404842516]"", ""member"": ""\""Limpiar filtros\""""}, {""function"": ""member"", ""level"": ""[Calculation_4723009402545549324]"", ""member"": ""\""Seleccione\""""}]"
5_4aJusticiajuvenilAdolescentesyjvenes,DHBEvolucinTemporal,5.4a Justicia juvenil Adolescentes y j├│venes.twb,Caracteristicas - BTN Mostrar Gráficos,[federated.0qiz8oi1sb3cd813zi06q01yhyh5].[none:Visualizar Indicadores (copy)_4723009404655362069:nk],categorical,"{""class"": ""categorical"", ""column"": ""[federated.0qiz8oi1sb3cd813zi06q01yhyh5].[none:Visualizar Indicadores (copy)_4723009404655362069:nk]""}","[{""function"": ""member"", ""level"": ""[none:Visualizar Indicadores (copy)_4723009404655362069:nk]"", ""member"": ""false"", ""{http://www.tableausoftware.com/xml/user}ui-domain"": ""relevant"", ""{http://www.tableausoftware.com/xml/user}ui-enumeration"": ""inclusive"", ""{http://www.tableausoftware.com/xml/user}ui-marker"": ""enumerate""}]"
5_4aJusticiajuvenilAdolescentesyjvenes,DHBEvolucinTemporal,5.4a Justicia juvenil Adolescentes y j├│venes.twb,Características - BTN,"[federated.0qiz8oi1sb3cd813zi06q01yhyh5].[Action (BTN Limpiar filtros,SELECCIONE)]",categorical,"{""class"": ""categorical"", ""column"": ""[federated.0qiz8oi1sb3cd813zi06q01yhyh5].[Action (BTN Limpiar filtros,SELECCIONE)]""}","[{""function"": ""crossjoin"", ""{http://www.tableausoftware.com/xml/user}ui-action-filter"": ""[Action88_A2306F1AF23E4F9CAD37CD015AD97FBE]"", ""{http://www.tableausoftware.com/xml/user}ui-domain"": ""database"", ""{http://www.tableausoftware.com/xml/user}ui-enumeration"": ""inclusive"", ""{http://www.tableausoftware.com/xml/user}ui-marker"": ""enumerate""}, {""function"": ""member"", ""level"": ""[BTN Distribuciones (copy)_4723009404404842516]"", ""member"": ""\""Limpiar filtros\""""}, {""function"": ""member"", ""level"": ""[Calculation_4723009402545549324]"", ""member"": ""\""Seleccione\""""}]"
5_4aJusticiajuvenilAdolescentesyjvenes,DHBEvolucinTemporal,5.4a Justicia juvenil Adolescentes y j├│venes.twb,Características - BTN,[federated.0qiz8oi1sb3cd813zi06q01yhyh5].[DATOS_DISTRIBUCIONES_1],categorical,"{""class"": ""categorical"", ""column"": ""[federated.0qiz8oi1sb3cd813zi06q01yhyh5].[DATOS_DISTRIBUCIONES_1]"", ""filter-group"": ""26""}","[{""function"": ""level-members"", ""level"": ""[TIPO_DE_DATO]"", ""{http://www.tableausoftware.com/xml/user}ui-enumeration"": ""all"", ""{http://www.tableausoftware.com/xml/user}ui-marker"": ""enumerate""}]"
5_4aJusticiajuvenilAdolescentesyjvenes,DHBEvolucinTemporal,5.4a Justicia juvenil Adolescentes y j├│venes.twb,Características - BTN,[federated.0qiz8oi1sb3cd813zi06q01yhyh5].[none:Calculation_334673811823804420:nk],categorical,"{""class"": ""categorical"", ""column"": ""[federated.0qiz8oi1sb3cd813zi06q01yhyh5].[none:Calculation_334673811823804420:nk]"", ""filter-group"": ""27""}","[{""function"": ""member"", ""level"": ""[none:Calculation_334673811823804420:nk]"", ""member"": ""true"", ""{http://www.tableausoftware.com/xml/user}ui-domain"": ""relevant"", ""{http://www.tableausoftware.com/xml/user}ui-enumeration"": ""inclusive"", ""{http://www.tableausoftware.com/xml/user}ui-marker"": ""enumerate""}]"
5_4aJusticiajuvenilAdolescentesyjvenes,DHBEvolucinTemporal,5.4a Justicia juvenil Adolescentes y j├│venes.twb,Características - Barras,[federated.0qiz8oi1sb3cd813zi06q01yhyh5].[DATOS_DISTRIBUCIONES_1],categorical,"{""class"": ""categorical"", ""column"": ""[federated.0qiz8oi1sb3cd813zi06q01yhyh5].[DATOS_DISTRIBUCIONES_1]"", ""filter-group"": ""26""}","[{""function"": ""level-members"", ""level"": ""[TIPO_DE_DATO]"", ""{http://www.tableausoftware.com/xml/user}ui-enumeration"": ""all"", ""{http://www.tableausoftware.com/xml/user}ui-marker"": ""enumerate""}]"
5_4aJusticiajuvenilAdolescentesyjvenes,DHBEvolucinTemporal,5.4a Justicia juvenil Adolescentes y j├│venes.twb,Características - Barras,[federated.0qiz8oi1sb3cd813zi06q01yhyh5].[none:ANIO:ok],categorical,"{""class"": ""categorical"", ""column"": ""[federated.0qiz8oi1sb3cd813zi06q01yhyh5].[none:ANIO:ok]"", ""filter-group"": ""6""}","[{""function"": ""level-members"", ""level"": ""[none:ANIO:ok]"", ""{http://www.tableausoftware.com/xml/user}ui-enumeration"": ""all"", ""{http://www.tableausoftware.com/xml/user}ui-marker"": ""enumerate""}]"
5_4aJusticiajuvenilAdolescentesyjvenes,DHBEvolucinTemporal,5.4a Justicia juvenil Adolescentes y j├│venes.twb,Características - Barras,[federated.0qiz8oi1sb3cd813zi06q01yhyh5].[none:APERTURA_NIVEL_1:nk],categorical,"{""class"": ""categorical"", ""column"": ""[federated.0qiz8oi1sb3cd813zi06q01yhyh5].[none:APERTURA_NIVEL_1:nk]"", ""filter-group"": ""11""}","[{""function"": ""level-members"", ""level"": ""[none:APERTURA_NIVEL_1:nk]"", ""{http://www.tableausoftware.com/xml/user}ui-enumeration"": ""all"", ""{http://www.tableausoftware.com/xml/user}ui-marker"": ""enumerate""}]"
5_4aJusticiajuvenilAdolescentesyjvenes,DHBEvolucinTemporal,5.4a Justicia juvenil Adolescentes y j├│venes.twb,Características - Barras,[federated.0qiz8oi1sb3cd813zi06q01yhyh5].[none:Calculation_334673811823804420:nk],categorical,"{""class"": ""categorical"", ""column"": ""[federated.0qiz8oi1sb3cd813zi06q01yhyh5].[none:Calculation_334673811823804420:nk]"", ""filter-group"": ""27""}","[{""function"": ""member"", ""level"": ""[none:Calculation_334673811823804420:nk]"", ""member"": ""true"", ""{http://www.tableausoftware.com/xml/user}ui-domain"": ""relevant"", ""{http://www.tableausoftware.com/xml/user}ui-enumeration"": ""inclusive"", ""{http://www.tableausoftware.com/xml/user}ui-marker"": ""enumerate""}]"
5_4aJusticiajuvenilAdolescentesyjvenes,DHBEvolucinTemporal,5.4a Justicia juvenil Adolescentes y j├│venes.twb,Características - Barras,[federated.0qiz8oi1sb3cd813zi06q01yhyh5].[none:Calculation_334673811825987589:nk],categorical,"{""class"": ""categorical"", ""column"": ""[federated.0qiz8oi1sb3cd813zi06q01yhyh5].[none:Calculation_334673811825987589:nk]"", ""filter-group"": ""8""}","[{""function"": ""member"", ""level"": ""[none:Calculation_334673811825987589:nk]"", ""member"": ""true"", ""{http://www.tableausoftware.com/xml/user}ui-domain"": ""relevant"", ""{http://www.tableausoftware.com/xml/user}ui-enumeration"": ""inclusive"", ""{http://www.tableausoftware.com/xml/user}ui-marker"": ""enumerate""}]"
5_4aJusticiajuvenilAdolescentesyjvenes,DHBEvolucinTemporal,5.4a Justicia juvenil Adolescentes y j├│venes.twb,Características - Barras,[federated.0qiz8oi1sb3cd813zi06q01yhyh5].[none:Distribuciones - Visualizar Gráfico Torta (copy)_159666739711741954:qk],quantitative,"{""class"": ""quantitative"", ""column"": ""[federated.0qiz8oi1sb3cd813zi06q01yhyh5].[none:Distribuciones - Visualizar Gráfico Torta (copy)_159666739711741954:qk]"", ""included-values"": ""in-range-or-null""}",[]
5_4aJusticiajuvenilAdolescentesyjvenes,DHBEvolucinTemporal,5.4a Justicia juvenil Adolescentes y j├│venes.twb,Características - Barras,[federated.0qiz8oi1sb3cd813zi06q01yhyh5].[none:INDICADOR_NOMBRE (Indicadores):nk],categorical,"{""class"": ""categorical"", ""column"": ""[federated.0qiz8oi1sb3cd813zi06q01yhyh5].[none:INDICADOR_NOMBRE (Indicadores):nk]"", ""filter-group"": ""7""}","[{""function"": ""level-members"", ""level"": ""[none:INDICADOR_NOMBRE (Indicadores):nk]"", ""{http://www.tableausoftware.com/xml/user}ui-enumeration"": ""all"", ""{http://www.tableausoftware.com/xml/user}ui-marker"": ""enumerate""}]"
5_4aJusticiajuvenilAdolescentesyjvenes,DHBEvolucinTemporal,5.4a Justicia juvenil Adolescentes y j├│venes.twb,Características - Barras,[federated.0qiz8oi1sb3cd813zi06q01yhyh5].[none:UNIDAD_GEOGRAFICA_NOMBRE:nk],categorical,"{""class"": ""categorical"", ""column"": ""[federated.0qiz8oi1sb3cd813zi06q01yhyh5].[none:UNIDAD_GEOGRAFICA_NOMBRE:nk]"", ""filter-group"": ""17""}","[{""function"": ""level-members"", ""level"": ""[none:UNIDAD_GEOGRAFICA_NOMBRE:nk]"", ""{http://www.tableausoftware.com/xml/user}ui-enumeration"": ""all"", ""{http://www.tableausoftware.com/xml/user}ui-marker"": ""enumerate""}]"
5_4aJusticiajuvenilAdolescentesyjvenes,DHBEvolucinTemporal,5.4a Justicia juvenil Adolescentes y j├│venes.twb,Características - Barras,[federated.0qiz8oi1sb3cd813zi06q01yhyh5].[none:Visualizar Indicadores (copy)_4723009404679073821:nk],categorical,"{""class"": ""categorical"", ""column"": ""[federated.0qiz8oi1sb3cd813zi06q01yhyh5].[none:Visualizar Indicadores (copy)_4723009404679073821:nk]"", ""filter-group"": ""12""}","[{""function"": ""member"", ""level"": ""[none:Visualizar Indicadores (copy)_4723009404679073821:nk]"", ""member"": ""true"", ""{http://www.tableausoftware.com/xml/user}ui-domain"": ""relevant"", ""{http://www.tableausoftware.com/xml/user}ui-enumeration"": ""inclusive"", ""{http://www.tableausoftware.com/xml/user}ui-marker"": ""enumerate""}]"
5_4aJusticiajuvenilAdolescentesyjvenes,DHBEvolucinTemporal,5.4a Justicia juvenil Adolescentes y j├│venes.twb,Características - Filtro,[federated.0qiz8oi1sb3cd813zi06q01yhyh5].[DATOS_DISTRIBUCIONES_1],categorical,"{""class"": ""categorical"", ""column"": ""[federated.0qiz8oi1sb3cd813zi06q01yhyh5].[DATOS_DISTRIBUCIONES_1]"", ""filter-group"": ""26""}","[{""function"": ""level-members"", ""level"": ""[TIPO_DE_DATO]"", ""{http://www.tableausoftware.com/xml/user}ui-enumeration"": ""all"", ""{http://www.tableausoftware.com/xml/user}ui-marker"": ""enumerate""}]"
5_4aJusticiajuvenilAdolescentesyjvenes,DHBEvolucinTemporal,5.4a Justicia juvenil Adolescentes y j├│venes.twb,Características - Filtro,[federated.0qiz8oi1sb3cd813zi06q01yhyh5].[none:ANIO:ok],categorical,"{""class"": ""categorical"", ""column"": ""[federated.0qiz8oi1sb3cd813zi06q01yhyh5].[none:ANIO:ok]"", ""filter-group"": ""6""}","[{""function"": ""level-members"", ""level"": ""[none:ANIO:ok]"", ""{http://www.tableausoftware.com/xml/user}ui-enumeration"": ""all"", ""{http://www.tableausoftware.com/xml/user}ui-marker"": ""enumerate""}]"
5_4aJusticiajuvenilAdolescentesyjvenes,DHBEvolucinTemporal,5.4a Justicia juvenil Adolescentes y j├│venes.twb,Características - Filtro,[federated.0qiz8oi1sb3cd813zi06q01yhyh5].[none:APERTURA_NIVEL_1:nk],categorical,"{""class"": ""categorical"", ""column"": ""[federated.0qiz8oi1sb3cd813zi06q01yhyh5].[none:APERTURA_NIVEL_1:nk]"", ""filter-group"": ""11""}","[{""function"": ""level-members"", ""level"": ""[none:APERTURA_NIVEL_1:nk]"", ""{http://www.tableausoftware.com/xml/user}ui-enumeration"": ""all"", ""{http://www.tableausoftware.com/xml/user}ui-marker"": ""enumerate""}]"
5_4aJusticiajuvenilAdolescentesyjvenes,DHBEvolucinTemporal,5.4a Justicia juvenil Adolescentes y j├│venes.twb,Características - Filtro,[federated.0qiz8oi1sb3cd813zi06q01yhyh5].[none:Calculation_334673811823804420:nk],categorical,"{""class"": ""categorical"", ""column"": ""[federated.0qiz8oi1sb3cd813zi06q01yhyh5].[none:Calculation_334673811823804420:nk]"", ""filter-group"": ""27""}","[{""function"": ""member"", ""level"": ""[none:Calculation_334673811823804420:nk]"", ""member"": ""true"", ""{http://www.tableausoftware.com/xml/user}ui-domain"": ""relevant"", ""{http://www.tableausoftware.com/xml/user}ui-enumeration"": ""inclusive"", ""{http://www.tableausoftware.com/xml/user}ui-marker"": ""enumerate""}]"
5_4aJusticiajuvenilAdolescentesyjvenes,DHBEvolucinTemporal,5.4a Justicia juvenil Adolescentes y j├│venes.twb,Características - Filtro,[federated.0qiz8oi1sb3cd813zi06q01yhyh5].[none:Calculation_334673811825987589:nk],categorical,"{""class"": ""categorical"", ""column"": ""[federated.0qiz8oi1sb3cd813zi06q01yhyh5].[none:Calculation_334673811825987589:nk]""}","[{""function"": ""member"", ""level"": ""[none:Calculation_334673811825987589:nk]"", ""member"": ""true"", ""{http://www.tableausoftware.com/xml/user}ui-domain"": ""relevant"", ""{http://www.tableausoftware.com/xml/user}ui-enumeration"": ""inclusive"", ""{http://www.tableausoftware.com/xml/user}ui-marker"": ""enumerate""}]"
5_4aJusticiajuvenilAdolescentesyjvenes,DHBEvolucinTemporal,5.4a Justicia juvenil Adolescentes y j├│venes.twb,Características - Filtro,[federated.0qiz8oi1sb3cd813zi06q01yhyh5].[none:INDICADOR_NOMBRE (Indicadores):nk],categorical,"{""class"": ""categorical"", ""column"": ""[federated.0qiz8oi1sb3cd813zi06q01yhyh5].[none:INDICADOR_NOMBRE (Indicadores):nk]"", ""filter-group"": ""7""}","[{""function"": ""level-members"", ""level"": ""[none:INDICADOR_NOMBRE (Indicadores):nk]"", ""{http://www.tableausoftware.com/xml/user}ui-enumeration"": ""all"", ""{http://www.tableausoftware.com/xml/user}ui-marker"": ""enumerate""}]"
5_4aJusticiajuvenilAdolescentesyjvenes,DHBEvolucinTemporal,5.4a Justicia juvenil Adolescentes y j├│venes.twb,Características - Filtro,[federated.0qiz8oi1sb3cd813zi06q01yhyh5].[none:UNIDAD_GEOGRAFICA_NOMBRE:nk],categorical,"{""class"": ""categorical"", ""column"": ""[federated.0qiz8oi1sb3cd813zi06q01yhyh5].[none:UNIDAD_GEOGRAFICA_NOMBRE:nk]"", ""filter-group"": ""17""}","[{""function"": ""level-members"", ""level"": ""[none:UNIDAD_GEOGRAFICA_NOMBRE:nk]"", ""{http://www.tableausoftware.com/xml/user}ui-enumeration"": ""all"", ""{http://www.tableausoftware.com/xml/user}ui-marker"": ""enumerate""}]"
5_4aJusticiajuvenilAdolescentesyjvenes,DHBEvolucinTemporal,5.4a Justicia juvenil Adolescentes y j├│venes.twb,Características - Jerarquía,[federated.0qiz8oi1sb3cd813zi06q01yhyh5].[DATOS_DISTRIBUCIONES_1],categorical,"{""class"": ""categorical"", ""column"": ""[federated.0qiz8oi1sb3cd813zi06q01yhyh5].[DATOS_DISTRIBUCIONES_1]"", ""filter-group"": ""26""}","[{""function"": ""level-members"", ""level"": ""[TIPO_DE_DATO]"", ""{http://www.tableausoftware.com/xml/user}ui-enumeration"": ""all"", ""{http://www.tableausoftware.com/xml/user}ui-marker"": ""enumerate""}]"
5_4aJusticiajuvenilAdolescentesyjvenes,DHBEvolucinTemporal,5.4a Justicia juvenil Adolescentes y j├│venes.twb,Características - Jerarquía,[federated.0qiz8oi1sb3cd813zi06q01yhyh5].[none:ANIO:ok],categorical,"{""class"": ""categorical"", ""column"": ""[federated.0qiz8oi1sb3cd813zi06q01yhyh5].[none:ANIO:ok]"", ""filter-group"": ""6""}","[{""function"": ""level-members"", ""level"": ""[none:ANIO:ok]"", ""{http://www.tableausoftware.com/xml/user}ui-enumeration"": ""all"", ""{http://www.tableausoftware.com/xml/user}ui-marker"": ""enumerate""}]"
5_4aJusticiajuvenilAdolescentesyjvenes,DHBEvolucinTemporal,5.4a Justicia juvenil Adolescentes y j├│venes.twb,Características - Jerarquía,[federated.0qiz8oi1sb3cd813zi06q01yhyh5].[none:APERTURA_NIVEL_1:nk],categorical,"{""class"": ""categorical"", ""column"": ""[federated.0qiz8oi1sb3cd813zi06q01yhyh5].[none:APERTURA_NIVEL_1:nk]"", ""filter-group"": ""11""}","[{""function"": ""level-members"", ""level"": ""[none:APERTURA_NIVEL_1:nk]"", ""{http://www.tableausoftware.com/xml/user}ui-enumeration"": ""all"", ""{http://www.tableausoftware.com/xml/user}ui-marker"": ""enumerate""}]"
5_4aJusticiajuvenilAdolescentesyjvenes,DHBEvolucinTemporal,5.4a Justicia juvenil Adolescentes y j├│venes.twb,Características - Jerarquía,[federated.0qiz8oi1sb3cd813zi06q01yhyh5].[none:Calculation_334673811823804420:nk],categorical,"{""class"": ""categorical"", ""column"": ""[federated.0qiz8oi1sb3cd813zi06q01yhyh5].[none:Calculation_334673811823804420:nk]"", ""filter-group"": ""27""}","[{""function"": ""member"", ""level"": ""[none:Calculation_334673811823804420:nk]"", ""member"": ""true"", ""{http://www.tableausoftware.com/xml/user}ui-domain"": ""relevant"", ""{http://www.tableausoftware.com/xml/user}ui-enumeration"": ""inclusive"", ""{http://www.tableausoftware.com/xml/user}ui-marker"": ""enumerate""}]"
5_4aJusticiajuvenilAdolescentesyjvenes,DHBEvolucinTemporal,5.4a Justicia juvenil Adolescentes y j├│venes.twb,Características - Jerarquía,[federated.0qiz8oi1sb3cd813zi06q01yhyh5].[none:Calculation_334673811825987589:nk],categorical,"{""class"": ""categorical"", ""column"": ""[federated.0qiz8oi1sb3cd813zi06q01yhyh5].[none:Calculation_334673811825987589:nk]"", ""filter-group"": ""8""}","[{""function"": ""member"", ""level"": ""[none:Calculation_334673811825987589:nk]"", ""member"": ""true"", ""{http://www.tableausoftware.com/xml/user}ui-domain"": ""relevant"", ""{http://www.tableausoftware.com/xml/user}ui-enumeration"": ""inclusive"", ""{http://www.tableausoftware.com/xml/user}ui-marker"": ""enumerate""}]"
5_4aJusticiajuvenilAdolescentesyjvenes,DHBEvolucinTemporal,5.4a Justicia juvenil Adolescentes y j├│venes.twb,Características - Jerarquía,[federated.0qiz8oi1sb3cd813zi06q01yhyh5].[none:INDICADOR_NOMBRE (Indicadores):nk],categorical,"{""class"": ""categorical"", ""column"": ""[federated.0qiz8oi1sb3cd813zi06q01yhyh5].[none:INDICADOR_NOMBRE (Indicadores):nk]"", ""filter-group"": ""7""}","[{""function"": ""level-members"", ""level"": ""[none:INDICADOR_NOMBRE (Indicadores):nk]"", ""{http://www.tableausoftware.com/xml/user}ui-enumeration"": ""all"", ""{http://www.tableausoftware.com/xml/user}ui-marker"": ""enumerate""}]"
5_4aJusticiajuvenilAdolescentesyjvenes,DHBEvolucinTemporal,5.4a Justicia juvenil Adolescentes y j├│venes.twb,Características - Jerarquía,[federated.0qiz8oi1sb3cd813zi06q01yhyh5].[none:UNIDAD_GEOGRAFICA_NOMBRE:nk],categorical,"{""class"": ""categorical"", ""column"": ""[federated.0qiz8oi1sb3cd813zi06q01yhyh5].[none:UNIDAD_GEOGRAFICA_NOMBRE:nk]"", ""filter-group"": ""17""}","[{""function"": ""level-members"", ""level"": ""[none:UNIDAD_GEOGRAFICA_NOMBRE:nk]"", ""{http://www.tableausoftware.com/xml/user}ui-enumeration"": ""all"", ""{http://www.tableausoftware.com/xml/user}ui-marker"": ""enumerate""}]"
5_4aJusticiajuvenilAdolescentesyjvenes,DHBEvolucinTemporal,5.4a Justicia juvenil Adolescentes y j├│venes.twb,Características - Jerarquía,[federated.0qiz8oi1sb3cd813zi06q01yhyh5].[none:Visualizar Gráfico Tabla (copia)_1886797147614306325:qk],quantitative,"{""class"": ""quantitative"", ""column"": ""[federated.0qiz8oi1sb3cd813zi06q01yhyh5].[none:Visualizar Gráfico Tabla (copia)_1886797147614306325:qk]"", ""included-values"": ""in-range-or-null""}",[]
5_4aJusticiajuvenilAdolescentesyjvenes,DHBEvolucinTemporal,5.4a Justicia juvenil Adolescentes y j├│venes.twb,Características - Jerarquía,[federated.0qiz8oi1sb3cd813zi06q01yhyh5].[none:Visualizar Indicadores (copy)_4723009404679073821:nk],categorical,"{""class"": ""categorical"", ""column"": ""[federated.0qiz8oi1sb3cd813zi06q01yhyh5].[none:Visualizar Indicadores (copy)_4723009404679073821:nk]"", ""filter-group"": ""12""}","[{""function"": ""member"", ""level"": ""[none:Visualizar Indicadores (copy)_4723009404679073821:nk]"", ""member"": ""true"", ""{http://www.tableausoftware.com/xml/user}ui-domain"": ""relevant"", ""{http://www.tableausoftware.com/xml/user}ui-enumeration"": ""inclusive"", ""{http://www.tableausoftware.com/xml/user}ui-marker"": ""enumerate""}]"
5_4aJusticiajuvenilAdolescentesyjvenes,DHBEvolucinTemporal,5.4a Justicia juvenil Adolescentes y j├│venes.twb,Características - Torta,[federated.0qiz8oi1sb3cd813zi06q01yhyh5].[DATOS_DISTRIBUCIONES_1],categorical,"{""class"": ""categorical"", ""column"": ""[federated.0qiz8oi1sb3cd813zi06q01yhyh5].[DATOS_DISTRIBUCIONES_1]"", ""filter-group"": ""26""}","[{""function"": ""level-members"", ""level"": ""[TIPO_DE_DATO]"", ""{http://www.tableausoftware.com/xml/user}ui-enumeration"": ""all"", ""{http://www.tableausoftware.com/xml/user}ui-marker"": ""enumerate""}]"
5_4aJusticiajuvenilAdolescentesyjvenes,DHBEvolucinTemporal,5.4a Justicia juvenil Adolescentes y j├│venes.twb,Características - Torta,[federated.0qiz8oi1sb3cd813zi06q01yhyh5].[attr:APERTURA_NIVEL_1:nk],categorical,"{""class"": ""categorical"", ""column"": ""[federated.0qiz8oi1sb3cd813zi06q01yhyh5].[attr:APERTURA_NIVEL_1:nk]""}","[{""function"": ""except"", ""{http://www.tableausoftware.com/xml/user}ui-domain"": ""relevant"", ""{http://www.tableausoftware.com/xml/user}ui-enumeration"": ""exclusive"", ""{http://www.tableausoftware.com/xml/user}ui-manual-selection"": ""true"", ""{http://www.tableausoftware.com/xml/user}ui-manual-selection-all-when-empty"": ""true"", ""{http://www.tableausoftware.com/xml/user}ui-marker"": ""enumerate""}, {""function"": ""level-members"", ""level"": ""[attr:APERTURA_NIVEL_1:nk]""}, {""function"": ""member"", ""level"": ""[attr:APERTURA_NIVEL_1:nk]"", ""member"": ""\""Crédito vigente\""""}]"
5_4aJusticiajuvenilAdolescentesyjvenes,DHBEvolucinTemporal,5.4a Justicia juvenil Adolescentes y j├│venes.twb,Características - Torta,[federated.0qiz8oi1sb3cd813zi06q01yhyh5].[none:ANIO:ok],categorical,"{""class"": ""categorical"", ""column"": ""[federated.0qiz8oi1sb3cd813zi06q01yhyh5].[none:ANIO:ok]"", ""filter-group"": ""6""}","[{""function"": ""level-members"", ""level"": ""[none:ANIO:ok]"", ""{http://www.tableausoftware.com/xml/user}ui-enumeration"": ""all"", ""{http://www.tableausoftware.com/xml/user}ui-marker"": ""enumerate""}]"
5_4aJusticiajuvenilAdolescentesyjvenes,DHBEvolucinTemporal,5.4a Justicia juvenil Adolescentes y j├│venes.twb,Características - Torta,[federated.0qiz8oi1sb3cd813zi06q01yhyh5].[none:APERTURA_NIVEL_1:nk],categorical,"{""class"": ""categorical"", ""column"": ""[federated.0qiz8oi1sb3cd813zi06q01yhyh5].[none:APERTURA_NIVEL_1:nk]"", ""filter-group"": ""11""}","[{""function"": ""level-members"", ""level"": ""[none:APERTURA_NIVEL_1:nk]"", ""{http://www.tableausoftware.com/xml/user}ui-enumeration"": ""all"", ""{http://www.tableausoftware.com/xml/user}ui-marker"": ""enumerate""}]"
5_4aJusticiajuvenilAdolescentesyjvenes,DHBEvolucinTemporal,5.4a Justicia juvenil Adolescentes y j├│venes.twb,Características - Torta,[federated.0qiz8oi1sb3cd813zi06q01yhyh5].[none:Calculation_334673811823804420:nk],categorical,"{""class"": ""categorical"", ""column"": ""[federated.0qiz8oi1sb3cd813zi06q01yhyh5].[none:Calculation_334673811823804420:nk]"", ""filter-group"": ""27""}","[{""function"": ""member"", ""level"": ""[none:Calculation_334673811823804420:nk]"", ""member"": ""true"", ""{http://www.tableausoftware.com/xml/user}ui-domain"": ""relevant"", ""{http://www.tableausoftware.com/xml/user}ui-enumeration"": ""inclusive"", ""{http://www.tableausoftware.com/xml/user}ui-marker"": ""enumerate""}]"
5_4aJusticiajuvenilAdolescentesyjvenes,DHBEvolucinTemporal,5.4a Justicia juvenil Adolescentes y j├│venes.twb,Características - Torta,[federated.0qiz8oi1sb3cd813zi06q01yhyh5].[none:Calculation_334673811825987589:nk],categorical,"{""class"": ""categorical"", ""column"": ""[federated.0qiz8oi1sb3cd813zi06q01yhyh5].[none:Calculation_334673811825987589:nk]"", ""filter-group"": ""8""}","[{""function"": ""member"", ""level"": ""[none:Calculation_334673811825987589:nk]"", ""member"": ""true"", ""{http://www.tableausoftware.com/xml/user}ui-domain"": ""relevant"", ""{http://www.tableausoftware.com/xml/user}ui-enumeration"": ""inclusive"", ""{http://www.tableausoftware.com/xml/user}ui-marker"": ""enumerate""}]"
5_4aJusticiajuvenilAdolescentesyjvenes,DHBEvolucinTemporal,5.4a Justicia juvenil Adolescentes y j├│venes.twb,Características - Torta,[federated.0qiz8oi1sb3cd813zi06q01yhyh5].[none:INDICADOR_NOMBRE (Indicadores):nk],categorical,"{""class"": ""categorical"", ""column"": ""[federated.0qiz8oi1sb3cd813zi06q01yhyh5].[none:INDICADOR_NOMBRE (Indicadores):nk]"", ""filter-group"": ""7""}","[{""function"": ""level-members"", ""level"": ""[none:INDICADOR_NOMBRE (Indicadores):nk]"", ""{http://www.tableausoftware.com/xml/user}ui-enumeration"": ""all"", ""{http://www.tableausoftware.com/xml/user}ui-marker"": ""enumerate""}]"
5_4aJusticiajuvenilAdolescentesyjvenes,DHBEvolucinTemporal,5.4a Justicia juvenil Adolescentes y j├│venes.twb,Características - Torta,[federated.0qiz8oi1sb3cd813zi06q01yhyh5].[none:UNIDAD_GEOGRAFICA_NOMBRE:nk],categorical,"{""class"": ""categorical"", ""column"": ""[federated.0qiz8oi1sb3cd813zi06q01yhyh5].[none:UNIDAD_GEOGRAFICA_NOMBRE:nk]"", ""filter-group"": ""17""}","[{""function"": ""level-members"", ""level"": ""[none:UNIDAD_GEOGRAFICA_NOMBRE:nk]"", ""{http://www.tableausoftware.com/xml/user}ui-enumeration"": ""all"", ""{http://www.tableausoftware.com/xml/user}ui-marker"": ""enumerate""}]"
5_4aJusticiajuvenilAdolescentesyjvenes,DHBEvolucinTemporal,5.4a Justicia juvenil Adolescentes y j├│venes.twb,Características - Torta,[federated.0qiz8oi1sb3cd813zi06q01yhyh5].[none:Visualizar Gráfico Jerarquía (copia)_1886797147614466070:qk],quantitative,"{""class"": ""quantitative"", ""column"": ""[federated.0qiz8oi1sb3cd813zi06q01yhyh5].[none:Visualizar Gráfico Jerarquía (copia)_1886797147614466070:qk]"", ""included-values"": ""in-range-or-null""}",[]
5_4aJusticiajuvenilAdolescentesyjvenes,DHBEvolucinTemporal,5.4a Justicia juvenil Adolescentes y j├│venes.twb,Características - Torta,[federated.0qiz8oi1sb3cd813zi06q01yhyh5].[none:Visualizar Indicadores (copy)_4723009404679073821:nk],categorical,"{""class"": ""categorical"", ""column"": ""[federated.0qiz8oi1sb3cd813zi06q01yhyh5].[none:Visualizar Indicadores (copy)_4723009404679073821:nk]"", ""filter-group"": ""12""}","[{""function"": ""member"", ""level"": ""[none:Visualizar Indicadores (copy)_4723009404679073821:nk]"", ""member"": ""true"", ""{http://www.tableausoftware.com/xml/user}ui-domain"": ""relevant"", ""{http://www.tableausoftware.com/xml/user}ui-enumeration"": ""inclusive"", ""{http://www.tableausoftware.com/xml/user}ui-marker"": ""enumerate""}]"
5_4aJusticiajuvenilAdolescentesyjvenes,DHBEvolucinTemporal,5.4a Justicia juvenil Adolescentes y j├│venes.twb,Características - Título,[federated.0qiz8oi1sb3cd813zi06q01yhyh5].[DATOS_DISTRIBUCIONES_1],categorical,"{""class"": ""categorical"", ""column"": ""[federated.0qiz8oi1sb3cd813zi06q01yhyh5].[DATOS_DISTRIBUCIONES_1]"", ""filter-group"": ""26""}","[{""function"": ""level-members"", ""level"": ""[TIPO_DE_DATO]"", ""{http://www.tableausoftware.com/xml/user}ui-enumeration"": ""all"", ""{http://www.tableausoftware.com/xml/user}ui-marker"": ""enumerate""}]"
5_4aJusticiajuvenilAdolescentesyjvenes,DHBEvolucinTemporal,5.4a Justicia juvenil Adolescentes y j├│venes.twb,Características - Título,[federated.0qiz8oi1sb3cd813zi06q01yhyh5].[none:ANIO:ok],categorical,"{""class"": ""categorical"", ""column"": ""[federated.0qiz8oi1sb3cd813zi06q01yhyh5].[none:ANIO:ok]"", ""filter-group"": ""6""}","[{""function"": ""level-members"", ""level"": ""[none:ANIO:ok]"", ""{http://www.tableausoftware.com/xml/user}ui-enumeration"": ""all"", ""{http://www.tableausoftware.com/xml/user}ui-marker"": ""enumerate""}]"
5_4aJusticiajuvenilAdolescentesyjvenes,DHBEvolucinTemporal,5.4a Justicia juvenil Adolescentes y j├│venes.twb,Características - Título,[federated.0qiz8oi1sb3cd813zi06q01yhyh5].[none:APERTURA_NIVEL_1:nk],categorical,"{""class"": ""categorical"", ""column"": ""[federated.0qiz8oi1sb3cd813zi06q01yhyh5].[none:APERTURA_NIVEL_1:nk]"", ""filter-group"": ""11""}","[{""function"": ""level-members"", ""level"": ""[none:APERTURA_NIVEL_1:nk]"", ""{http://www.tableausoftware.com/xml/user}ui-enumeration"": ""all"", ""{http://www.tableausoftware.com/xml/user}ui-marker"": ""enumerate""}]"
5_4aJusticiajuvenilAdolescentesyjvenes,DHBEvolucinTemporal,5.4a Justicia juvenil Adolescentes y j├│venes.twb,Características - Título,[federated.0qiz8oi1sb3cd813zi06q01yhyh5].[none:Calculation_334673811823804420:nk],categorical,"{""class"": ""categorical"", ""column"": ""[federated.0qiz8oi1sb3cd813zi06q01yhyh5].[none:Calculation_334673811823804420:nk]"", ""filter-group"": ""27""}","[{""function"": ""member"", ""level"": ""[none:Calculation_334673811823804420:nk]"", ""member"": ""true"", ""{http://www.tableausoftware.com/xml/user}ui-domain"": ""relevant"", ""{http://www.tableausoftware.com/xml/user}ui-enumeration"": ""inclusive"", ""{http://www.tableausoftware.com/xml/user}ui-marker"": ""enumerate""}]"
5_4aJusticiajuvenilAdolescentesyjvenes,DHBEvolucinTemporal,5.4a Justicia juvenil Adolescentes y j├│venes.twb,Características - Título,[federated.0qiz8oi1sb3cd813zi06q01yhyh5].[none:Calculation_334673811825987589:nk],categorical,"{""class"": ""categorical"", ""column"": ""[federated.0qiz8oi1sb3cd813zi06q01yhyh5].[none:Calculation_334673811825987589:nk]"", ""filter-group"": ""8""}","[{""function"": ""member"", ""level"": ""[none:Calculation_334673811825987589:nk]"", ""member"": ""true"", ""{http://www.tableausoftware.com/xml/user}ui-domain"": ""relevant"", ""{http://www.tableausoftware.com/xml/user}ui-enumeration"": ""inclusive"", ""{http://www.tableausoftware.com/xml/user}ui-marker"": ""enumerate""}]"
5_4aJusticiajuvenilAdolescentesyjvenes,DHBEvolucinTemporal,5.4a Justicia juvenil Adolescentes y j├│venes.twb,Características - Título,[federated.0qiz8oi1sb3cd813zi06q01yhyh5].[none:INDICADOR_NOMBRE (Indicadores):nk],categorical,"{""class"": ""categorical"", ""column"": ""[federated.0qiz8oi1sb3cd813zi06q01yhyh5].[none:INDICADOR_NOMBRE (Indicadores):nk]"", ""filter-group"": ""7""}","[{""function"": ""level-members"", ""level"": ""[none:INDICADOR_NOMBRE (Indicadores):nk]"", ""{http://www.tableausoftware.com/xml/user}ui-enumeration"": ""all"", ""{http://www.tableausoftware.com/xml/user}ui-marker"": ""enumerate""}]"
5_4aJusticiajuvenilAdolescentesyjvenes,DHBEvolucinTemporal,5.4a Justicia juvenil Adolescentes y j├│venes.twb,Características - Título,[federated.0qiz8oi1sb3cd813zi06q01yhyh5].[none:UNIDAD_GEOGRAFICA_NOMBRE:nk],categorical,"{""class"": ""categorical"", ""column"": ""[federated.0qiz8oi1sb3cd813zi06q01yhyh5].[none:UNIDAD_GEOGRAFICA_NOMBRE:nk]"", ""filter-group"": ""17""}","[{""function"": ""level-members"", ""level"": ""[none:UNIDAD_GEOGRAFICA_NOMBRE:nk]"", ""{http://www.tableausoftware.com/xml/user}ui-enumeration"": ""all"", ""{http://www.tableausoftware.com/xml/user}ui-marker"": ""enumerate""}]"
5_4aJusticiajuvenilAdolescentesyjvenes,DHBEvolucinTemporal,5.4a Justicia juvenil Adolescentes y j├│venes.twb,Características - Título,[federated.0qiz8oi1sb3cd813zi06q01yhyh5].[none:Visualizar Indicadores (copy)_4723009404679073821:nk],categorical,"{""class"": ""categorical"", ""column"": ""[federated.0qiz8oi1sb3cd813zi06q01yhyh5].[none:Visualizar Indicadores (copy)_4723009404679073821:nk]"", ""filter-group"": ""12""}","[{""function"": ""member"", ""level"": ""[none:Visualizar Indicadores (copy)_4723009404679073821:nk]"", ""member"": ""true"", ""{http://www.tableausoftware.com/xml/user}ui-domain"": ""relevant"", ""{http://www.tableausoftware.com/xml/user}ui-enumeration"": ""inclusive"", ""{http://www.tableausoftware.com/xml/user}ui-marker"": ""enumerate""}]"
5_4aJusticiajuvenilAdolescentesyjvenes,DHBEvolucinTemporal,5.4a Justicia juvenil Adolescentes y j├│venes.twb,Características- Filtro Indicador,[federated.0qiz8oi1sb3cd813zi06q01yhyh5].[DATOS_DISTRIBUCIONES_1],categorical,"{""class"": ""categorical"", ""column"": ""[federated.0qiz8oi1sb3cd813zi06q01yhyh5].[DATOS_DISTRIBUCIONES_1]"", ""filter-group"": ""26""}","[{""function"": ""level-members"", ""level"": ""[TIPO_DE_DATO]"", ""{http://www.tableausoftware.com/xml/user}ui-enumeration"": ""all"", ""{http://www.tableausoftware.com/xml/user}ui-marker"": ""enumerate""}]"
5_4aJusticiajuvenilAdolescentesyjvenes,DHBEvolucinTemporal,5.4a Justicia juvenil Adolescentes y j├│venes.twb,Características- Filtro Indicador,[federated.0qiz8oi1sb3cd813zi06q01yhyh5].[none:ANIO:ok],categorical,"{""class"": ""categorical"", ""column"": ""[federated.0qiz8oi1sb3cd813zi06q01yhyh5].[none:ANIO:ok]"", ""filter-group"": ""6""}","[{""function"": ""level-members"", ""level"": ""[none:ANIO:ok]"", ""{http://www.tableausoftware.com/xml/user}ui-enumeration"": ""all"", ""{http://www.tableausoftware.com/xml/user}ui-marker"": ""enumerate""}]"
5_4aJusticiajuvenilAdolescentesyjvenes,DHBEvolucinTemporal,5.4a Justicia juvenil Adolescentes y j├│venes.twb,Características- Filtro Indicador,[federated.0qiz8oi1sb3cd813zi06q01yhyh5].[none:APERTURA_NIVEL_1:nk],categorical,"{""class"": ""categorical"", ""column"": ""[federated.0qiz8oi1sb3cd813zi06q01yhyh5].[none:APERTURA_NIVEL_1:nk]"", ""filter-group"": ""11""}","[{""function"": ""level-members"", ""level"": ""[none:APERTURA_NIVEL_1:nk]"", ""{http://www.tableausoftware.com/xml/user}ui-enumeration"": ""all"", ""{http://www.tableausoftware.com/xml/user}ui-marker"": ""enumerate""}]"
5_4aJusticiajuvenilAdolescentesyjvenes,DHBEvolucinTemporal,5.4a Justicia juvenil Adolescentes y j├│venes.twb,Características- Filtro Indicador,[federated.0qiz8oi1sb3cd813zi06q01yhyh5].[none:Calculation_334673811823804420:nk],categorical,"{""class"": ""categorical"", ""column"": ""[federated.0qiz8oi1sb3cd813zi06q01yhyh5].[none:Calculation_334673811823804420:nk]"", ""filter-group"": ""27""}","[{""function"": ""member"", ""level"": ""[none:Calculation_334673811823804420:nk]"", ""member"": ""true"", ""{http://www.tableausoftware.com/xml/user}ui-domain"": ""relevant"", ""{http://www.tableausoftware.com/xml/user}ui-enumeration"": ""inclusive"", ""{http://www.tableausoftware.com/xml/user}ui-marker"": ""enumerate""}]"
5_4aJusticiajuvenilAdolescentesyjvenes,DHBEvolucinTemporal,5.4a Justicia juvenil Adolescentes y j├│venes.twb,Características- Filtro Indicador,[federated.0qiz8oi1sb3cd813zi06q01yhyh5].[none:INDICADOR_NOMBRE (Indicadores):nk],categorical,"{""class"": ""categorical"", ""column"": ""[federated.0qiz8oi1sb3cd813zi06q01yhyh5].[none:INDICADOR_NOMBRE (Indicadores):nk]"", ""filter-group"": ""7""}","[{""function"": ""level-members"", ""level"": ""[none:INDICADOR_NOMBRE (Indicadores):nk]"", ""{http://www.tableausoftware.com/xml/user}ui-enumeration"": ""all"", ""{http://www.tableausoftware.com/xml/user}ui-marker"": ""enumerate""}]"
5_4aJusticiajuvenilAdolescentesyjvenes,DHBEvolucinTemporal,5.4a Justicia juvenil Adolescentes y j├│venes.twb,Características- Filtro Indicador,[federated.0qiz8oi1sb3cd813zi06q01yhyh5].[none:UNIDAD_GEOGRAFICA_NOMBRE:nk],categorical,"{""class"": ""categorical"", ""column"": ""[federated.0qiz8oi1sb3cd813zi06q01yhyh5].[none:UNIDAD_GEOGRAFICA_NOMBRE:nk]"", ""filter-group"": ""17""}","[{""function"": ""level-members"", ""level"": ""[none:UNIDAD_GEOGRAFICA_NOMBRE:nk]"", ""{http://www.tableausoftware.com/xml/user}ui-enumeration"": ""all"", ""{http://www.tableausoftware.com/xml/user}ui-marker"": ""enumerate""}]"
5_4aJusticiajuvenilAdolescentesyjvenes,DHBEvolucinTemporal,5.4a Justicia juvenil Adolescentes y j├│venes.twb,Cruces Relevantes - Aperturas - Barras,[federated.0qiz8oi1sb3cd813zi06q01yhyh5].[DATOS_APERTURAS_1],categorical,"{""class"": ""categorical"", ""column"": ""[federated.0qiz8oi1sb3cd813zi06q01yhyh5].[DATOS_APERTURAS_1]"", ""filter-group"": ""14""}","[{""function"": ""level-members"", ""level"": ""[TIPO_DE_DATO]"", ""{http://www.tableausoftware.com/xml/user}ui-enumeration"": ""all"", ""{http://www.tableausoftware.com/xml/user}ui-marker"": ""enumerate""}]"
5_4aJusticiajuvenilAdolescentesyjvenes,DHBEvolucinTemporal,5.4a Justicia juvenil Adolescentes y j├│venes.twb,Cruces Relevantes - Aperturas - Barras,[federated.0qiz8oi1sb3cd813zi06q01yhyh5].[attr:APERTURA_DESCRIPCION:nk],categorical,"{""class"": ""categorical"", ""column"": ""[federated.0qiz8oi1sb3cd813zi06q01yhyh5].[attr:APERTURA_DESCRIPCION:nk]""}","[{""function"": ""level-members"", ""level"": ""[attr:APERTURA_DESCRIPCION:nk]"", ""{http://www.tableausoftware.com/xml/user}ui-enumeration"": ""all"", ""{http://www.tableausoftware.com/xml/user}ui-marker"": ""enumerate""}]"
5_4aJusticiajuvenilAdolescentesyjvenes,DHBEvolucinTemporal,5.4a Justicia juvenil Adolescentes y j├│venes.twb,Cruces Relevantes - Aperturas - Barras,[federated.0qiz8oi1sb3cd813zi06q01yhyh5].[none:ANIO:ok],categorical,"{""class"": ""categorical"", ""column"": ""[federated.0qiz8oi1sb3cd813zi06q01yhyh5].[none:ANIO:ok]"", ""filter-group"": ""5""}","[{""function"": ""level-members"", ""level"": ""[none:ANIO:ok]"", ""{http://www.tableausoftware.com/xml/user}ui-enumeration"": ""all"", ""{http://www.tableausoftware.com/xml/user}ui-marker"": ""enumerate""}]"
5_4aJusticiajuvenilAdolescentesyjvenes,DHBEvolucinTemporal,5.4a Justicia juvenil Adolescentes y j├│venes.twb,Cruces Relevantes - Aperturas - Barras,[federated.0qiz8oi1sb3cd813zi06q01yhyh5].[none:APERTURA_DESCRIPCION:nk],categorical,"{""class"": ""categorical"", ""column"": ""[federated.0qiz8oi1sb3cd813zi06q01yhyh5].[none:APERTURA_DESCRIPCION:nk]"", ""filter-group"": ""15""}","[{""function"": ""level-members"", ""level"": ""[none:APERTURA_DESCRIPCION:nk]"", ""{http://www.tableausoftware.com/xml/user}ui-enumeration"": ""all"", ""{http://www.tableausoftware.com/xml/user}ui-marker"": ""enumerate""}]"
5_4aJusticiajuvenilAdolescentesyjvenes,DHBEvolucinTemporal,5.4a Justicia juvenil Adolescentes y j├│venes.twb,Cruces Relevantes - Aperturas - Barras,[federated.0qiz8oi1sb3cd813zi06q01yhyh5].[none:BTN Mostrar Gráficos Caracteristicas (copy)_54254335857942529:nk],categorical,"{""class"": ""categorical"", ""column"": ""[federated.0qiz8oi1sb3cd813zi06q01yhyh5].[none:BTN Mostrar Gráficos Caracteristicas (copy)_54254335857942529:nk]""}","[{""function"": ""member"", ""level"": ""[none:BTN Mostrar Gráficos Caracteristicas (copy)_54254335857942529:nk]"", ""member"": ""true"", ""{http://www.tableausoftware.com/xml/user}ui-domain"": ""relevant"", ""{http://www.tableausoftware.com/xml/user}ui-enumeration"": ""inclusive"", ""{http://www.tableausoftware.com/xml/user}ui-marker"": ""enumerate""}]"
5_4aJusticiajuvenilAdolescentesyjvenes,DHBEvolucinTemporal,5.4a Justicia juvenil Adolescentes y j├│venes.twb,Cruces Relevantes - Aperturas - Barras,[federated.0qiz8oi1sb3cd813zi06q01yhyh5].[none:Calculation_334673811823804420:nk],categorical,"{""class"": ""categorical"", ""column"": ""[federated.0qiz8oi1sb3cd813zi06q01yhyh5].[none:Calculation_334673811823804420:nk]"", ""filter-group"": ""27""}","[{""function"": ""member"", ""level"": ""[none:Calculation_334673811823804420:nk]"", ""member"": ""true"", ""{http://www.tableausoftware.com/xml/user}ui-domain"": ""relevant"", ""{http://www.tableausoftware.com/xml/user}ui-enumeration"": ""inclusive"", ""{http://www.tableausoftware.com/xml/user}ui-marker"": ""enumerate""}]"
5_4aJusticiajuvenilAdolescentesyjvenes,DHBEvolucinTemporal,5.4a Justicia juvenil Adolescentes y j├│venes.twb,Cruces Relevantes - Aperturas - Barras,[federated.0qiz8oi1sb3cd813zi06q01yhyh5].[none:Calculation_334673811825987589:nk],categorical,"{""class"": ""categorical"", ""column"": ""[federated.0qiz8oi1sb3cd813zi06q01yhyh5].[none:Calculation_334673811825987589:nk]""}","[{""function"": ""member"", ""level"": ""[none:Calculation_334673811825987589:nk]"", ""member"": ""true"", ""{http://www.tableausoftware.com/xml/user}ui-domain"": ""relevant"", ""{http://www.tableausoftware.com/xml/user}ui-enumeration"": ""inclusive"", ""{http://www.tableausoftware.com/xml/user}ui-marker"": ""enumerate""}]"
5_4aJusticiajuvenilAdolescentesyjvenes,DHBEvolucinTemporal,5.4a Justicia juvenil Adolescentes y j├│venes.twb,Cruces Relevantes - Aperturas - Barras,[federated.0qiz8oi1sb3cd813zi06q01yhyh5].[none:Calculation_5425289489148153872:nk],categorical,"{""class"": ""categorical"", ""column"": ""[federated.0qiz8oi1sb3cd813zi06q01yhyh5].[none:Calculation_5425289489148153872:nk]""}","[{""function"": ""member"", ""level"": ""[none:Calculation_5425289489148153872:nk]"", ""member"": ""false"", ""{http://www.tableausoftware.com/xml/user}ui-domain"": ""relevant"", ""{http://www.tableausoftware.com/xml/user}ui-enumeration"": ""inclusive"", ""{http://www.tableausoftware.com/xml/user}ui-marker"": ""enumerate""}]"
5_4aJusticiajuvenilAdolescentesyjvenes,DHBEvolucinTemporal,5.4a Justicia juvenil Adolescentes y j├│venes.twb,Cruces Relevantes - Aperturas - Barras,[federated.0qiz8oi1sb3cd813zi06q01yhyh5].[none:INDICADOR_NOMBRE (Indicadores):nk],categorical,"{""class"": ""categorical"", ""column"": ""[federated.0qiz8oi1sb3cd813zi06q01yhyh5].[none:INDICADOR_NOMBRE (Indicadores):nk]"", ""filter-group"": ""3""}","[{""function"": ""level-members"", ""level"": ""[none:INDICADOR_NOMBRE (Indicadores):nk]"", ""{http://www.tableausoftware.com/xml/user}ui-enumeration"": ""all"", ""{http://www.tableausoftware.com/xml/user}ui-marker"": ""enumerate""}]"
5_4aJusticiajuvenilAdolescentesyjvenes,DHBEvolucinTemporal,5.4a Justicia juvenil Adolescentes y j├│venes.twb,Cruces Relevantes - Aperturas - Barras,[federated.0qiz8oi1sb3cd813zi06q01yhyh5].[none:UNIDAD_GEOGRAFICA_NOMBRE:nk],categorical,"{""class"": ""categorical"", ""column"": ""[federated.0qiz8oi1sb3cd813zi06q01yhyh5].[none:UNIDAD_GEOGRAFICA_NOMBRE:nk]"", ""filter-group"": ""23""}","[{""function"": ""level-members"", ""level"": ""[none:UNIDAD_GEOGRAFICA_NOMBRE:nk]"", ""{http://www.tableausoftware.com/xml/user}ui-enumeration"": ""all"", ""{http://www.tableausoftware.com/xml/user}ui-marker"": ""enumerate""}]"
5_4aJusticiajuvenilAdolescentesyjvenes,DHBEvolucinTemporal,5.4a Justicia juvenil Adolescentes y j├│venes.twb,Cruces Relevantes - Aperturas - Barras,[federated.0qiz8oi1sb3cd813zi06q01yhyh5].[none:Visualizar Desagregaciones (copia)_541839333440749569:qk],quantitative,"{""class"": ""quantitative"", ""column"": ""[federated.0qiz8oi1sb3cd813zi06q01yhyh5].[none:Visualizar Desagregaciones (copia)_541839333440749569:qk]"", ""included-values"": ""in-range-or-null""}",[]
5_4aJusticiajuvenilAdolescentesyjvenes,DHBEvolucinTemporal,5.4a Justicia juvenil Adolescentes y j├│venes.twb,Cruces Relevantes - Aperturas - Tabla,[federated.0qiz8oi1sb3cd813zi06q01yhyh5].[DATOS_APERTURAS_1],categorical,"{""class"": ""categorical"", ""column"": ""[federated.0qiz8oi1sb3cd813zi06q01yhyh5].[DATOS_APERTURAS_1]"", ""filter-group"": ""14""}","[{""function"": ""level-members"", ""level"": ""[TIPO_DE_DATO]"", ""{http://www.tableausoftware.com/xml/user}ui-enumeration"": ""all"", ""{http://www.tableausoftware.com/xml/user}ui-marker"": ""enumerate""}]"
5_4aJusticiajuvenilAdolescentesyjvenes,DHBEvolucinTemporal,5.4a Justicia juvenil Adolescentes y j├│venes.twb,Cruces Relevantes - Aperturas - Tabla,[federated.0qiz8oi1sb3cd813zi06q01yhyh5].[none:ANIO:ok],categorical,"{""class"": ""categorical"", ""column"": ""[federated.0qiz8oi1sb3cd813zi06q01yhyh5].[none:ANIO:ok]"", ""filter-group"": ""5""}","[{""function"": ""level-members"", ""level"": ""[none:ANIO:ok]"", ""{http://www.tableausoftware.com/xml/user}ui-enumeration"": ""all"", ""{http://www.tableausoftware.com/xml/user}ui-marker"": ""enumerate""}]"
5_4aJusticiajuvenilAdolescentesyjvenes,DHBEvolucinTemporal,5.4a Justicia juvenil Adolescentes y j├│venes.twb,Cruces Relevantes - Aperturas - Tabla,[federated.0qiz8oi1sb3cd813zi06q01yhyh5].[none:APERTURA_DESCRIPCION:nk],categorical,"{""class"": ""categorical"", ""column"": ""[federated.0qiz8oi1sb3cd813zi06q01yhyh5].[none:APERTURA_DESCRIPCION:nk]"", ""filter-group"": ""15""}","[{""function"": ""level-members"", ""level"": ""[none:APERTURA_DESCRIPCION:nk]"", ""{http://www.tableausoftware.com/xml/user}ui-enumeration"": ""all"", ""{http://www.tableausoftware.com/xml/user}ui-marker"": ""enumerate""}]"
5_4aJusticiajuvenilAdolescentesyjvenes,DHBEvolucinTemporal,5.4a Justicia juvenil Adolescentes y j├│venes.twb,Cruces Relevantes - Aperturas - Tabla,[federated.0qiz8oi1sb3cd813zi06q01yhyh5].[none:BTN Mostrar Gráficos Caracteristicas (copy)_54254335857942529:nk],categorical,"{""class"": ""categorical"", ""column"": ""[federated.0qiz8oi1sb3cd813zi06q01yhyh5].[none:BTN Mostrar Gráficos Caracteristicas (copy)_54254335857942529:nk]""}","[{""function"": ""member"", ""level"": ""[none:BTN Mostrar Gráficos Caracteristicas (copy)_54254335857942529:nk]"", ""member"": ""true"", ""{http://www.tableausoftware.com/xml/user}ui-domain"": ""relevant"", ""{http://www.tableausoftware.com/xml/user}ui-enumeration"": ""inclusive"", ""{http://www.tableausoftware.com/xml/user}ui-marker"": ""enumerate""}]"
5_4aJusticiajuvenilAdolescentesyjvenes,DHBEvolucinTemporal,5.4a Justicia juvenil Adolescentes y j├│venes.twb,Cruces Relevantes - Aperturas - Tabla,[federated.0qiz8oi1sb3cd813zi06q01yhyh5].[none:Calculation_334673811823804420:nk],categorical,"{""class"": ""categorical"", ""column"": ""[federated.0qiz8oi1sb3cd813zi06q01yhyh5].[none:Calculation_334673811823804420:nk]"", ""filter-group"": ""27""}","[{""function"": ""member"", ""level"": ""[none:Calculation_334673811823804420:nk]"", ""member"": ""true"", ""{http://www.tableausoftware.com/xml/user}ui-domain"": ""relevant"", ""{http://www.tableausoftware.com/xml/user}ui-enumeration"": ""inclusive"", ""{http://www.tableausoftware.com/xml/user}ui-marker"": ""enumerate""}]"
5_4aJusticiajuvenilAdolescentesyjvenes,DHBEvolucinTemporal,5.4a Justicia juvenil Adolescentes y j├│venes.twb,Cruces Relevantes - Aperturas - Tabla,[federated.0qiz8oi1sb3cd813zi06q01yhyh5].[none:Calculation_334673811825987589:nk],categorical,"{""class"": ""categorical"", ""column"": ""[federated.0qiz8oi1sb3cd813zi06q01yhyh5].[none:Calculation_334673811825987589:nk]""}","[{""function"": ""member"", ""level"": ""[none:Calculation_334673811825987589:nk]"", ""member"": ""true"", ""{http://www.tableausoftware.com/xml/user}ui-domain"": ""relevant"", ""{http://www.tableausoftware.com/xml/user}ui-enumeration"": ""inclusive"", ""{http://www.tableausoftware.com/xml/user}ui-marker"": ""enumerate""}]"
5_4aJusticiajuvenilAdolescentesyjvenes,DHBEvolucinTemporal,5.4a Justicia juvenil Adolescentes y j├│venes.twb,Cruces Relevantes - Aperturas - Tabla,[federated.0qiz8oi1sb3cd813zi06q01yhyh5].[none:Calculation_5425289489148153872:nk],categorical,"{""class"": ""categorical"", ""column"": ""[federated.0qiz8oi1sb3cd813zi06q01yhyh5].[none:Calculation_5425289489148153872:nk]""}","[{""function"": ""member"", ""level"": ""[none:Calculation_5425289489148153872:nk]"", ""member"": ""false"", ""{http://www.tableausoftware.com/xml/user}ui-domain"": ""relevant"", ""{http://www.tableausoftware.com/xml/user}ui-enumeration"": ""inclusive"", ""{http://www.tableausoftware.com/xml/user}ui-marker"": ""enumerate""}]"
5_4aJusticiajuvenilAdolescentesyjvenes,DHBEvolucinTemporal,5.4a Justicia juvenil Adolescentes y j├│venes.twb,Cruces Relevantes - Aperturas - Tabla,[federated.0qiz8oi1sb3cd813zi06q01yhyh5].[none:INDICADOR_NOMBRE (Indicadores):nk],categorical,"{""class"": ""categorical"", ""column"": ""[federated.0qiz8oi1sb3cd813zi06q01yhyh5].[none:INDICADOR_NOMBRE (Indicadores):nk]"", ""filter-group"": ""3""}","[{""function"": ""level-members"", ""level"": ""[none:INDICADOR_NOMBRE (Indicadores):nk]"", ""{http://www.tableausoftware.com/xml/user}ui-enumeration"": ""all"", ""{http://www.tableausoftware.com/xml/user}ui-marker"": ""enumerate""}]"
5_4aJusticiajuvenilAdolescentesyjvenes,DHBEvolucinTemporal,5.4a Justicia juvenil Adolescentes y j├│venes.twb,Cruces Relevantes - Aperturas - Tabla,[federated.0qiz8oi1sb3cd813zi06q01yhyh5].[none:UNIDAD_GEOGRAFICA_NOMBRE:nk],categorical,"{""class"": ""categorical"", ""column"": ""[federated.0qiz8oi1sb3cd813zi06q01yhyh5].[none:UNIDAD_GEOGRAFICA_NOMBRE:nk]"", ""filter-group"": ""23""}","[{""function"": ""level-members"", ""level"": ""[none:UNIDAD_GEOGRAFICA_NOMBRE:nk]"", ""{http://www.tableausoftware.com/xml/user}ui-enumeration"": ""all"", ""{http://www.tableausoftware.com/xml/user}ui-marker"": ""enumerate""}]"
5_4aJusticiajuvenilAdolescentesyjvenes,DHBEvolucinTemporal,5.4a Justicia juvenil Adolescentes y j├│venes.twb,Cruces Relevantes - Aperturas - Tabla,[federated.0qiz8oi1sb3cd813zi06q01yhyh5].[none:Visualizar Desagregaciones Barra (copia)_541839333440913410:qk],quantitative,"{""class"": ""quantitative"", ""column"": ""[federated.0qiz8oi1sb3cd813zi06q01yhyh5].[none:Visualizar Desagregaciones Barra (copia)_541839333440913410:qk]"", ""included-values"": ""in-range-or-null""}",[]
5_4aJusticiajuvenilAdolescentesyjvenes,DHBEvolucinTemporal,5.4a Justicia juvenil Adolescentes y j├│venes.twb,Cruces Relevantes - Aperturas y Grupos - Barras,[federated.0qiz8oi1sb3cd813zi06q01yhyh5].[DATOS_APERTURAS_1],categorical,"{""class"": ""categorical"", ""column"": ""[federated.0qiz8oi1sb3cd813zi06q01yhyh5].[DATOS_APERTURAS_1]"", ""filter-group"": ""14""}","[{""function"": ""level-members"", ""level"": ""[TIPO_DE_DATO]"", ""{http://www.tableausoftware.com/xml/user}ui-enumeration"": ""all"", ""{http://www.tableausoftware.com/xml/user}ui-marker"": ""enumerate""}]"
5_4aJusticiajuvenilAdolescentesyjvenes,DHBEvolucinTemporal,5.4a Justicia juvenil Adolescentes y j├│venes.twb,Cruces Relevantes - Aperturas y Grupos - Barras,[federated.0qiz8oi1sb3cd813zi06q01yhyh5].[none:ANIO:ok],categorical,"{""class"": ""categorical"", ""column"": ""[federated.0qiz8oi1sb3cd813zi06q01yhyh5].[none:ANIO:ok]"", ""filter-group"": ""5""}","[{""function"": ""level-members"", ""level"": ""[none:ANIO:ok]"", ""{http://www.tableausoftware.com/xml/user}ui-enumeration"": ""all"", ""{http://www.tableausoftware.com/xml/user}ui-marker"": ""enumerate""}]"
5_4aJusticiajuvenilAdolescentesyjvenes,DHBEvolucinTemporal,5.4a Justicia juvenil Adolescentes y j├│venes.twb,Cruces Relevantes - Aperturas y Grupos - Barras,[federated.0qiz8oi1sb3cd813zi06q01yhyh5].[none:APERTURA_DESCRIPCION:nk],categorical,"{""class"": ""categorical"", ""column"": ""[federated.0qiz8oi1sb3cd813zi06q01yhyh5].[none:APERTURA_DESCRIPCION:nk]"", ""filter-group"": ""15""}","[{""function"": ""level-members"", ""level"": ""[none:APERTURA_DESCRIPCION:nk]"", ""{http://www.tableausoftware.com/xml/user}ui-enumeration"": ""all"", ""{http://www.tableausoftware.com/xml/user}ui-marker"": ""enumerate""}]"
5_4aJusticiajuvenilAdolescentesyjvenes,DHBEvolucinTemporal,5.4a Justicia juvenil Adolescentes y j├│venes.twb,Cruces Relevantes - Aperturas y Grupos - Barras,[federated.0qiz8oi1sb3cd813zi06q01yhyh5].[none:BTN Mostrar Gráficos Caracteristicas (copy)_54254335857942529:nk],categorical,"{""class"": ""categorical"", ""column"": ""[federated.0qiz8oi1sb3cd813zi06q01yhyh5].[none:BTN Mostrar Gráficos Caracteristicas (copy)_54254335857942529:nk]""}","[{""function"": ""member"", ""level"": ""[none:BTN Mostrar Gráficos Caracteristicas (copy)_54254335857942529:nk]"", ""member"": ""true"", ""{http://www.tableausoftware.com/xml/user}ui-domain"": ""relevant"", ""{http://www.tableausoftware.com/xml/user}ui-enumeration"": ""inclusive"", ""{http://www.tableausoftware.com/xml/user}ui-marker"": ""enumerate""}]"
5_4aJusticiajuvenilAdolescentesyjvenes,DHBEvolucinTemporal,5.4a Justicia juvenil Adolescentes y j├│venes.twb,Cruces Relevantes - Aperturas y Grupos - Barras,[federated.0qiz8oi1sb3cd813zi06q01yhyh5].[none:Calculation_334673811823804420:nk],categorical,"{""class"": ""categorical"", ""column"": ""[federated.0qiz8oi1sb3cd813zi06q01yhyh5].[none:Calculation_334673811823804420:nk]"", ""filter-group"": ""27""}","[{""function"": ""member"", ""level"": ""[none:Calculation_334673811823804420:nk]"", ""member"": ""true"", ""{http://www.tableausoftware.com/xml/user}ui-domain"": ""relevant"", ""{http://www.tableausoftware.com/xml/user}ui-enumeration"": ""inclusive"", ""{http://www.tableausoftware.com/xml/user}ui-marker"": ""enumerate""}]"
5_4aJusticiajuvenilAdolescentesyjvenes,DHBEvolucinTemporal,5.4a Justicia juvenil Adolescentes y j├│venes.twb,Cruces Relevantes - Aperturas y Grupos - Barras,[federated.0qiz8oi1sb3cd813zi06q01yhyh5].[none:Calculation_334673811825987589:nk],categorical,"{""class"": ""categorical"", ""column"": ""[federated.0qiz8oi1sb3cd813zi06q01yhyh5].[none:Calculation_334673811825987589:nk]""}","[{""function"": ""member"", ""level"": ""[none:Calculation_334673811825987589:nk]"", ""member"": ""true"", ""{http://www.tableausoftware.com/xml/user}ui-domain"": ""relevant"", ""{http://www.tableausoftware.com/xml/user}ui-enumeration"": ""inclusive"", ""{http://www.tableausoftware.com/xml/user}ui-marker"": ""enumerate""}]"
5_4aJusticiajuvenilAdolescentesyjvenes,DHBEvolucinTemporal,5.4a Justicia juvenil Adolescentes y j├│venes.twb,Cruces Relevantes - Aperturas y Grupos - Barras,[federated.0qiz8oi1sb3cd813zi06q01yhyh5].[none:Calculation_5425289489148153872:nk],categorical,"{""class"": ""categorical"", ""column"": ""[federated.0qiz8oi1sb3cd813zi06q01yhyh5].[none:Calculation_5425289489148153872:nk]""}","[{""function"": ""member"", ""level"": ""[none:Calculation_5425289489148153872:nk]"", ""member"": ""true"", ""{http://www.tableausoftware.com/xml/user}ui-domain"": ""relevant"", ""{http://www.tableausoftware.com/xml/user}ui-enumeration"": ""inclusive"", ""{http://www.tableausoftware.com/xml/user}ui-marker"": ""enumerate""}]"
5_4aJusticiajuvenilAdolescentesyjvenes,DHBEvolucinTemporal,5.4a Justicia juvenil Adolescentes y j├│venes.twb,Cruces Relevantes - Aperturas y Grupos - Barras,[federated.0qiz8oi1sb3cd813zi06q01yhyh5].[none:INDICADOR_NOMBRE (Indicadores):nk],categorical,"{""class"": ""categorical"", ""column"": ""[federated.0qiz8oi1sb3cd813zi06q01yhyh5].[none:INDICADOR_NOMBRE (Indicadores):nk]"", ""filter-group"": ""3""}","[{""function"": ""level-members"", ""level"": ""[none:INDICADOR_NOMBRE (Indicadores):nk]"", ""{http://www.tableausoftware.com/xml/user}ui-enumeration"": ""all"", ""{http://www.tableausoftware.com/xml/user}ui-marker"": ""enumerate""}]"
5_4aJusticiajuvenilAdolescentesyjvenes,DHBEvolucinTemporal,5.4a Justicia juvenil Adolescentes y j├│venes.twb,Cruces Relevantes - Aperturas y Grupos - Barras,[federated.0qiz8oi1sb3cd813zi06q01yhyh5].[none:UNIDAD_GEOGRAFICA_NOMBRE:nk],categorical,"{""class"": ""categorical"", ""column"": ""[federated.0qiz8oi1sb3cd813zi06q01yhyh5].[none:UNIDAD_GEOGRAFICA_NOMBRE:nk]"", ""filter-group"": ""23""}","[{""function"": ""level-members"", ""level"": ""[none:UNIDAD_GEOGRAFICA_NOMBRE:nk]"", ""{http://www.tableausoftware.com/xml/user}ui-enumeration"": ""all"", ""{http://www.tableausoftware.com/xml/user}ui-marker"": ""enumerate""}]"
5_4aJusticiajuvenilAdolescentesyjvenes,DHBEvolucinTemporal,5.4a Justicia juvenil Adolescentes y j├│venes.twb,Cruces Relevantes - Aperturas y Grupos - Barras,[federated.0qiz8oi1sb3cd813zi06q01yhyh5].[none:Visualizar Desagregaciones (copia)_541839333440749569:qk],quantitative,"{""class"": ""quantitative"", ""column"": ""[federated.0qiz8oi1sb3cd813zi06q01yhyh5].[none:Visualizar Desagregaciones (copia)_541839333440749569:qk]"", ""included-values"": ""in-range-or-null""}",[]
5_4aJusticiajuvenilAdolescentesyjvenes,DHBEvolucinTemporal,5.4a Justicia juvenil Adolescentes y j├│venes.twb,Cruces Relevantes - Aperturas y Grupos - Tabla,[federated.0qiz8oi1sb3cd813zi06q01yhyh5].[DATOS_APERTURAS_1],categorical,"{""class"": ""categorical"", ""column"": ""[federated.0qiz8oi1sb3cd813zi06q01yhyh5].[DATOS_APERTURAS_1]"", ""filter-group"": ""14""}","[{""function"": ""level-members"", ""level"": ""[TIPO_DE_DATO]"", ""{http://www.tableausoftware.com/xml/user}ui-enumeration"": ""all"", ""{http://www.tableausoftware.com/xml/user}ui-marker"": ""enumerate""}]"
5_4aJusticiajuvenilAdolescentesyjvenes,DHBEvolucinTemporal,5.4a Justicia juvenil Adolescentes y j├│venes.twb,Cruces Relevantes - Aperturas y Grupos - Tabla,[federated.0qiz8oi1sb3cd813zi06q01yhyh5].[none:ANIO:ok],categorical,"{""class"": ""categorical"", ""column"": ""[federated.0qiz8oi1sb3cd813zi06q01yhyh5].[none:ANIO:ok]"", ""filter-group"": ""5""}","[{""function"": ""level-members"", ""level"": ""[none:ANIO:ok]"", ""{http://www.tableausoftware.com/xml/user}ui-enumeration"": ""all"", ""{http://www.tableausoftware.com/xml/user}ui-marker"": ""enumerate""}]"
5_4aJusticiajuvenilAdolescentesyjvenes,DHBEvolucinTemporal,5.4a Justicia juvenil Adolescentes y j├│venes.twb,Cruces Relevantes - Aperturas y Grupos - Tabla,[federated.0qiz8oi1sb3cd813zi06q01yhyh5].[none:APERTURA_DESCRIPCION:nk],categorical,"{""class"": ""categorical"", ""column"": ""[federated.0qiz8oi1sb3cd813zi06q01yhyh5].[none:APERTURA_DESCRIPCION:nk]"", ""filter-group"": ""15""}","[{""function"": ""level-members"", ""level"": ""[none:APERTURA_DESCRIPCION:nk]"", ""{http://www.tableausoftware.com/xml/user}ui-enumeration"": ""all"", ""{http://www.tableausoftware.com/xml/user}ui-marker"": ""enumerate""}]"
5_4aJusticiajuvenilAdolescentesyjvenes,DHBEvolucinTemporal,5.4a Justicia juvenil Adolescentes y j├│venes.twb,Cruces Relevantes - Aperturas y Grupos - Tabla,[federated.0qiz8oi1sb3cd813zi06q01yhyh5].[none:BTN Mostrar Gráficos Caracteristicas (copy)_54254335857942529:nk],categorical,"{""class"": ""categorical"", ""column"": ""[federated.0qiz8oi1sb3cd813zi06q01yhyh5].[none:BTN Mostrar Gráficos Caracteristicas (copy)_54254335857942529:nk]""}","[{""function"": ""member"", ""level"": ""[none:BTN Mostrar Gráficos Caracteristicas (copy)_54254335857942529:nk]"", ""member"": ""true"", ""{http://www.tableausoftware.com/xml/user}ui-domain"": ""relevant"", ""{http://www.tableausoftware.com/xml/user}ui-enumeration"": ""inclusive"", ""{http://www.tableausoftware.com/xml/user}ui-marker"": ""enumerate""}]"
5_4aJusticiajuvenilAdolescentesyjvenes,DHBEvolucinTemporal,5.4a Justicia juvenil Adolescentes y j├│venes.twb,Cruces Relevantes - Aperturas y Grupos - Tabla,[federated.0qiz8oi1sb3cd813zi06q01yhyh5].[none:Calculation_334673811823804420:nk],categorical,"{""class"": ""categorical"", ""column"": ""[federated.0qiz8oi1sb3cd813zi06q01yhyh5].[none:Calculation_334673811823804420:nk]"", ""filter-group"": ""27""}","[{""function"": ""member"", ""level"": ""[none:Calculation_334673811823804420:nk]"", ""member"": ""true"", ""{http://www.tableausoftware.com/xml/user}ui-domain"": ""relevant"", ""{http://www.tableausoftware.com/xml/user}ui-enumeration"": ""inclusive"", ""{http://www.tableausoftware.com/xml/user}ui-marker"": ""enumerate""}]"
5_4aJusticiajuvenilAdolescentesyjvenes,DHBEvolucinTemporal,5.4a Justicia juvenil Adolescentes y j├│venes.twb,Cruces Relevantes - Aperturas y Grupos - Tabla,[federated.0qiz8oi1sb3cd813zi06q01yhyh5].[none:Calculation_334673811825987589:nk],categorical,"{""class"": ""categorical"", ""column"": ""[federated.0qiz8oi1sb3cd813zi06q01yhyh5].[none:Calculation_334673811825987589:nk]""}","[{""function"": ""member"", ""level"": ""[none:Calculation_334673811825987589:nk]"", ""member"": ""true"", ""{http://www.tableausoftware.com/xml/user}ui-domain"": ""relevant"", ""{http://www.tableausoftware.com/xml/user}ui-enumeration"": ""inclusive"", ""{http://www.tableausoftware.com/xml/user}ui-marker"": ""enumerate""}]"
5_4aJusticiajuvenilAdolescentesyjvenes,DHBEvolucinTemporal,5.4a Justicia juvenil Adolescentes y j├│venes.twb,Cruces Relevantes - Aperturas y Grupos - Tabla,[federated.0qiz8oi1sb3cd813zi06q01yhyh5].[none:Calculation_5425289489148153872:nk],categorical,"{""class"": ""categorical"", ""column"": ""[federated.0qiz8oi1sb3cd813zi06q01yhyh5].[none:Calculation_5425289489148153872:nk]""}","[{""function"": ""member"", ""level"": ""[none:Calculation_5425289489148153872:nk]"", ""member"": ""true"", ""{http://www.tableausoftware.com/xml/user}ui-domain"": ""relevant"", ""{http://www.tableausoftware.com/xml/user}ui-enumeration"": ""inclusive"", ""{http://www.tableausoftware.com/xml/user}ui-marker"": ""enumerate""}]"
5_4aJusticiajuvenilAdolescentesyjvenes,DHBEvolucinTemporal,5.4a Justicia juvenil Adolescentes y j├│venes.twb,Cruces Relevantes - Aperturas y Grupos - Tabla,[federated.0qiz8oi1sb3cd813zi06q01yhyh5].[none:INDICADOR_NOMBRE (Indicadores):nk],categorical,"{""class"": ""categorical"", ""column"": ""[federated.0qiz8oi1sb3cd813zi06q01yhyh5].[none:INDICADOR_NOMBRE (Indicadores):nk]"", ""filter-group"": ""3""}","[{""function"": ""level-members"", ""level"": ""[none:INDICADOR_NOMBRE (Indicadores):nk]"", ""{http://www.tableausoftware.com/xml/user}ui-enumeration"": ""all"", ""{http://www.tableausoftware.com/xml/user}ui-marker"": ""enumerate""}]"
5_4aJusticiajuvenilAdolescentesyjvenes,DHBEvolucinTemporal,5.4a Justicia juvenil Adolescentes y j├│venes.twb,Cruces Relevantes - Aperturas y Grupos - Tabla,[federated.0qiz8oi1sb3cd813zi06q01yhyh5].[none:UNIDAD_GEOGRAFICA_NOMBRE:nk],categorical,"{""class"": ""categorical"", ""column"": ""[federated.0qiz8oi1sb3cd813zi06q01yhyh5].[none:UNIDAD_GEOGRAFICA_NOMBRE:nk]"", ""filter-group"": ""23""}","[{""function"": ""level-members"", ""level"": ""[none:UNIDAD_GEOGRAFICA_NOMBRE:nk]"", ""{http://www.tableausoftware.com/xml/user}ui-enumeration"": ""all"", ""{http://www.tableausoftware.com/xml/user}ui-marker"": ""enumerate""}]"
5_4aJusticiajuvenilAdolescentesyjvenes,DHBEvolucinTemporal,5.4a Justicia juvenil Adolescentes y j├│venes.twb,Cruces Relevantes - Aperturas y Grupos - Tabla,[federated.0qiz8oi1sb3cd813zi06q01yhyh5].[none:Visualizar Desagregaciones Barra (copia)_541839333440913410:qk],quantitative,"{""class"": ""quantitative"", ""column"": ""[federated.0qiz8oi1sb3cd813zi06q01yhyh5].[none:Visualizar Desagregaciones Barra (copia)_541839333440913410:qk]"", ""included-values"": ""in-range-or-null""}",[]
5_4aJusticiajuvenilAdolescentesyjvenes,DHBEvolucinTemporal,5.4a Justicia juvenil Adolescentes y j├│venes.twb,Cruces Relevantes - BTN,"[federated.0qiz8oi1sb3cd813zi06q01yhyh5].[Action (BTN Limpiar filtros,SELECCIONE)]",categorical,"{""class"": ""categorical"", ""column"": ""[federated.0qiz8oi1sb3cd813zi06q01yhyh5].[Action (BTN Limpiar filtros,SELECCIONE)]""}","[{""function"": ""crossjoin"", ""{http://www.tableausoftware.com/xml/user}ui-action-filter"": ""[Action88_A2306F1AF23E4F9CAD37CD015AD97FBE]"", ""{http://www.tableausoftware.com/xml/user}ui-domain"": ""database"", ""{http://www.tableausoftware.com/xml/user}ui-enumeration"": ""inclusive"", ""{http://www.tableausoftware.com/xml/user}ui-marker"": ""enumerate""}, {""function"": ""member"", ""level"": ""[BTN Distribuciones (copy)_4723009404404842516]"", ""member"": ""\""Limpiar filtros\""""}, {""function"": ""member"", ""level"": ""[Calculation_4723009402545549324]"", ""member"": ""\""Seleccione\""""}]"
5_4aJusticiajuvenilAdolescentesyjvenes,DHBEvolucinTemporal,5.4a Justicia juvenil Adolescentes y j├│venes.twb,Cruces Relevantes - BTN,[federated.0qiz8oi1sb3cd813zi06q01yhyh5].[DATOS_APERTURAS_1],categorical,"{""class"": ""categorical"", ""column"": ""[federated.0qiz8oi1sb3cd813zi06q01yhyh5].[DATOS_APERTURAS_1]"", ""filter-group"": ""14""}","[{""function"": ""level-members"", ""level"": ""[TIPO_DE_DATO]"", ""{http://www.tableausoftware.com/xml/user}ui-enumeration"": ""all"", ""{http://www.tableausoftware.com/xml/user}ui-marker"": ""enumerate""}]"
5_4aJusticiajuvenilAdolescentesyjvenes,DHBEvolucinTemporal,5.4a Justicia juvenil Adolescentes y j├│venes.twb,Cruces Relevantes - BTN,[federated.0qiz8oi1sb3cd813zi06q01yhyh5].[none:Calculation_334673811823804420:nk],categorical,"{""class"": ""categorical"", ""column"": ""[federated.0qiz8oi1sb3cd813zi06q01yhyh5].[none:Calculation_334673811823804420:nk]"", ""filter-group"": ""27""}","[{""function"": ""member"", ""level"": ""[none:Calculation_334673811823804420:nk]"", ""member"": ""true"", ""{http://www.tableausoftware.com/xml/user}ui-domain"": ""relevant"", ""{http://www.tableausoftware.com/xml/user}ui-enumeration"": ""inclusive"", ""{http://www.tableausoftware.com/xml/user}ui-marker"": ""enumerate""}]"
5_4aJusticiajuvenilAdolescentesyjvenes,DHBEvolucinTemporal,5.4a Justicia juvenil Adolescentes y j├│venes.twb,Cruces Relevantes - BTN Mostrar Gráficos,[federated.0qiz8oi1sb3cd813zi06q01yhyh5].[none:BTN Mostrar Gráficos Caracteristicas (copy)_54254335857942529:nk],categorical,"{""class"": ""categorical"", ""column"": ""[federated.0qiz8oi1sb3cd813zi06q01yhyh5].[none:BTN Mostrar Gráficos Caracteristicas (copy)_54254335857942529:nk]""}","[{""function"": ""member"", ""level"": ""[none:BTN Mostrar Gráficos Caracteristicas (copy)_54254335857942529:nk]"", ""member"": ""false"", ""{http://www.tableausoftware.com/xml/user}ui-domain"": ""relevant"", ""{http://www.tableausoftware.com/xml/user}ui-enumeration"": ""inclusive"", ""{http://www.tableausoftware.com/xml/user}ui-marker"": ""enumerate""}]"
5_4aJusticiajuvenilAdolescentesyjvenes,DHBEvolucinTemporal,5.4a Justicia juvenil Adolescentes y j├│venes.twb,Cruces Relevantes - Datos Indicador,[federated.0qiz8oi1sb3cd813zi06q01yhyh5].[DATOS_APERTURAS_1],categorical,"{""class"": ""categorical"", ""column"": ""[federated.0qiz8oi1sb3cd813zi06q01yhyh5].[DATOS_APERTURAS_1]"", ""filter-group"": ""14""}","[{""function"": ""level-members"", ""level"": ""[TIPO_DE_DATO]"", ""{http://www.tableausoftware.com/xml/user}ui-enumeration"": ""all"", ""{http://www.tableausoftware.com/xml/user}ui-marker"": ""enumerate""}]"
5_4aJusticiajuvenilAdolescentesyjvenes,DHBEvolucinTemporal,5.4a Justicia juvenil Adolescentes y j├│venes.twb,Cruces Relevantes - Datos Indicador,[federated.0qiz8oi1sb3cd813zi06q01yhyh5].[none:ANIO:ok],categorical,"{""class"": ""categorical"", ""column"": ""[federated.0qiz8oi1sb3cd813zi06q01yhyh5].[none:ANIO:ok]"", ""filter-group"": ""5""}","[{""function"": ""level-members"", ""level"": ""[none:ANIO:ok]"", ""{http://www.tableausoftware.com/xml/user}ui-enumeration"": ""all"", ""{http://www.tableausoftware.com/xml/user}ui-marker"": ""enumerate""}]"
5_4aJusticiajuvenilAdolescentesyjvenes,DHBEvolucinTemporal,5.4a Justicia juvenil Adolescentes y j├│venes.twb,Cruces Relevantes - Datos Indicador,[federated.0qiz8oi1sb3cd813zi06q01yhyh5].[none:APERTURA_DESCRIPCION:nk],categorical,"{""class"": ""categorical"", ""column"": ""[federated.0qiz8oi1sb3cd813zi06q01yhyh5].[none:APERTURA_DESCRIPCION:nk]"", ""filter-group"": ""15""}","[{""function"": ""level-members"", ""level"": ""[none:APERTURA_DESCRIPCION:nk]"", ""{http://www.tableausoftware.com/xml/user}ui-enumeration"": ""all"", ""{http://www.tableausoftware.com/xml/user}ui-marker"": ""enumerate""}]"
5_4aJusticiajuvenilAdolescentesyjvenes,DHBEvolucinTemporal,5.4a Justicia juvenil Adolescentes y j├│venes.twb,Cruces Relevantes - Datos Indicador,[federated.0qiz8oi1sb3cd813zi06q01yhyh5].[none:Calculation_334673811823804420:nk],categorical,"{""class"": ""categorical"", ""column"": ""[federated.0qiz8oi1sb3cd813zi06q01yhyh5].[none:Calculation_334673811823804420:nk]"", ""filter-group"": ""27""}","[{""function"": ""member"", ""level"": ""[none:Calculation_334673811823804420:nk]"", ""member"": ""true"", ""{http://www.tableausoftware.com/xml/user}ui-domain"": ""relevant"", ""{http://www.tableausoftware.com/xml/user}ui-enumeration"": ""inclusive"", ""{http://www.tableausoftware.com/xml/user}ui-marker"": ""enumerate""}]"
5_4aJusticiajuvenilAdolescentesyjvenes,DHBEvolucinTemporal,5.4a Justicia juvenil Adolescentes y j├│venes.twb,Cruces Relevantes - Datos Indicador,[federated.0qiz8oi1sb3cd813zi06q01yhyh5].[none:Calculation_334673811825987589:nk],categorical,"{""class"": ""categorical"", ""column"": ""[federated.0qiz8oi1sb3cd813zi06q01yhyh5].[none:Calculation_334673811825987589:nk]""}","[{""function"": ""member"", ""level"": ""[none:Calculation_334673811825987589:nk]"", ""member"": ""true"", ""{http://www.tableausoftware.com/xml/user}ui-domain"": ""relevant"", ""{http://www.tableausoftware.com/xml/user}ui-enumeration"": ""inclusive"", ""{http://www.tableausoftware.com/xml/user}ui-marker"": ""enumerate""}]"
5_4aJusticiajuvenilAdolescentesyjvenes,DHBEvolucinTemporal,5.4a Justicia juvenil Adolescentes y j├│venes.twb,Cruces Relevantes - Datos Indicador,[federated.0qiz8oi1sb3cd813zi06q01yhyh5].[none:INDICADOR_NOMBRE (Indicadores):nk],categorical,"{""class"": ""categorical"", ""column"": ""[federated.0qiz8oi1sb3cd813zi06q01yhyh5].[none:INDICADOR_NOMBRE (Indicadores):nk]"", ""filter-group"": ""3""}","[{""function"": ""level-members"", ""level"": ""[none:INDICADOR_NOMBRE (Indicadores):nk]"", ""{http://www.tableausoftware.com/xml/user}ui-enumeration"": ""all"", ""{http://www.tableausoftware.com/xml/user}ui-marker"": ""enumerate""}]"
5_4aJusticiajuvenilAdolescentesyjvenes,DHBEvolucinTemporal,5.4a Justicia juvenil Adolescentes y j├│venes.twb,Cruces Relevantes - Datos Indicador,[federated.0qiz8oi1sb3cd813zi06q01yhyh5].[none:UNIDAD_GEOGRAFICA_NOMBRE:nk],categorical,"{""class"": ""categorical"", ""column"": ""[federated.0qiz8oi1sb3cd813zi06q01yhyh5].[none:UNIDAD_GEOGRAFICA_NOMBRE:nk]"", ""filter-group"": ""23""}","[{""function"": ""level-members"", ""level"": ""[none:UNIDAD_GEOGRAFICA_NOMBRE:nk]"", ""{http://www.tableausoftware.com/xml/user}ui-enumeration"": ""all"", ""{http://www.tableausoftware.com/xml/user}ui-marker"": ""enumerate""}]"
5_4aJusticiajuvenilAdolescentesyjvenes,DHBEvolucinTemporal,5.4a Justicia juvenil Adolescentes y j├│venes.twb,Cruces Relevantes - Filtro,[federated.0qiz8oi1sb3cd813zi06q01yhyh5].[DATOS_APERTURAS_1],categorical,"{""class"": ""categorical"", ""column"": ""[federated.0qiz8oi1sb3cd813zi06q01yhyh5].[DATOS_APERTURAS_1]"", ""filter-group"": ""14""}","[{""function"": ""level-members"", ""level"": ""[TIPO_DE_DATO]"", ""{http://www.tableausoftware.com/xml/user}ui-enumeration"": ""all"", ""{http://www.tableausoftware.com/xml/user}ui-marker"": ""enumerate""}]"
5_4aJusticiajuvenilAdolescentesyjvenes,DHBEvolucinTemporal,5.4a Justicia juvenil Adolescentes y j├│venes.twb,Cruces Relevantes - Filtro,[federated.0qiz8oi1sb3cd813zi06q01yhyh5].[none:ANIO:ok],categorical,"{""class"": ""categorical"", ""column"": ""[federated.0qiz8oi1sb3cd813zi06q01yhyh5].[none:ANIO:ok]"", ""filter-group"": ""5""}","[{""function"": ""level-members"", ""level"": ""[none:ANIO:ok]"", ""{http://www.tableausoftware.com/xml/user}ui-enumeration"": ""all"", ""{http://www.tableausoftware.com/xml/user}ui-marker"": ""enumerate""}]"
5_4aJusticiajuvenilAdolescentesyjvenes,DHBEvolucinTemporal,5.4a Justicia juvenil Adolescentes y j├│venes.twb,Cruces Relevantes - Filtro,[federated.0qiz8oi1sb3cd813zi06q01yhyh5].[none:APERTURA_DESCRIPCION:nk],categorical,"{""class"": ""categorical"", ""column"": ""[federated.0qiz8oi1sb3cd813zi06q01yhyh5].[none:APERTURA_DESCRIPCION:nk]"", ""filter-group"": ""15""}","[{""function"": ""level-members"", ""level"": ""[none:APERTURA_DESCRIPCION:nk]"", ""{http://www.tableausoftware.com/xml/user}ui-enumeration"": ""all"", ""{http://www.tableausoftware.com/xml/user}ui-marker"": ""enumerate""}]"
5_4aJusticiajuvenilAdolescentesyjvenes,DHBEvolucinTemporal,5.4a Justicia juvenil Adolescentes y j├│venes.twb,Cruces Relevantes - Filtro,[federated.0qiz8oi1sb3cd813zi06q01yhyh5].[none:Calculation_334673811823804420:nk],categorical,"{""class"": ""categorical"", ""column"": ""[federated.0qiz8oi1sb3cd813zi06q01yhyh5].[none:Calculation_334673811823804420:nk]"", ""filter-group"": ""27""}","[{""function"": ""member"", ""level"": ""[none:Calculation_334673811823804420:nk]"", ""member"": ""true"", ""{http://www.tableausoftware.com/xml/user}ui-domain"": ""relevant"", ""{http://www.tableausoftware.com/xml/user}ui-enumeration"": ""inclusive"", ""{http://www.tableausoftware.com/xml/user}ui-marker"": ""enumerate""}]"
5_4aJusticiajuvenilAdolescentesyjvenes,DHBEvolucinTemporal,5.4a Justicia juvenil Adolescentes y j├│venes.twb,Cruces Relevantes - Filtro,[federated.0qiz8oi1sb3cd813zi06q01yhyh5].[none:Calculation_334673811825987589:nk],categorical,"{""class"": ""categorical"", ""column"": ""[federated.0qiz8oi1sb3cd813zi06q01yhyh5].[none:Calculation_334673811825987589:nk]""}","[{""function"": ""member"", ""level"": ""[none:Calculation_334673811825987589:nk]"", ""member"": ""true"", ""{http://www.tableausoftware.com/xml/user}ui-domain"": ""relevant"", ""{http://www.tableausoftware.com/xml/user}ui-enumeration"": ""inclusive"", ""{http://www.tableausoftware.com/xml/user}ui-marker"": ""enumerate""}]"
5_4aJusticiajuvenilAdolescentesyjvenes,DHBEvolucinTemporal,5.4a Justicia juvenil Adolescentes y j├│venes.twb,Cruces Relevantes - Filtro,[federated.0qiz8oi1sb3cd813zi06q01yhyh5].[none:INDICADOR_NOMBRE (Indicadores):nk],categorical,"{""class"": ""categorical"", ""column"": ""[federated.0qiz8oi1sb3cd813zi06q01yhyh5].[none:INDICADOR_NOMBRE (Indicadores):nk]"", ""filter-group"": ""3""}","[{""function"": ""level-members"", ""level"": ""[none:INDICADOR_NOMBRE (Indicadores):nk]"", ""{http://www.tableausoftware.com/xml/user}ui-enumeration"": ""all"", ""{http://www.tableausoftware.com/xml/user}ui-marker"": ""enumerate""}]"
5_4aJusticiajuvenilAdolescentesyjvenes,DHBEvolucinTemporal,5.4a Justicia juvenil Adolescentes y j├│venes.twb,Cruces Relevantes - Filtro,[federated.0qiz8oi1sb3cd813zi06q01yhyh5].[none:UNIDAD_GEOGRAFICA_NOMBRE:nk],categorical,"{""class"": ""categorical"", ""column"": ""[federated.0qiz8oi1sb3cd813zi06q01yhyh5].[none:UNIDAD_GEOGRAFICA_NOMBRE:nk]"", ""filter-group"": ""23""}","[{""function"": ""level-members"", ""level"": ""[none:UNIDAD_GEOGRAFICA_NOMBRE:nk]"", ""{http://www.tableausoftware.com/xml/user}ui-enumeration"": ""all"", ""{http://www.tableausoftware.com/xml/user}ui-marker"": ""enumerate""}]"
5_4aJusticiajuvenilAdolescentesyjvenes,DHBEvolucinTemporal,5.4a Justicia juvenil Adolescentes y j├│venes.twb,Cruces Relevantes - Filtro Inidicador,[federated.0qiz8oi1sb3cd813zi06q01yhyh5].[DATOS_APERTURAS_1],categorical,"{""class"": ""categorical"", ""column"": ""[federated.0qiz8oi1sb3cd813zi06q01yhyh5].[DATOS_APERTURAS_1]"", ""filter-group"": ""14""}","[{""function"": ""level-members"", ""level"": ""[TIPO_DE_DATO]"", ""{http://www.tableausoftware.com/xml/user}ui-enumeration"": ""all"", ""{http://www.tableausoftware.com/xml/user}ui-marker"": ""enumerate""}]"
5_4aJusticiajuvenilAdolescentesyjvenes,DHBEvolucinTemporal,5.4a Justicia juvenil Adolescentes y j├│venes.twb,Cruces Relevantes - Filtro Inidicador,[federated.0qiz8oi1sb3cd813zi06q01yhyh5].[none:ANIO:ok],categorical,"{""class"": ""categorical"", ""column"": ""[federated.0qiz8oi1sb3cd813zi06q01yhyh5].[none:ANIO:ok]"", ""filter-group"": ""5""}","[{""function"": ""level-members"", ""level"": ""[none:ANIO:ok]"", ""{http://www.tableausoftware.com/xml/user}ui-enumeration"": ""all"", ""{http://www.tableausoftware.com/xml/user}ui-marker"": ""enumerate""}]"
5_4aJusticiajuvenilAdolescentesyjvenes,DHBEvolucinTemporal,5.4a Justicia juvenil Adolescentes y j├│venes.twb,Cruces Relevantes - Filtro Inidicador,[federated.0qiz8oi1sb3cd813zi06q01yhyh5].[none:APERTURA_DESCRIPCION:nk],categorical,"{""class"": ""categorical"", ""column"": ""[federated.0qiz8oi1sb3cd813zi06q01yhyh5].[none:APERTURA_DESCRIPCION:nk]"", ""filter-group"": ""15""}","[{""function"": ""level-members"", ""level"": ""[none:APERTURA_DESCRIPCION:nk]"", ""{http://www.tableausoftware.com/xml/user}ui-enumeration"": ""all"", ""{http://www.tableausoftware.com/xml/user}ui-marker"": ""enumerate""}]"
5_4aJusticiajuvenilAdolescentesyjvenes,DHBEvolucinTemporal,5.4a Justicia juvenil Adolescentes y j├│venes.twb,Cruces Relevantes - Filtro Inidicador,[federated.0qiz8oi1sb3cd813zi06q01yhyh5].[none:Calculation_334673811823804420:nk],categorical,"{""class"": ""categorical"", ""column"": ""[federated.0qiz8oi1sb3cd813zi06q01yhyh5].[none:Calculation_334673811823804420:nk]"", ""filter-group"": ""27""}","[{""function"": ""member"", ""level"": ""[none:Calculation_334673811823804420:nk]"", ""member"": ""true"", ""{http://www.tableausoftware.com/xml/user}ui-domain"": ""relevant"", ""{http://www.tableausoftware.com/xml/user}ui-enumeration"": ""inclusive"", ""{http://www.tableausoftware.com/xml/user}ui-marker"": ""enumerate""}]"
5_4aJusticiajuvenilAdolescentesyjvenes,DHBEvolucinTemporal,5.4a Justicia juvenil Adolescentes y j├│venes.twb,Cruces Relevantes - Filtro Inidicador,[federated.0qiz8oi1sb3cd813zi06q01yhyh5].[none:INDICADOR_NOMBRE (Indicadores):nk],categorical,"{""class"": ""categorical"", ""column"": ""[federated.0qiz8oi1sb3cd813zi06q01yhyh5].[none:INDICADOR_NOMBRE (Indicadores):nk]"", ""filter-group"": ""3""}","[{""function"": ""level-members"", ""level"": ""[none:INDICADOR_NOMBRE (Indicadores):nk]"", ""{http://www.tableausoftware.com/xml/user}ui-enumeration"": ""all"", ""{http://www.tableausoftware.com/xml/user}ui-marker"": ""enumerate""}]"
5_4aJusticiajuvenilAdolescentesyjvenes,DHBEvolucinTemporal,5.4a Justicia juvenil Adolescentes y j├│venes.twb,Cruces Relevantes - Filtro Inidicador,[federated.0qiz8oi1sb3cd813zi06q01yhyh5].[none:UNIDAD_GEOGRAFICA_NOMBRE:nk],categorical,"{""class"": ""categorical"", ""column"": ""[federated.0qiz8oi1sb3cd813zi06q01yhyh5].[none:UNIDAD_GEOGRAFICA_NOMBRE:nk]"", ""filter-group"": ""23""}","[{""function"": ""level-members"", ""level"": ""[none:UNIDAD_GEOGRAFICA_NOMBRE:nk]"", ""{http://www.tableausoftware.com/xml/user}ui-enumeration"": ""all"", ""{http://www.tableausoftware.com/xml/user}ui-marker"": ""enumerate""}]"
5_4aJusticiajuvenilAdolescentesyjvenes,DHBEvolucinTemporal,5.4a Justicia juvenil Adolescentes y j├│venes.twb,Cruces Relevantes - Titulo,[federated.0qiz8oi1sb3cd813zi06q01yhyh5].[DATOS_APERTURAS_1],categorical,"{""class"": ""categorical"", ""column"": ""[federated.0qiz8oi1sb3cd813zi06q01yhyh5].[DATOS_APERTURAS_1]"", ""filter-group"": ""14""}","[{""function"": ""level-members"", ""level"": ""[TIPO_DE_DATO]"", ""{http://www.tableausoftware.com/xml/user}ui-enumeration"": ""all"", ""{http://www.tableausoftware.com/xml/user}ui-marker"": ""enumerate""}]"
5_4aJusticiajuvenilAdolescentesyjvenes,DHBEvolucinTemporal,5.4a Justicia juvenil Adolescentes y j├│venes.twb,Cruces Relevantes - Titulo,[federated.0qiz8oi1sb3cd813zi06q01yhyh5].[none:ANIO:ok],categorical,"{""class"": ""categorical"", ""column"": ""[federated.0qiz8oi1sb3cd813zi06q01yhyh5].[none:ANIO:ok]"", ""filter-group"": ""5""}","[{""function"": ""level-members"", ""level"": ""[none:ANIO:ok]"", ""{http://www.tableausoftware.com/xml/user}ui-enumeration"": ""all"", ""{http://www.tableausoftware.com/xml/user}ui-marker"": ""enumerate""}]"
5_4aJusticiajuvenilAdolescentesyjvenes,DHBEvolucinTemporal,5.4a Justicia juvenil Adolescentes y j├│venes.twb,Cruces Relevantes - Titulo,[federated.0qiz8oi1sb3cd813zi06q01yhyh5].[none:APERTURA_DESCRIPCION:nk],categorical,"{""class"": ""categorical"", ""column"": ""[federated.0qiz8oi1sb3cd813zi06q01yhyh5].[none:APERTURA_DESCRIPCION:nk]"", ""filter-group"": ""15""}","[{""function"": ""level-members"", ""level"": ""[none:APERTURA_DESCRIPCION:nk]"", ""{http://www.tableausoftware.com/xml/user}ui-enumeration"": ""all"", ""{http://www.tableausoftware.com/xml/user}ui-marker"": ""enumerate""}]"
5_4aJusticiajuvenilAdolescentesyjvenes,DHBEvolucinTemporal,5.4a Justicia juvenil Adolescentes y j├│venes.twb,Cruces Relevantes - Titulo,[federated.0qiz8oi1sb3cd813zi06q01yhyh5].[none:BTN Mostrar Gráficos Caracteristicas (copy)_54254335857942529:nk],categorical,"{""class"": ""categorical"", ""column"": ""[federated.0qiz8oi1sb3cd813zi06q01yhyh5].[none:BTN Mostrar Gráficos Caracteristicas (copy)_54254335857942529:nk]""}","[{""function"": ""member"", ""level"": ""[none:BTN Mostrar Gráficos Caracteristicas (copy)_54254335857942529:nk]"", ""member"": ""true"", ""{http://www.tableausoftware.com/xml/user}ui-domain"": ""relevant"", ""{http://www.tableausoftware.com/xml/user}ui-enumeration"": ""inclusive"", ""{http://www.tableausoftware.com/xml/user}ui-marker"": ""enumerate""}]"
5_4aJusticiajuvenilAdolescentesyjvenes,DHBEvolucinTemporal,5.4a Justicia juvenil Adolescentes y j├│venes.twb,Cruces Relevantes - Titulo,[federated.0qiz8oi1sb3cd813zi06q01yhyh5].[none:Calculation_334673811823804420:nk],categorical,"{""class"": ""categorical"", ""column"": ""[federated.0qiz8oi1sb3cd813zi06q01yhyh5].[none:Calculation_334673811823804420:nk]"", ""filter-group"": ""27""}","[{""function"": ""member"", ""level"": ""[none:Calculation_334673811823804420:nk]"", ""member"": ""true"", ""{http://www.tableausoftware.com/xml/user}ui-domain"": ""relevant"", ""{http://www.tableausoftware.com/xml/user}ui-enumeration"": ""inclusive"", ""{http://www.tableausoftware.com/xml/user}ui-marker"": ""enumerate""}]"
5_4aJusticiajuvenilAdolescentesyjvenes,DHBEvolucinTemporal,5.4a Justicia juvenil Adolescentes y j├│venes.twb,Cruces Relevantes - Titulo,[federated.0qiz8oi1sb3cd813zi06q01yhyh5].[none:Calculation_334673811825987589:nk],categorical,"{""class"": ""categorical"", ""column"": ""[federated.0qiz8oi1sb3cd813zi06q01yhyh5].[none:Calculation_334673811825987589:nk]""}","[{""function"": ""member"", ""level"": ""[none:Calculation_334673811825987589:nk]"", ""member"": ""true"", ""{http://www.tableausoftware.com/xml/user}ui-domain"": ""relevant"", ""{http://www.tableausoftware.com/xml/user}ui-enumeration"": ""inclusive"", ""{http://www.tableausoftware.com/xml/user}ui-marker"": ""enumerate""}]"
5_4aJusticiajuvenilAdolescentesyjvenes,DHBEvolucinTemporal,5.4a Justicia juvenil Adolescentes y j├│venes.twb,Cruces Relevantes - Titulo,[federated.0qiz8oi1sb3cd813zi06q01yhyh5].[none:INDICADOR_NOMBRE (Indicadores):nk],categorical,"{""class"": ""categorical"", ""column"": ""[federated.0qiz8oi1sb3cd813zi06q01yhyh5].[none:INDICADOR_NOMBRE (Indicadores):nk]"", ""filter-group"": ""3""}","[{""function"": ""level-members"", ""level"": ""[none:INDICADOR_NOMBRE (Indicadores):nk]"", ""{http://www.tableausoftware.com/xml/user}ui-enumeration"": ""all"", ""{http://www.tableausoftware.com/xml/user}ui-marker"": ""enumerate""}]"
5_4aJusticiajuvenilAdolescentesyjvenes,DHBEvolucinTemporal,5.4a Justicia juvenil Adolescentes y j├│venes.twb,Cruces Relevantes - Titulo,[federated.0qiz8oi1sb3cd813zi06q01yhyh5].[none:UNIDAD_GEOGRAFICA_NOMBRE:nk],categorical,"{""class"": ""categorical"", ""column"": ""[federated.0qiz8oi1sb3cd813zi06q01yhyh5].[none:UNIDAD_GEOGRAFICA_NOMBRE:nk]"", ""filter-group"": ""23""}","[{""function"": ""level-members"", ""level"": ""[none:UNIDAD_GEOGRAFICA_NOMBRE:nk]"", ""{http://www.tableausoftware.com/xml/user}ui-enumeration"": ""all"", ""{http://www.tableausoftware.com/xml/user}ui-marker"": ""enumerate""}]"
5_4aJusticiajuvenilAdolescentesyjvenes,DHBEvolucinTemporal,5.4a Justicia juvenil Adolescentes y j├│venes.twb,Distribución Territorial - BTN,"[federated.0qiz8oi1sb3cd813zi06q01yhyh5].[Action (BTN Limpiar filtros,SELECCIONE)]",categorical,"{""class"": ""categorical"", ""column"": ""[federated.0qiz8oi1sb3cd813zi06q01yhyh5].[Action (BTN Limpiar filtros,SELECCIONE)]""}","[{""function"": ""crossjoin"", ""{http://www.tableausoftware.com/xml/user}ui-action-filter"": ""[Action88_A2306F1AF23E4F9CAD37CD015AD97FBE]"", ""{http://www.tableausoftware.com/xml/user}ui-domain"": ""database"", ""{http://www.tableausoftware.com/xml/user}ui-enumeration"": ""inclusive"", ""{http://www.tableausoftware.com/xml/user}ui-marker"": ""enumerate""}, {""function"": ""member"", ""level"": ""[BTN Distribuciones (copy)_4723009404404842516]"", ""member"": ""\""Limpiar filtros\""""}, {""function"": ""member"", ""level"": ""[Calculation_4723009402545549324]"", ""member"": ""\""Seleccione\""""}]"
5_4aJusticiajuvenilAdolescentesyjvenes,DHBEvolucinTemporal,5.4a Justicia juvenil Adolescentes y j├│venes.twb,Distribución Territorial - BTN,[federated.0qiz8oi1sb3cd813zi06q01yhyh5].[DATOS_MAPA],categorical,"{""class"": ""categorical"", ""column"": ""[federated.0qiz8oi1sb3cd813zi06q01yhyh5].[DATOS_MAPA]"", ""filter-group"": ""9""}",[]
5_4aJusticiajuvenilAdolescentesyjvenes,DHBEvolucinTemporal,5.4a Justicia juvenil Adolescentes y j├│venes.twb,Distribución Territorial - BTN,[federated.0qiz8oi1sb3cd813zi06q01yhyh5].[none:Calculation_334673811823804420:nk],categorical,"{""class"": ""categorical"", ""column"": ""[federated.0qiz8oi1sb3cd813zi06q01yhyh5].[none:Calculation_334673811823804420:nk]"", ""filter-group"": ""27""}","[{""function"": ""member"", ""level"": ""[none:Calculation_334673811823804420:nk]"", ""member"": ""true"", ""{http://www.tableausoftware.com/xml/user}ui-domain"": ""relevant"", ""{http://www.tableausoftware.com/xml/user}ui-enumeration"": ""inclusive"", ""{http://www.tableausoftware.com/xml/user}ui-marker"": ""enumerate""}]"
5_4aJusticiajuvenilAdolescentesyjvenes,DHBEvolucinTemporal,5.4a Justicia juvenil Adolescentes y j├│venes.twb,Distribución Territorial - BTN Mostrar Gráficos,[federated.0qiz8oi1sb3cd813zi06q01yhyh5].[none:BTN Mostrar Gráficos Cruces Relevantes (copy) (copy)_54254335887220741:nk],categorical,"{""class"": ""categorical"", ""column"": ""[federated.0qiz8oi1sb3cd813zi06q01yhyh5].[none:BTN Mostrar Gráficos Cruces Relevantes (copy) (copy)_54254335887220741:nk]""}","[{""function"": ""member"", ""level"": ""[none:BTN Mostrar Gráficos Cruces Relevantes (copy) (copy)_54254335887220741:nk]"", ""member"": ""false"", ""{http://www.tableausoftware.com/xml/user}ui-domain"": ""relevant"", ""{http://www.tableausoftware.com/xml/user}ui-enumeration"": ""inclusive"", ""{http://www.tableausoftware.com/xml/user}ui-marker"": ""enumerate""}]"
5_4aJusticiajuvenilAdolescentesyjvenes,DHBEvolucinTemporal,5.4a Justicia juvenil Adolescentes y j├│venes.twb,Distribución Territorial - Departamental Tabla,[federated.0qiz8oi1sb3cd813zi06q01yhyh5].[DATOS_MAPA],categorical,"{""class"": ""categorical"", ""column"": ""[federated.0qiz8oi1sb3cd813zi06q01yhyh5].[DATOS_MAPA]"", ""filter-group"": ""9""}",[]
5_4aJusticiajuvenilAdolescentesyjvenes,DHBEvolucinTemporal,5.4a Justicia juvenil Adolescentes y j├│venes.twb,Distribución Territorial - Departamental Tabla,[federated.0qiz8oi1sb3cd813zi06q01yhyh5].[none:ANIO:ok],categorical,"{""class"": ""categorical"", ""column"": ""[federated.0qiz8oi1sb3cd813zi06q01yhyh5].[none:ANIO:ok]"", ""filter-group"": ""4""}","[{""function"": ""level-members"", ""level"": ""[none:ANIO:ok]"", ""{http://www.tableausoftware.com/xml/user}ui-enumeration"": ""all"", ""{http://www.tableausoftware.com/xml/user}ui-marker"": ""enumerate""}]"
5_4aJusticiajuvenilAdolescentesyjvenes,DHBEvolucinTemporal,5.4a Justicia juvenil Adolescentes y j├│venes.twb,Distribución Territorial - Departamental Tabla,[federated.0qiz8oi1sb3cd813zi06q01yhyh5].[none:BTN Mostrar Gráficos Cruces Relevantes (copy) (copy)_54254335887220741:nk],categorical,"{""class"": ""categorical"", ""column"": ""[federated.0qiz8oi1sb3cd813zi06q01yhyh5].[none:BTN Mostrar Gráficos Cruces Relevantes (copy) (copy)_54254335887220741:nk]"", ""filter-group"": ""19""}","[{""function"": ""member"", ""level"": ""[none:BTN Mostrar Gráficos Cruces Relevantes (copy) (copy)_54254335887220741:nk]"", ""member"": ""true"", ""{http://www.tableausoftware.com/xml/user}ui-domain"": ""relevant"", ""{http://www.tableausoftware.com/xml/user}ui-enumeration"": ""inclusive"", ""{http://www.tableausoftware.com/xml/user}ui-marker"": ""enumerate""}]"
5_4aJusticiajuvenilAdolescentesyjvenes,DHBEvolucinTemporal,5.4a Justicia juvenil Adolescentes y j├│venes.twb,Distribución Territorial - Departamental Tabla,[federated.0qiz8oi1sb3cd813zi06q01yhyh5].[none:Calculation_334673811823804420:nk],categorical,"{""class"": ""categorical"", ""column"": ""[federated.0qiz8oi1sb3cd813zi06q01yhyh5].[none:Calculation_334673811823804420:nk]"", ""filter-group"": ""27""}","[{""function"": ""member"", ""level"": ""[none:Calculation_334673811823804420:nk]"", ""member"": ""true"", ""{http://www.tableausoftware.com/xml/user}ui-domain"": ""relevant"", ""{http://www.tableausoftware.com/xml/user}ui-enumeration"": ""inclusive"", ""{http://www.tableausoftware.com/xml/user}ui-marker"": ""enumerate""}]"
5_4aJusticiajuvenilAdolescentesyjvenes,DHBEvolucinTemporal,5.4a Justicia juvenil Adolescentes y j├│venes.twb,Distribución Territorial - Departamental Tabla,[federated.0qiz8oi1sb3cd813zi06q01yhyh5].[none:Calculation_334673811825987589:nk],categorical,"{""class"": ""categorical"", ""column"": ""[federated.0qiz8oi1sb3cd813zi06q01yhyh5].[none:Calculation_334673811825987589:nk]""}","[{""function"": ""member"", ""level"": ""[none:Calculation_334673811825987589:nk]"", ""member"": ""true"", ""{http://www.tableausoftware.com/xml/user}ui-domain"": ""relevant"", ""{http://www.tableausoftware.com/xml/user}ui-enumeration"": ""inclusive"", ""{http://www.tableausoftware.com/xml/user}ui-marker"": ""enumerate""}]"
5_4aJusticiajuvenilAdolescentesyjvenes,DHBEvolucinTemporal,5.4a Justicia juvenil Adolescentes y j├│venes.twb,Distribución Territorial - Departamental Tabla,[federated.0qiz8oi1sb3cd813zi06q01yhyh5].[none:INDICADOR_NOMBRE (Indicadores):nk],categorical,"{""class"": ""categorical"", ""column"": ""[federated.0qiz8oi1sb3cd813zi06q01yhyh5].[none:INDICADOR_NOMBRE (Indicadores):nk]"", ""filter-group"": ""10""}","[{""function"": ""level-members"", ""level"": ""[none:INDICADOR_NOMBRE (Indicadores):nk]"", ""{http://www.tableausoftware.com/xml/user}ui-enumeration"": ""all"", ""{http://www.tableausoftware.com/xml/user}ui-marker"": ""enumerate""}]"
5_4aJusticiajuvenilAdolescentesyjvenes,DHBEvolucinTemporal,5.4a Justicia juvenil Adolescentes y j├│venes.twb,Distribución Territorial - Filtro,[federated.0qiz8oi1sb3cd813zi06q01yhyh5].[DATOS_MAPA],categorical,"{""class"": ""categorical"", ""column"": ""[federated.0qiz8oi1sb3cd813zi06q01yhyh5].[DATOS_MAPA]"", ""filter-group"": ""9""}",[]
5_4aJusticiajuvenilAdolescentesyjvenes,DHBEvolucinTemporal,5.4a Justicia juvenil Adolescentes y j├│venes.twb,Distribución Territorial - Filtro,[federated.0qiz8oi1sb3cd813zi06q01yhyh5].[none:ANIO:ok],categorical,"{""class"": ""categorical"", ""column"": ""[federated.0qiz8oi1sb3cd813zi06q01yhyh5].[none:ANIO:ok]"", ""filter-group"": ""4""}","[{""function"": ""level-members"", ""level"": ""[none:ANIO:ok]"", ""{http://www.tableausoftware.com/xml/user}ui-enumeration"": ""all"", ""{http://www.tableausoftware.com/xml/user}ui-marker"": ""enumerate""}]"
5_4aJusticiajuvenilAdolescentesyjvenes,DHBEvolucinTemporal,5.4a Justicia juvenil Adolescentes y j├│venes.twb,Distribución Territorial - Filtro,[federated.0qiz8oi1sb3cd813zi06q01yhyh5].[none:Calculation_334673811823804420:nk],categorical,"{""class"": ""categorical"", ""column"": ""[federated.0qiz8oi1sb3cd813zi06q01yhyh5].[none:Calculation_334673811823804420:nk]"", ""filter-group"": ""27""}","[{""function"": ""member"", ""level"": ""[none:Calculation_334673811823804420:nk]"", ""member"": ""true"", ""{http://www.tableausoftware.com/xml/user}ui-domain"": ""relevant"", ""{http://www.tableausoftware.com/xml/user}ui-enumeration"": ""inclusive"", ""{http://www.tableausoftware.com/xml/user}ui-marker"": ""enumerate""}]"
5_4aJusticiajuvenilAdolescentesyjvenes,DHBEvolucinTemporal,5.4a Justicia juvenil Adolescentes y j├│venes.twb,Distribución Territorial - Filtro,[federated.0qiz8oi1sb3cd813zi06q01yhyh5].[none:Calculation_334673811825987589:nk],categorical,"{""class"": ""categorical"", ""column"": ""[federated.0qiz8oi1sb3cd813zi06q01yhyh5].[none:Calculation_334673811825987589:nk]""}","[{""function"": ""member"", ""level"": ""[none:Calculation_334673811825987589:nk]"", ""member"": ""true"", ""{http://www.tableausoftware.com/xml/user}ui-domain"": ""relevant"", ""{http://www.tableausoftware.com/xml/user}ui-enumeration"": ""inclusive"", ""{http://www.tableausoftware.com/xml/user}ui-marker"": ""enumerate""}]"
5_4aJusticiajuvenilAdolescentesyjvenes,DHBEvolucinTemporal,5.4a Justicia juvenil Adolescentes y j├│venes.twb,Distribución Territorial - Filtro,[federated.0qiz8oi1sb3cd813zi06q01yhyh5].[none:INDICADOR_NOMBRE (Indicadores):nk],categorical,"{""class"": ""categorical"", ""column"": ""[federated.0qiz8oi1sb3cd813zi06q01yhyh5].[none:INDICADOR_NOMBRE (Indicadores):nk]"", ""filter-group"": ""10""}","[{""function"": ""level-members"", ""level"": ""[none:INDICADOR_NOMBRE (Indicadores):nk]"", ""{http://www.tableausoftware.com/xml/user}ui-enumeration"": ""all"", ""{http://www.tableausoftware.com/xml/user}ui-marker"": ""enumerate""}]"
5_4aJusticiajuvenilAdolescentesyjvenes,DHBEvolucinTemporal,5.4a Justicia juvenil Adolescentes y j├│venes.twb,Distribución Territorial - Filtro Indicador,[federated.0qiz8oi1sb3cd813zi06q01yhyh5].[DATOS_MAPA],categorical,"{""class"": ""categorical"", ""column"": ""[federated.0qiz8oi1sb3cd813zi06q01yhyh5].[DATOS_MAPA]"", ""filter-group"": ""9""}",[]
5_4aJusticiajuvenilAdolescentesyjvenes,DHBEvolucinTemporal,5.4a Justicia juvenil Adolescentes y j├│venes.twb,Distribución Territorial - Filtro Indicador,[federated.0qiz8oi1sb3cd813zi06q01yhyh5].[none:ANIO:ok],categorical,"{""class"": ""categorical"", ""column"": ""[federated.0qiz8oi1sb3cd813zi06q01yhyh5].[none:ANIO:ok]"", ""filter-group"": ""4""}","[{""function"": ""level-members"", ""level"": ""[none:ANIO:ok]"", ""{http://www.tableausoftware.com/xml/user}ui-enumeration"": ""all"", ""{http://www.tableausoftware.com/xml/user}ui-marker"": ""enumerate""}]"
5_4aJusticiajuvenilAdolescentesyjvenes,DHBEvolucinTemporal,5.4a Justicia juvenil Adolescentes y j├│venes.twb,Distribución Territorial - Filtro Indicador,[federated.0qiz8oi1sb3cd813zi06q01yhyh5].[none:Calculation_334673811823804420:nk],categorical,"{""class"": ""categorical"", ""column"": ""[federated.0qiz8oi1sb3cd813zi06q01yhyh5].[none:Calculation_334673811823804420:nk]"", ""filter-group"": ""27""}","[{""function"": ""member"", ""level"": ""[none:Calculation_334673811823804420:nk]"", ""member"": ""true"", ""{http://www.tableausoftware.com/xml/user}ui-domain"": ""relevant"", ""{http://www.tableausoftware.com/xml/user}ui-enumeration"": ""inclusive"", ""{http://www.tableausoftware.com/xml/user}ui-marker"": ""enumerate""}]"
5_4aJusticiajuvenilAdolescentesyjvenes,DHBEvolucinTemporal,5.4a Justicia juvenil Adolescentes y j├│venes.twb,Distribución Territorial - Filtro Indicador,[federated.0qiz8oi1sb3cd813zi06q01yhyh5].[none:INDICADOR_NOMBRE (Indicadores):nk],categorical,"{""class"": ""categorical"", ""column"": ""[federated.0qiz8oi1sb3cd813zi06q01yhyh5].[none:INDICADOR_NOMBRE (Indicadores):nk]"", ""filter-group"": ""10""}","[{""function"": ""level-members"", ""level"": ""[none:INDICADOR_NOMBRE (Indicadores):nk]"", ""{http://www.tableausoftware.com/xml/user}ui-enumeration"": ""all"", ""{http://www.tableausoftware.com/xml/user}ui-marker"": ""enumerate""}]"
5_4aJusticiajuvenilAdolescentesyjvenes,DHBEvolucinTemporal,5.4a Justicia juvenil Adolescentes y j├│venes.twb,Distribución Territorial - Provincial Aperturas - Barras,[federated.0qiz8oi1sb3cd813zi06q01yhyh5].[DATOS_MAPA],categorical,"{""class"": ""categorical"", ""column"": ""[federated.0qiz8oi1sb3cd813zi06q01yhyh5].[DATOS_MAPA]"", ""filter-group"": ""9""}",[]
5_4aJusticiajuvenilAdolescentesyjvenes,DHBEvolucinTemporal,5.4a Justicia juvenil Adolescentes y j├│venes.twb,Distribución Territorial - Provincial Aperturas - Barras,[federated.0qiz8oi1sb3cd813zi06q01yhyh5].[none:ANIO:ok],categorical,"{""class"": ""categorical"", ""column"": ""[federated.0qiz8oi1sb3cd813zi06q01yhyh5].[none:ANIO:ok]"", ""filter-group"": ""4""}","[{""function"": ""level-members"", ""level"": ""[none:ANIO:ok]"", ""{http://www.tableausoftware.com/xml/user}ui-enumeration"": ""all"", ""{http://www.tableausoftware.com/xml/user}ui-marker"": ""enumerate""}]"
5_4aJusticiajuvenilAdolescentesyjvenes,DHBEvolucinTemporal,5.4a Justicia juvenil Adolescentes y j├│venes.twb,Distribución Territorial - Provincial Aperturas - Barras,[federated.0qiz8oi1sb3cd813zi06q01yhyh5].[none:BTN Mostrar Gráficos Cruces Relevantes (copy) (copy)_54254335887220741:nk],categorical,"{""class"": ""categorical"", ""column"": ""[federated.0qiz8oi1sb3cd813zi06q01yhyh5].[none:BTN Mostrar Gráficos Cruces Relevantes (copy) (copy)_54254335887220741:nk]"", ""filter-group"": ""19""}","[{""function"": ""member"", ""level"": ""[none:BTN Mostrar Gráficos Cruces Relevantes (copy) (copy)_54254335887220741:nk]"", ""member"": ""true"", ""{http://www.tableausoftware.com/xml/user}ui-domain"": ""relevant"", ""{http://www.tableausoftware.com/xml/user}ui-enumeration"": ""inclusive"", ""{http://www.tableausoftware.com/xml/user}ui-marker"": ""enumerate""}]"
5_4aJusticiajuvenilAdolescentesyjvenes,DHBEvolucinTemporal,5.4a Justicia juvenil Adolescentes y j├│venes.twb,Distribución Territorial - Provincial Aperturas - Barras,[federated.0qiz8oi1sb3cd813zi06q01yhyh5].[none:Calculation_334673811823804420:nk],categorical,"{""class"": ""categorical"", ""column"": ""[federated.0qiz8oi1sb3cd813zi06q01yhyh5].[none:Calculation_334673811823804420:nk]"", ""filter-group"": ""27""}","[{""function"": ""member"", ""level"": ""[none:Calculation_334673811823804420:nk]"", ""member"": ""true"", ""{http://www.tableausoftware.com/xml/user}ui-domain"": ""relevant"", ""{http://www.tableausoftware.com/xml/user}ui-enumeration"": ""inclusive"", ""{http://www.tableausoftware.com/xml/user}ui-marker"": ""enumerate""}]"
5_4aJusticiajuvenilAdolescentesyjvenes,DHBEvolucinTemporal,5.4a Justicia juvenil Adolescentes y j├│venes.twb,Distribución Territorial - Provincial Aperturas - Barras,[federated.0qiz8oi1sb3cd813zi06q01yhyh5].[none:Calculation_334673811825987589:nk],categorical,"{""class"": ""categorical"", ""column"": ""[federated.0qiz8oi1sb3cd813zi06q01yhyh5].[none:Calculation_334673811825987589:nk]""}","[{""function"": ""member"", ""level"": ""[none:Calculation_334673811825987589:nk]"", ""member"": ""true"", ""{http://www.tableausoftware.com/xml/user}ui-domain"": ""relevant"", ""{http://www.tableausoftware.com/xml/user}ui-enumeration"": ""inclusive"", ""{http://www.tableausoftware.com/xml/user}ui-marker"": ""enumerate""}]"
5_4aJusticiajuvenilAdolescentesyjvenes,DHBEvolucinTemporal,5.4a Justicia juvenil Adolescentes y j├│venes.twb,Distribución Territorial - Provincial Aperturas - Barras,[federated.0qiz8oi1sb3cd813zi06q01yhyh5].[none:INDICADOR_NOMBRE (Indicadores):nk],categorical,"{""class"": ""categorical"", ""column"": ""[federated.0qiz8oi1sb3cd813zi06q01yhyh5].[none:INDICADOR_NOMBRE (Indicadores):nk]"", ""filter-group"": ""10""}","[{""function"": ""level-members"", ""level"": ""[none:INDICADOR_NOMBRE (Indicadores):nk]"", ""{http://www.tableausoftware.com/xml/user}ui-enumeration"": ""all"", ""{http://www.tableausoftware.com/xml/user}ui-marker"": ""enumerate""}]"
5_4aJusticiajuvenilAdolescentesyjvenes,DHBEvolucinTemporal,5.4a Justicia juvenil Adolescentes y j├│venes.twb,Distribución Territorial - Provincial Geográfico,[federated.0qiz8oi1sb3cd813zi06q01yhyh5].[DATOS_MAPA],categorical,"{""class"": ""categorical"", ""column"": ""[federated.0qiz8oi1sb3cd813zi06q01yhyh5].[DATOS_MAPA]"", ""filter-group"": ""9""}",[]
5_4aJusticiajuvenilAdolescentesyjvenes,DHBEvolucinTemporal,5.4a Justicia juvenil Adolescentes y j├│venes.twb,Distribución Territorial - Provincial Geográfico,[federated.0qiz8oi1sb3cd813zi06q01yhyh5].[none:ANIO:ok],categorical,"{""class"": ""categorical"", ""column"": ""[federated.0qiz8oi1sb3cd813zi06q01yhyh5].[none:ANIO:ok]"", ""filter-group"": ""4""}","[{""function"": ""level-members"", ""level"": ""[none:ANIO:ok]"", ""{http://www.tableausoftware.com/xml/user}ui-enumeration"": ""all"", ""{http://www.tableausoftware.com/xml/user}ui-marker"": ""enumerate""}]"
5_4aJusticiajuvenilAdolescentesyjvenes,DHBEvolucinTemporal,5.4a Justicia juvenil Adolescentes y j├│venes.twb,Distribución Territorial - Provincial Geográfico,[federated.0qiz8oi1sb3cd813zi06q01yhyh5].[none:BTN Mostrar Gráficos Cruces Relevantes (copy) (copy)_54254335887220741:nk],categorical,"{""class"": ""categorical"", ""column"": ""[federated.0qiz8oi1sb3cd813zi06q01yhyh5].[none:BTN Mostrar Gráficos Cruces Relevantes (copy) (copy)_54254335887220741:nk]"", ""filter-group"": ""19""}","[{""function"": ""member"", ""level"": ""[none:BTN Mostrar Gráficos Cruces Relevantes (copy) (copy)_54254335887220741:nk]"", ""member"": ""true"", ""{http://www.tableausoftware.com/xml/user}ui-domain"": ""relevant"", ""{http://www.tableausoftware.com/xml/user}ui-enumeration"": ""inclusive"", ""{http://www.tableausoftware.com/xml/user}ui-marker"": ""enumerate""}]"
5_4aJusticiajuvenilAdolescentesyjvenes,DHBEvolucinTemporal,5.4a Justicia juvenil Adolescentes y j├│venes.twb,Distribución Territorial - Provincial Geográfico,[federated.0qiz8oi1sb3cd813zi06q01yhyh5].[none:Calculation_334673811823804420:nk],categorical,"{""class"": ""categorical"", ""column"": ""[federated.0qiz8oi1sb3cd813zi06q01yhyh5].[none:Calculation_334673811823804420:nk]"", ""filter-group"": ""27""}","[{""function"": ""member"", ""level"": ""[none:Calculation_334673811823804420:nk]"", ""member"": ""true"", ""{http://www.tableausoftware.com/xml/user}ui-domain"": ""relevant"", ""{http://www.tableausoftware.com/xml/user}ui-enumeration"": ""inclusive"", ""{http://www.tableausoftware.com/xml/user}ui-marker"": ""enumerate""}]"
5_4aJusticiajuvenilAdolescentesyjvenes,DHBEvolucinTemporal,5.4a Justicia juvenil Adolescentes y j├│venes.twb,Distribución Territorial - Provincial Geográfico,[federated.0qiz8oi1sb3cd813zi06q01yhyh5].[none:Calculation_334673811825987589:nk],categorical,"{""class"": ""categorical"", ""column"": ""[federated.0qiz8oi1sb3cd813zi06q01yhyh5].[none:Calculation_334673811825987589:nk]""}","[{""function"": ""member"", ""level"": ""[none:Calculation_334673811825987589:nk]"", ""member"": ""true"", ""{http://www.tableausoftware.com/xml/user}ui-domain"": ""relevant"", ""{http://www.tableausoftware.com/xml/user}ui-enumeration"": ""inclusive"", ""{http://www.tableausoftware.com/xml/user}ui-marker"": ""enumerate""}]"
5_4aJusticiajuvenilAdolescentesyjvenes,DHBEvolucinTemporal,5.4a Justicia juvenil Adolescentes y j├│venes.twb,Distribución Territorial - Provincial Geográfico,[federated.0qiz8oi1sb3cd813zi06q01yhyh5].[none:INDICADOR_NOMBRE (Indicadores):nk],categorical,"{""class"": ""categorical"", ""column"": ""[federated.0qiz8oi1sb3cd813zi06q01yhyh5].[none:INDICADOR_NOMBRE (Indicadores):nk]"", ""filter-group"": ""10""}","[{""function"": ""level-members"", ""level"": ""[none:INDICADOR_NOMBRE (Indicadores):nk]"", ""{http://www.tableausoftware.com/xml/user}ui-enumeration"": ""all"", ""{http://www.tableausoftware.com/xml/user}ui-marker"": ""enumerate""}]"
5_4aJusticiajuvenilAdolescentesyjvenes,DHBEvolucinTemporal,5.4a Justicia juvenil Adolescentes y j├│venes.twb,Distribución Territorial - Provincial Tabla,[federated.0qiz8oi1sb3cd813zi06q01yhyh5].[DATOS_MAPA],categorical,"{""class"": ""categorical"", ""column"": ""[federated.0qiz8oi1sb3cd813zi06q01yhyh5].[DATOS_MAPA]"", ""filter-group"": ""9""}",[]
5_4aJusticiajuvenilAdolescentesyjvenes,DHBEvolucinTemporal,5.4a Justicia juvenil Adolescentes y j├│venes.twb,Distribución Territorial - Provincial Tabla,[federated.0qiz8oi1sb3cd813zi06q01yhyh5].[none:ANIO:ok],categorical,"{""class"": ""categorical"", ""column"": ""[federated.0qiz8oi1sb3cd813zi06q01yhyh5].[none:ANIO:ok]"", ""filter-group"": ""4""}","[{""function"": ""level-members"", ""level"": ""[none:ANIO:ok]"", ""{http://www.tableausoftware.com/xml/user}ui-enumeration"": ""all"", ""{http://www.tableausoftware.com/xml/user}ui-marker"": ""enumerate""}]"
5_4aJusticiajuvenilAdolescentesyjvenes,DHBEvolucinTemporal,5.4a Justicia juvenil Adolescentes y j├│venes.twb,Distribución Territorial - Provincial Tabla,[federated.0qiz8oi1sb3cd813zi06q01yhyh5].[none:BTN Mostrar Gráficos Cruces Relevantes (copy) (copy)_54254335887220741:nk],categorical,"{""class"": ""categorical"", ""column"": ""[federated.0qiz8oi1sb3cd813zi06q01yhyh5].[none:BTN Mostrar Gráficos Cruces Relevantes (copy) (copy)_54254335887220741:nk]"", ""filter-group"": ""19""}","[{""function"": ""member"", ""level"": ""[none:BTN Mostrar Gráficos Cruces Relevantes (copy) (copy)_54254335887220741:nk]"", ""member"": ""true"", ""{http://www.tableausoftware.com/xml/user}ui-domain"": ""relevant"", ""{http://www.tableausoftware.com/xml/user}ui-enumeration"": ""inclusive"", ""{http://www.tableausoftware.com/xml/user}ui-marker"": ""enumerate""}]"
5_4aJusticiajuvenilAdolescentesyjvenes,DHBEvolucinTemporal,5.4a Justicia juvenil Adolescentes y j├│venes.twb,Distribución Territorial - Provincial Tabla,[federated.0qiz8oi1sb3cd813zi06q01yhyh5].[none:Calculation_334673811823804420:nk],categorical,"{""class"": ""categorical"", ""column"": ""[federated.0qiz8oi1sb3cd813zi06q01yhyh5].[none:Calculation_334673811823804420:nk]"", ""filter-group"": ""27""}","[{""function"": ""member"", ""level"": ""[none:Calculation_334673811823804420:nk]"", ""member"": ""true"", ""{http://www.tableausoftware.com/xml/user}ui-domain"": ""relevant"", ""{http://www.tableausoftware.com/xml/user}ui-enumeration"": ""inclusive"", ""{http://www.tableausoftware.com/xml/user}ui-marker"": ""enumerate""}]"
5_4aJusticiajuvenilAdolescentesyjvenes,DHBEvolucinTemporal,5.4a Justicia juvenil Adolescentes y j├│venes.twb,Distribución Territorial - Provincial Tabla,[federated.0qiz8oi1sb3cd813zi06q01yhyh5].[none:Calculation_334673811825987589:nk],categorical,"{""class"": ""categorical"", ""column"": ""[federated.0qiz8oi1sb3cd813zi06q01yhyh5].[none:Calculation_334673811825987589:nk]""}","[{""function"": ""member"", ""level"": ""[none:Calculation_334673811825987589:nk]"", ""member"": ""true"", ""{http://www.tableausoftware.com/xml/user}ui-domain"": ""relevant"", ""{http://www.tableausoftware.com/xml/user}ui-enumeration"": ""inclusive"", ""{http://www.tableausoftware.com/xml/user}ui-marker"": ""enumerate""}]"
5_4aJusticiajuvenilAdolescentesyjvenes,DHBEvolucinTemporal,5.4a Justicia juvenil Adolescentes y j├│venes.twb,Distribución Territorial - Provincial Tabla,[federated.0qiz8oi1sb3cd813zi06q01yhyh5].[none:INDICADOR_NOMBRE (Indicadores):nk],categorical,"{""class"": ""categorical"", ""column"": ""[federated.0qiz8oi1sb3cd813zi06q01yhyh5].[none:INDICADOR_NOMBRE (Indicadores):nk]"", ""filter-group"": ""10""}","[{""function"": ""level-members"", ""level"": ""[none:INDICADOR_NOMBRE (Indicadores):nk]"", ""{http://www.tableausoftware.com/xml/user}ui-enumeration"": ""all"", ""{http://www.tableausoftware.com/xml/user}ui-marker"": ""enumerate""}]"
5_4aJusticiajuvenilAdolescentesyjvenes,DHBEvolucinTemporal,5.4a Justicia juvenil Adolescentes y j├│venes.twb,Distribución Territorial - Regional Geográfico,[federated.0qiz8oi1sb3cd813zi06q01yhyh5].[DATOS_MAPA],categorical,"{""class"": ""categorical"", ""column"": ""[federated.0qiz8oi1sb3cd813zi06q01yhyh5].[DATOS_MAPA]"", ""filter-group"": ""9""}",[]
5_4aJusticiajuvenilAdolescentesyjvenes,DHBEvolucinTemporal,5.4a Justicia juvenil Adolescentes y j├│venes.twb,Distribución Territorial - Regional Geográfico,[federated.0qiz8oi1sb3cd813zi06q01yhyh5].[none:ANIO:ok],categorical,"{""class"": ""categorical"", ""column"": ""[federated.0qiz8oi1sb3cd813zi06q01yhyh5].[none:ANIO:ok]"", ""filter-group"": ""4""}","[{""function"": ""level-members"", ""level"": ""[none:ANIO:ok]"", ""{http://www.tableausoftware.com/xml/user}ui-enumeration"": ""all"", ""{http://www.tableausoftware.com/xml/user}ui-marker"": ""enumerate""}]"
5_4aJusticiajuvenilAdolescentesyjvenes,DHBEvolucinTemporal,5.4a Justicia juvenil Adolescentes y j├│venes.twb,Distribución Territorial - Regional Geográfico,[federated.0qiz8oi1sb3cd813zi06q01yhyh5].[none:BTN Mostrar Gráficos Cruces Relevantes (copy) (copy)_54254335887220741:nk],categorical,"{""class"": ""categorical"", ""column"": ""[federated.0qiz8oi1sb3cd813zi06q01yhyh5].[none:BTN Mostrar Gráficos Cruces Relevantes (copy) (copy)_54254335887220741:nk]"", ""filter-group"": ""19""}","[{""function"": ""member"", ""level"": ""[none:BTN Mostrar Gráficos Cruces Relevantes (copy) (copy)_54254335887220741:nk]"", ""member"": ""true"", ""{http://www.tableausoftware.com/xml/user}ui-domain"": ""relevant"", ""{http://www.tableausoftware.com/xml/user}ui-enumeration"": ""inclusive"", ""{http://www.tableausoftware.com/xml/user}ui-marker"": ""enumerate""}]"
5_4aJusticiajuvenilAdolescentesyjvenes,DHBEvolucinTemporal,5.4a Justicia juvenil Adolescentes y j├│venes.twb,Distribución Territorial - Regional Geográfico,[federated.0qiz8oi1sb3cd813zi06q01yhyh5].[none:Calculation_334673811823804420:nk],categorical,"{""class"": ""categorical"", ""column"": ""[federated.0qiz8oi1sb3cd813zi06q01yhyh5].[none:Calculation_334673811823804420:nk]"", ""filter-group"": ""27""}","[{""function"": ""member"", ""level"": ""[none:Calculation_334673811823804420:nk]"", ""member"": ""true"", ""{http://www.tableausoftware.com/xml/user}ui-domain"": ""relevant"", ""{http://www.tableausoftware.com/xml/user}ui-enumeration"": ""inclusive"", ""{http://www.tableausoftware.com/xml/user}ui-marker"": ""enumerate""}]"
5_4aJusticiajuvenilAdolescentesyjvenes,DHBEvolucinTemporal,5.4a Justicia juvenil Adolescentes y j├│venes.twb,Distribución Territorial - Regional Geográfico,[federated.0qiz8oi1sb3cd813zi06q01yhyh5].[none:Calculation_334673811825987589:nk],categorical,"{""class"": ""categorical"", ""column"": ""[federated.0qiz8oi1sb3cd813zi06q01yhyh5].[none:Calculation_334673811825987589:nk]""}","[{""function"": ""member"", ""level"": ""[none:Calculation_334673811825987589:nk]"", ""member"": ""true"", ""{http://www.tableausoftware.com/xml/user}ui-domain"": ""relevant"", ""{http://www.tableausoftware.com/xml/user}ui-enumeration"": ""inclusive"", ""{http://www.tableausoftware.com/xml/user}ui-marker"": ""enumerate""}]"
5_4aJusticiajuvenilAdolescentesyjvenes,DHBEvolucinTemporal,5.4a Justicia juvenil Adolescentes y j├│venes.twb,Distribución Territorial - Regional Geográfico,[federated.0qiz8oi1sb3cd813zi06q01yhyh5].[none:INDICADOR_NOMBRE (Indicadores):nk],categorical,"{""class"": ""categorical"", ""column"": ""[federated.0qiz8oi1sb3cd813zi06q01yhyh5].[none:INDICADOR_NOMBRE (Indicadores):nk]"", ""filter-group"": ""10""}","[{""function"": ""level-members"", ""level"": ""[none:INDICADOR_NOMBRE (Indicadores):nk]"", ""{http://www.tableausoftware.com/xml/user}ui-enumeration"": ""all"", ""{http://www.tableausoftware.com/xml/user}ui-marker"": ""enumerate""}]"
5_4aJusticiajuvenilAdolescentesyjvenes,DHBEvolucinTemporal,5.4a Justicia juvenil Adolescentes y j├│venes.twb,Distribución Territorial - Regional Tabla,[federated.0qiz8oi1sb3cd813zi06q01yhyh5].[DATOS_MAPA],categorical,"{""class"": ""categorical"", ""column"": ""[federated.0qiz8oi1sb3cd813zi06q01yhyh5].[DATOS_MAPA]"", ""filter-group"": ""9""}",[]
5_4aJusticiajuvenilAdolescentesyjvenes,DHBEvolucinTemporal,5.4a Justicia juvenil Adolescentes y j├│venes.twb,Distribución Territorial - Regional Tabla,[federated.0qiz8oi1sb3cd813zi06q01yhyh5].[none:ANIO:ok],categorical,"{""class"": ""categorical"", ""column"": ""[federated.0qiz8oi1sb3cd813zi06q01yhyh5].[none:ANIO:ok]"", ""filter-group"": ""4""}","[{""function"": ""level-members"", ""level"": ""[none:ANIO:ok]"", ""{http://www.tableausoftware.com/xml/user}ui-enumeration"": ""all"", ""{http://www.tableausoftware.com/xml/user}ui-marker"": ""enumerate""}]"
5_4aJusticiajuvenilAdolescentesyjvenes,DHBEvolucinTemporal,5.4a Justicia juvenil Adolescentes y j├│venes.twb,Distribución Territorial - Regional Tabla,[federated.0qiz8oi1sb3cd813zi06q01yhyh5].[none:BTN Mostrar Gráficos Cruces Relevantes (copy) (copy)_54254335887220741:nk],categorical,"{""class"": ""categorical"", ""column"": ""[federated.0qiz8oi1sb3cd813zi06q01yhyh5].[none:BTN Mostrar Gráficos Cruces Relevantes (copy) (copy)_54254335887220741:nk]"", ""filter-group"": ""19""}","[{""function"": ""member"", ""level"": ""[none:BTN Mostrar Gráficos Cruces Relevantes (copy) (copy)_54254335887220741:nk]"", ""member"": ""true"", ""{http://www.tableausoftware.com/xml/user}ui-domain"": ""relevant"", ""{http://www.tableausoftware.com/xml/user}ui-enumeration"": ""inclusive"", ""{http://www.tableausoftware.com/xml/user}ui-marker"": ""enumerate""}]"
5_4aJusticiajuvenilAdolescentesyjvenes,DHBEvolucinTemporal,5.4a Justicia juvenil Adolescentes y j├│venes.twb,Distribución Territorial - Regional Tabla,[federated.0qiz8oi1sb3cd813zi06q01yhyh5].[none:Calculation_334673811823804420:nk],categorical,"{""class"": ""categorical"", ""column"": ""[federated.0qiz8oi1sb3cd813zi06q01yhyh5].[none:Calculation_334673811823804420:nk]"", ""filter-group"": ""27""}","[{""function"": ""member"", ""level"": ""[none:Calculation_334673811823804420:nk]"", ""member"": ""true"", ""{http://www.tableausoftware.com/xml/user}ui-domain"": ""relevant"", ""{http://www.tableausoftware.com/xml/user}ui-enumeration"": ""inclusive"", ""{http://www.tableausoftware.com/xml/user}ui-marker"": ""enumerate""}]"
5_4aJusticiajuvenilAdolescentesyjvenes,DHBEvolucinTemporal,5.4a Justicia juvenil Adolescentes y j├│venes.twb,Distribución Territorial - Regional Tabla,[federated.0qiz8oi1sb3cd813zi06q01yhyh5].[none:Calculation_334673811825987589:nk],categorical,"{""class"": ""categorical"", ""column"": ""[federated.0qiz8oi1sb3cd813zi06q01yhyh5].[none:Calculation_334673811825987589:nk]""}","[{""function"": ""member"", ""level"": ""[none:Calculation_334673811825987589:nk]"", ""member"": ""true"", ""{http://www.tableausoftware.com/xml/user}ui-domain"": ""relevant"", ""{http://www.tableausoftware.com/xml/user}ui-enumeration"": ""inclusive"", ""{http://www.tableausoftware.com/xml/user}ui-marker"": ""enumerate""}]"
5_4aJusticiajuvenilAdolescentesyjvenes,DHBEvolucinTemporal,5.4a Justicia juvenil Adolescentes y j├│venes.twb,Distribución Territorial - Regional Tabla,[federated.0qiz8oi1sb3cd813zi06q01yhyh5].[none:INDICADOR_NOMBRE (Indicadores):nk],categorical,"{""class"": ""categorical"", ""column"": ""[federated.0qiz8oi1sb3cd813zi06q01yhyh5].[none:INDICADOR_NOMBRE (Indicadores):nk]"", ""filter-group"": ""10""}","[{""function"": ""level-members"", ""level"": ""[none:INDICADOR_NOMBRE (Indicadores):nk]"", ""{http://www.tableausoftware.com/xml/user}ui-enumeration"": ""all"", ""{http://www.tableausoftware.com/xml/user}ui-marker"": ""enumerate""}]"
5_4aJusticiajuvenilAdolescentesyjvenes,DHBEvolucinTemporal,5.4a Justicia juvenil Adolescentes y j├│venes.twb,Distribución Territorial - Tapa valores geográfico,[federated.0qiz8oi1sb3cd813zi06q01yhyh5].[DATOS_MAPA],categorical,"{""class"": ""categorical"", ""column"": ""[federated.0qiz8oi1sb3cd813zi06q01yhyh5].[DATOS_MAPA]"", ""filter-group"": ""9""}",[]
5_4aJusticiajuvenilAdolescentesyjvenes,DHBEvolucinTemporal,5.4a Justicia juvenil Adolescentes y j├│venes.twb,Distribución Territorial - Tapa valores geográfico,[federated.0qiz8oi1sb3cd813zi06q01yhyh5].[none:ANIO:ok],categorical,"{""class"": ""categorical"", ""column"": ""[federated.0qiz8oi1sb3cd813zi06q01yhyh5].[none:ANIO:ok]"", ""filter-group"": ""4""}","[{""function"": ""level-members"", ""level"": ""[none:ANIO:ok]"", ""{http://www.tableausoftware.com/xml/user}ui-enumeration"": ""all"", ""{http://www.tableausoftware.com/xml/user}ui-marker"": ""enumerate""}]"
5_4aJusticiajuvenilAdolescentesyjvenes,DHBEvolucinTemporal,5.4a Justicia juvenil Adolescentes y j├│venes.twb,Distribución Territorial - Tapa valores geográfico,[federated.0qiz8oi1sb3cd813zi06q01yhyh5].[none:Calculation_334673811823804420:nk],categorical,"{""class"": ""categorical"", ""column"": ""[federated.0qiz8oi1sb3cd813zi06q01yhyh5].[none:Calculation_334673811823804420:nk]"", ""filter-group"": ""27""}","[{""function"": ""member"", ""level"": ""[none:Calculation_334673811823804420:nk]"", ""member"": ""true"", ""{http://www.tableausoftware.com/xml/user}ui-domain"": ""relevant"", ""{http://www.tableausoftware.com/xml/user}ui-enumeration"": ""inclusive"", ""{http://www.tableausoftware.com/xml/user}ui-marker"": ""enumerate""}]"
5_4aJusticiajuvenilAdolescentesyjvenes,DHBEvolucinTemporal,5.4a Justicia juvenil Adolescentes y j├│venes.twb,Distribución Territorial - Tapa valores geográfico,[federated.0qiz8oi1sb3cd813zi06q01yhyh5].[none:Calculation_334673811825987589:nk],categorical,"{""class"": ""categorical"", ""column"": ""[federated.0qiz8oi1sb3cd813zi06q01yhyh5].[none:Calculation_334673811825987589:nk]""}","[{""function"": ""member"", ""level"": ""[none:Calculation_334673811825987589:nk]"", ""member"": ""false"", ""{http://www.tableausoftware.com/xml/user}ui-domain"": ""relevant"", ""{http://www.tableausoftware.com/xml/user}ui-enumeration"": ""inclusive"", ""{http://www.tableausoftware.com/xml/user}ui-marker"": ""enumerate""}]"
5_4aJusticiajuvenilAdolescentesyjvenes,DHBEvolucinTemporal,5.4a Justicia juvenil Adolescentes y j├│venes.twb,Distribución Territorial - Tapa valores geográfico,[federated.0qiz8oi1sb3cd813zi06q01yhyh5].[none:INDICADOR_NOMBRE (Indicadores):nk],categorical,"{""class"": ""categorical"", ""column"": ""[federated.0qiz8oi1sb3cd813zi06q01yhyh5].[none:INDICADOR_NOMBRE (Indicadores):nk]"", ""filter-group"": ""10""}","[{""function"": ""level-members"", ""level"": ""[none:INDICADOR_NOMBRE (Indicadores):nk]"", ""{http://www.tableausoftware.com/xml/user}ui-enumeration"": ""all"", ""{http://www.tableausoftware.com/xml/user}ui-marker"": ""enumerate""}]"
5_4aJusticiajuvenilAdolescentesyjvenes,DHBEvolucinTemporal,5.4a Justicia juvenil Adolescentes y j├│venes.twb,Distribución Territorial - Título,[federated.0qiz8oi1sb3cd813zi06q01yhyh5].[DATOS_MAPA],categorical,"{""class"": ""categorical"", ""column"": ""[federated.0qiz8oi1sb3cd813zi06q01yhyh5].[DATOS_MAPA]"", ""filter-group"": ""9""}",[]
5_4aJusticiajuvenilAdolescentesyjvenes,DHBEvolucinTemporal,5.4a Justicia juvenil Adolescentes y j├│venes.twb,Distribución Territorial - Título,[federated.0qiz8oi1sb3cd813zi06q01yhyh5].[none:ANIO:ok],categorical,"{""class"": ""categorical"", ""column"": ""[federated.0qiz8oi1sb3cd813zi06q01yhyh5].[none:ANIO:ok]"", ""filter-group"": ""4""}","[{""function"": ""level-members"", ""level"": ""[none:ANIO:ok]"", ""{http://www.tableausoftware.com/xml/user}ui-enumeration"": ""all"", ""{http://www.tableausoftware.com/xml/user}ui-marker"": ""enumerate""}]"
5_4aJusticiajuvenilAdolescentesyjvenes,DHBEvolucinTemporal,5.4a Justicia juvenil Adolescentes y j├│venes.twb,Distribución Territorial - Título,[federated.0qiz8oi1sb3cd813zi06q01yhyh5].[none:BTN Mostrar Gráficos Cruces Relevantes (copy) (copy)_54254335887220741:nk],categorical,"{""class"": ""categorical"", ""column"": ""[federated.0qiz8oi1sb3cd813zi06q01yhyh5].[none:BTN Mostrar Gráficos Cruces Relevantes (copy) (copy)_54254335887220741:nk]"", ""filter-group"": ""19""}","[{""function"": ""member"", ""level"": ""[none:BTN Mostrar Gráficos Cruces Relevantes (copy) (copy)_54254335887220741:nk]"", ""member"": ""true"", ""{http://www.tableausoftware.com/xml/user}ui-domain"": ""relevant"", ""{http://www.tableausoftware.com/xml/user}ui-enumeration"": ""inclusive"", ""{http://www.tableausoftware.com/xml/user}ui-marker"": ""enumerate""}]"
5_4aJusticiajuvenilAdolescentesyjvenes,DHBEvolucinTemporal,5.4a Justicia juvenil Adolescentes y j├│venes.twb,Distribución Territorial - Título,[federated.0qiz8oi1sb3cd813zi06q01yhyh5].[none:Calculation_334673811823804420:nk],categorical,"{""class"": ""categorical"", ""column"": ""[federated.0qiz8oi1sb3cd813zi06q01yhyh5].[none:Calculation_334673811823804420:nk]"", ""filter-group"": ""27""}","[{""function"": ""member"", ""level"": ""[none:Calculation_334673811823804420:nk]"", ""member"": ""true"", ""{http://www.tableausoftware.com/xml/user}ui-domain"": ""relevant"", ""{http://www.tableausoftware.com/xml/user}ui-enumeration"": ""inclusive"", ""{http://www.tableausoftware.com/xml/user}ui-marker"": ""enumerate""}]"
5_4aJusticiajuvenilAdolescentesyjvenes,DHBEvolucinTemporal,5.4a Justicia juvenil Adolescentes y j├│venes.twb,Distribución Territorial - Título,[federated.0qiz8oi1sb3cd813zi06q01yhyh5].[none:Calculation_334673811825987589:nk],categorical,"{""class"": ""categorical"", ""column"": ""[federated.0qiz8oi1sb3cd813zi06q01yhyh5].[none:Calculation_334673811825987589:nk]""}","[{""function"": ""member"", ""level"": ""[none:Calculation_334673811825987589:nk]"", ""member"": ""true"", ""{http://www.tableausoftware.com/xml/user}ui-domain"": ""relevant"", ""{http://www.tableausoftware.com/xml/user}ui-enumeration"": ""inclusive"", ""{http://www.tableausoftware.com/xml/user}ui-marker"": ""enumerate""}]"
5_4aJusticiajuvenilAdolescentesyjvenes,DHBEvolucinTemporal,5.4a Justicia juvenil Adolescentes y j├│venes.twb,Distribución Territorial - Título,[federated.0qiz8oi1sb3cd813zi06q01yhyh5].[none:INDICADOR_NOMBRE (Indicadores):nk],categorical,"{""class"": ""categorical"", ""column"": ""[federated.0qiz8oi1sb3cd813zi06q01yhyh5].[none:INDICADOR_NOMBRE (Indicadores):nk]"", ""filter-group"": ""10""}","[{""function"": ""level-members"", ""level"": ""[none:INDICADOR_NOMBRE (Indicadores):nk]"", ""{http://www.tableausoftware.com/xml/user}ui-enumeration"": ""all"", ""{http://www.tableausoftware.com/xml/user}ui-marker"": ""enumerate""}]"
5_4aJusticiajuvenilAdolescentesyjvenes,DHBEvolucinTemporal,5.4a Justicia juvenil Adolescentes y j├│venes.twb,Evolución Temporal - BTN Mostrar Gráficos,[federated.0qiz8oi1sb3cd813zi06q01yhyh5].[none:BTN Mostrar Gráficos Cruces Relevantes (copy)_54254335887208452:nk],categorical,"{""class"": ""categorical"", ""column"": ""[federated.0qiz8oi1sb3cd813zi06q01yhyh5].[none:BTN Mostrar Gráficos Cruces Relevantes (copy)_54254335887208452:nk]""}","[{""function"": ""member"", ""level"": ""[none:BTN Mostrar Gráficos Cruces Relevantes (copy)_54254335887208452:nk]"", ""member"": ""false"", ""{http://www.tableausoftware.com/xml/user}ui-domain"": ""relevant"", ""{http://www.tableausoftware.com/xml/user}ui-enumeration"": ""inclusive"", ""{http://www.tableausoftware.com/xml/user}ui-marker"": ""enumerate""}]"
5_4aJusticiajuvenilAdolescentesyjvenes,DHBEvolucinTemporal,5.4a Justicia juvenil Adolescentes y j├│venes.twb,Evolución Temporal - Filtro,[federated.0qiz8oi1sb3cd813zi06q01yhyh5].[DATOS_SERIES_TEMPORALES_1],categorical,"{""class"": ""categorical"", ""column"": ""[federated.0qiz8oi1sb3cd813zi06q01yhyh5].[DATOS_SERIES_TEMPORALES_1]"", ""filter-group"": ""20""}","[{""function"": ""level-members"", ""level"": ""[TIPO_DE_DATO]"", ""{http://www.tableausoftware.com/xml/user}ui-enumeration"": ""all"", ""{http://www.tableausoftware.com/xml/user}ui-marker"": ""enumerate""}]"
5_4aJusticiajuvenilAdolescentesyjvenes,DHBEvolucinTemporal,5.4a Justicia juvenil Adolescentes y j├│venes.twb,Evolución Temporal - Filtro,[federated.0qiz8oi1sb3cd813zi06q01yhyh5].[none:APERTURA_NIVEL_1:nk],categorical,"{""class"": ""categorical"", ""column"": ""[federated.0qiz8oi1sb3cd813zi06q01yhyh5].[none:APERTURA_NIVEL_1:nk]"", ""filter-group"": ""21""}","[{""function"": ""level-members"", ""level"": ""[none:APERTURA_NIVEL_1:nk]"", ""{http://www.tableausoftware.com/xml/user}ui-enumeration"": ""all"", ""{http://www.tableausoftware.com/xml/user}ui-marker"": ""enumerate""}]"
5_4aJusticiajuvenilAdolescentesyjvenes,DHBEvolucinTemporal,5.4a Justicia juvenil Adolescentes y j├│venes.twb,Evolución Temporal - Filtro,[federated.0qiz8oi1sb3cd813zi06q01yhyh5].[none:Calculation_334673811823804420:nk],categorical,"{""class"": ""categorical"", ""column"": ""[federated.0qiz8oi1sb3cd813zi06q01yhyh5].[none:Calculation_334673811823804420:nk]"", ""filter-group"": ""27""}","[{""function"": ""member"", ""level"": ""[none:Calculation_334673811823804420:nk]"", ""member"": ""true"", ""{http://www.tableausoftware.com/xml/user}ui-domain"": ""relevant"", ""{http://www.tableausoftware.com/xml/user}ui-enumeration"": ""inclusive"", ""{http://www.tableausoftware.com/xml/user}ui-marker"": ""enumerate""}]"
5_4aJusticiajuvenilAdolescentesyjvenes,DHBEvolucinTemporal,5.4a Justicia juvenil Adolescentes y j├│venes.twb,Evolución Temporal - Filtro,[federated.0qiz8oi1sb3cd813zi06q01yhyh5].[none:Calculation_334673811825987589:nk],categorical,"{""class"": ""categorical"", ""column"": ""[federated.0qiz8oi1sb3cd813zi06q01yhyh5].[none:Calculation_334673811825987589:nk]""}","[{""function"": ""member"", ""level"": ""[none:Calculation_334673811825987589:nk]"", ""member"": ""true"", ""{http://www.tableausoftware.com/xml/user}ui-domain"": ""relevant"", ""{http://www.tableausoftware.com/xml/user}ui-enumeration"": ""inclusive"", ""{http://www.tableausoftware.com/xml/user}ui-marker"": ""enumerate""}]"
5_4aJusticiajuvenilAdolescentesyjvenes,DHBEvolucinTemporal,5.4a Justicia juvenil Adolescentes y j├│venes.twb,Evolución Temporal - Filtro,[federated.0qiz8oi1sb3cd813zi06q01yhyh5].[none:INDICADOR_NOMBRE (Indicadores):nk],categorical,"{""class"": ""categorical"", ""column"": ""[federated.0qiz8oi1sb3cd813zi06q01yhyh5].[none:INDICADOR_NOMBRE (Indicadores):nk]"", ""filter-group"": ""22""}","[{""function"": ""level-members"", ""level"": ""[none:INDICADOR_NOMBRE (Indicadores):nk]"", ""{http://www.tableausoftware.com/xml/user}ui-enumeration"": ""all"", ""{http://www.tableausoftware.com/xml/user}ui-marker"": ""enumerate""}]"
5_4aJusticiajuvenilAdolescentesyjvenes,DHBEvolucinTemporal,5.4a Justicia juvenil Adolescentes y j├│venes.twb,Evolución Temporal - Filtro Indicador,[federated.0qiz8oi1sb3cd813zi06q01yhyh5].[DATOS_SERIES_TEMPORALES_1],categorical,"{""class"": ""categorical"", ""column"": ""[federated.0qiz8oi1sb3cd813zi06q01yhyh5].[DATOS_SERIES_TEMPORALES_1]"", ""filter-group"": ""20""}","[{""function"": ""level-members"", ""level"": ""[TIPO_DE_DATO]"", ""{http://www.tableausoftware.com/xml/user}ui-enumeration"": ""all"", ""{http://www.tableausoftware.com/xml/user}ui-marker"": ""enumerate""}]"
5_4aJusticiajuvenilAdolescentesyjvenes,DHBEvolucinTemporal,5.4a Justicia juvenil Adolescentes y j├│venes.twb,Evolución Temporal - Filtro Indicador,[federated.0qiz8oi1sb3cd813zi06q01yhyh5].[none:APERTURA_NIVEL_1:nk],categorical,"{""class"": ""categorical"", ""column"": ""[federated.0qiz8oi1sb3cd813zi06q01yhyh5].[none:APERTURA_NIVEL_1:nk]"", ""filter-group"": ""21""}","[{""function"": ""level-members"", ""level"": ""[none:APERTURA_NIVEL_1:nk]"", ""{http://www.tableausoftware.com/xml/user}ui-enumeration"": ""all"", ""{http://www.tableausoftware.com/xml/user}ui-marker"": ""enumerate""}]"
5_4aJusticiajuvenilAdolescentesyjvenes,DHBEvolucinTemporal,5.4a Justicia juvenil Adolescentes y j├│venes.twb,Evolución Temporal - Filtro Indicador,[federated.0qiz8oi1sb3cd813zi06q01yhyh5].[none:Calculation_334673811823804420:nk],categorical,"{""class"": ""categorical"", ""column"": ""[federated.0qiz8oi1sb3cd813zi06q01yhyh5].[none:Calculation_334673811823804420:nk]"", ""filter-group"": ""27""}","[{""function"": ""member"", ""level"": ""[none:Calculation_334673811823804420:nk]"", ""member"": ""true"", ""{http://www.tableausoftware.com/xml/user}ui-domain"": ""relevant"", ""{http://www.tableausoftware.com/xml/user}ui-enumeration"": ""inclusive"", ""{http://www.tableausoftware.com/xml/user}ui-marker"": ""enumerate""}]"
5_4aJusticiajuvenilAdolescentesyjvenes,DHBEvolucinTemporal,5.4a Justicia juvenil Adolescentes y j├│venes.twb,Evolución Temporal - Filtro Indicador,[federated.0qiz8oi1sb3cd813zi06q01yhyh5].[none:INDICADOR_NOMBRE (Indicadores):nk],categorical,"{""class"": ""categorical"", ""column"": ""[federated.0qiz8oi1sb3cd813zi06q01yhyh5].[none:INDICADOR_NOMBRE (Indicadores):nk]"", ""filter-group"": ""22""}","[{""function"": ""level-members"", ""level"": ""[none:INDICADOR_NOMBRE (Indicadores):nk]"", ""{http://www.tableausoftware.com/xml/user}ui-enumeration"": ""all"", ""{http://www.tableausoftware.com/xml/user}ui-marker"": ""enumerate""}]"
5_4aJusticiajuvenilAdolescentesyjvenes,DHBEvolucinTemporal,5.4a Justicia juvenil Adolescentes y j├│venes.twb,Evolución Temporal - Lineas x año,[federated.0qiz8oi1sb3cd813zi06q01yhyh5].[DATOS_SERIES_TEMPORALES_1],categorical,"{""class"": ""categorical"", ""column"": ""[federated.0qiz8oi1sb3cd813zi06q01yhyh5].[DATOS_SERIES_TEMPORALES_1]"", ""filter-group"": ""20""}","[{""function"": ""level-members"", ""level"": ""[TIPO_DE_DATO]"", ""{http://www.tableausoftware.com/xml/user}ui-enumeration"": ""all"", ""{http://www.tableausoftware.com/xml/user}ui-marker"": ""enumerate""}]"
5_4aJusticiajuvenilAdolescentesyjvenes,DHBEvolucinTemporal,5.4a Justicia juvenil Adolescentes y j├│venes.twb,Evolución Temporal - Lineas x año,[federated.0qiz8oi1sb3cd813zi06q01yhyh5].[attr:APERTURA_NIVEL_1:nk],categorical,"{""class"": ""categorical"", ""column"": ""[federated.0qiz8oi1sb3cd813zi06q01yhyh5].[attr:APERTURA_NIVEL_1:nk]""}","[{""function"": ""level-members"", ""level"": ""[attr:APERTURA_NIVEL_1:nk]"", ""{http://www.tableausoftware.com/xml/user}ui-enumeration"": ""all"", ""{http://www.tableausoftware.com/xml/user}ui-marker"": ""enumerate""}]"
5_4aJusticiajuvenilAdolescentesyjvenes,DHBEvolucinTemporal,5.4a Justicia juvenil Adolescentes y j├│venes.twb,Evolución Temporal - Lineas x año,[federated.0qiz8oi1sb3cd813zi06q01yhyh5].[attr:INDICADOR_NOMBRE (Indicadores):nk],categorical,"{""class"": ""categorical"", ""column"": ""[federated.0qiz8oi1sb3cd813zi06q01yhyh5].[attr:INDICADOR_NOMBRE (Indicadores):nk]""}","[{""function"": ""level-members"", ""level"": ""[attr:INDICADOR_NOMBRE (Indicadores):nk]"", ""{http://www.tableausoftware.com/xml/user}ui-enumeration"": ""all"", ""{http://www.tableausoftware.com/xml/user}ui-marker"": ""enumerate""}]"
5_4aJusticiajuvenilAdolescentesyjvenes,DHBEvolucinTemporal,5.4a Justicia juvenil Adolescentes y j├│venes.twb,Evolución Temporal - Lineas x año,[federated.0qiz8oi1sb3cd813zi06q01yhyh5].[none:APERTURA_NIVEL_1:nk],categorical,"{""class"": ""categorical"", ""column"": ""[federated.0qiz8oi1sb3cd813zi06q01yhyh5].[none:APERTURA_NIVEL_1:nk]"", ""filter-group"": ""21""}","[{""function"": ""level-members"", ""level"": ""[none:APERTURA_NIVEL_1:nk]"", ""{http://www.tableausoftware.com/xml/user}ui-enumeration"": ""all"", ""{http://www.tableausoftware.com/xml/user}ui-marker"": ""enumerate""}]"
5_4aJusticiajuvenilAdolescentesyjvenes,DHBEvolucinTemporal,5.4a Justicia juvenil Adolescentes y j├│venes.twb,Evolución Temporal - Lineas x año,[federated.0qiz8oi1sb3cd813zi06q01yhyh5].[none:BTN Mostrar Gráficos Cruces Relevantes (copy)_54254335887208452:nk],categorical,"{""class"": ""categorical"", ""column"": ""[federated.0qiz8oi1sb3cd813zi06q01yhyh5].[none:BTN Mostrar Gráficos Cruces Relevantes (copy)_54254335887208452:nk]""}","[{""function"": ""member"", ""level"": ""[none:BTN Mostrar Gráficos Cruces Relevantes (copy)_54254335887208452:nk]"", ""member"": ""true"", ""{http://www.tableausoftware.com/xml/user}ui-domain"": ""relevant"", ""{http://www.tableausoftware.com/xml/user}ui-enumeration"": ""inclusive"", ""{http://www.tableausoftware.com/xml/user}ui-marker"": ""enumerate""}]"
5_4aJusticiajuvenilAdolescentesyjvenes,DHBEvolucinTemporal,5.4a Justicia juvenil Adolescentes y j├│venes.twb,Evolución Temporal - Lineas x año,[federated.0qiz8oi1sb3cd813zi06q01yhyh5].[none:Calculation_334673811823804420:nk],categorical,"{""class"": ""categorical"", ""column"": ""[federated.0qiz8oi1sb3cd813zi06q01yhyh5].[none:Calculation_334673811823804420:nk]"", ""filter-group"": ""27""}","[{""function"": ""member"", ""level"": ""[none:Calculation_334673811823804420:nk]"", ""member"": ""true"", ""{http://www.tableausoftware.com/xml/user}ui-domain"": ""relevant"", ""{http://www.tableausoftware.com/xml/user}ui-enumeration"": ""inclusive"", ""{http://www.tableausoftware.com/xml/user}ui-marker"": ""enumerate""}]"
5_4aJusticiajuvenilAdolescentesyjvenes,DHBEvolucinTemporal,5.4a Justicia juvenil Adolescentes y j├│venes.twb,Evolución Temporal - Lineas x año,[federated.0qiz8oi1sb3cd813zi06q01yhyh5].[none:Calculation_334673811825987589:nk],categorical,"{""class"": ""categorical"", ""column"": ""[federated.0qiz8oi1sb3cd813zi06q01yhyh5].[none:Calculation_334673811825987589:nk]""}","[{""function"": ""member"", ""level"": ""[none:Calculation_334673811825987589:nk]"", ""member"": ""true"", ""{http://www.tableausoftware.com/xml/user}ui-domain"": ""relevant"", ""{http://www.tableausoftware.com/xml/user}ui-enumeration"": ""inclusive"", ""{http://www.tableausoftware.com/xml/user}ui-marker"": ""enumerate""}]"
5_4aJusticiajuvenilAdolescentesyjvenes,DHBEvolucinTemporal,5.4a Justicia juvenil Adolescentes y j├│venes.twb,Evolución Temporal - Lineas x año,[federated.0qiz8oi1sb3cd813zi06q01yhyh5].[none:INDICADOR_NOMBRE (Indicadores):nk],categorical,"{""class"": ""categorical"", ""column"": ""[federated.0qiz8oi1sb3cd813zi06q01yhyh5].[none:INDICADOR_NOMBRE (Indicadores):nk]"", ""filter-group"": ""22""}","[{""function"": ""level-members"", ""level"": ""[none:INDICADOR_NOMBRE (Indicadores):nk]"", ""{http://www.tableausoftware.com/xml/user}ui-enumeration"": ""all"", ""{http://www.tableausoftware.com/xml/user}ui-marker"": ""enumerate""}]"
5_4aJusticiajuvenilAdolescentesyjvenes,DHBEvolucinTemporal,5.4a Justicia juvenil Adolescentes y j├│venes.twb,Evolución Temporal - Lineas x período,[federated.0qiz8oi1sb3cd813zi06q01yhyh5].[DATOS_SERIES_TEMPORALES_1],categorical,"{""class"": ""categorical"", ""column"": ""[federated.0qiz8oi1sb3cd813zi06q01yhyh5].[DATOS_SERIES_TEMPORALES_1]"", ""filter-group"": ""20""}","[{""function"": ""level-members"", ""level"": ""[TIPO_DE_DATO]"", ""{http://www.tableausoftware.com/xml/user}ui-enumeration"": ""all"", ""{http://www.tableausoftware.com/xml/user}ui-marker"": ""enumerate""}]"
5_4aJusticiajuvenilAdolescentesyjvenes,DHBEvolucinTemporal,5.4a Justicia juvenil Adolescentes y j├│venes.twb,Evolución Temporal - Lineas x período,[federated.0qiz8oi1sb3cd813zi06q01yhyh5].[none:APERTURA_NIVEL_1:nk],categorical,"{""class"": ""categorical"", ""column"": ""[federated.0qiz8oi1sb3cd813zi06q01yhyh5].[none:APERTURA_NIVEL_1:nk]"", ""filter-group"": ""21""}","[{""function"": ""level-members"", ""level"": ""[none:APERTURA_NIVEL_1:nk]"", ""{http://www.tableausoftware.com/xml/user}ui-enumeration"": ""all"", ""{http://www.tableausoftware.com/xml/user}ui-marker"": ""enumerate""}]"
5_4aJusticiajuvenilAdolescentesyjvenes,DHBEvolucinTemporal,5.4a Justicia juvenil Adolescentes y j├│venes.twb,Evolución Temporal - Lineas x período,[federated.0qiz8oi1sb3cd813zi06q01yhyh5].[none:BTN Mostrar Gráficos Cruces Relevantes (copy)_54254335887208452:nk],categorical,"{""class"": ""categorical"", ""column"": ""[federated.0qiz8oi1sb3cd813zi06q01yhyh5].[none:BTN Mostrar Gráficos Cruces Relevantes (copy)_54254335887208452:nk]"", ""filter-group"": ""16""}","[{""function"": ""member"", ""level"": ""[none:BTN Mostrar Gráficos Cruces Relevantes (copy)_54254335887208452:nk]"", ""member"": ""true"", ""{http://www.tableausoftware.com/xml/user}ui-domain"": ""relevant"", ""{http://www.tableausoftware.com/xml/user}ui-enumeration"": ""inclusive"", ""{http://www.tableausoftware.com/xml/user}ui-marker"": ""enumerate""}]"
5_4aJusticiajuvenilAdolescentesyjvenes,DHBEvolucinTemporal,5.4a Justicia juvenil Adolescentes y j├│venes.twb,Evolución Temporal - Lineas x período,[federated.0qiz8oi1sb3cd813zi06q01yhyh5].[none:Calculation_334673811823804420:nk],categorical,"{""class"": ""categorical"", ""column"": ""[federated.0qiz8oi1sb3cd813zi06q01yhyh5].[none:Calculation_334673811823804420:nk]"", ""filter-group"": ""27""}","[{""function"": ""member"", ""level"": ""[none:Calculation_334673811823804420:nk]"", ""member"": ""true"", ""{http://www.tableausoftware.com/xml/user}ui-domain"": ""relevant"", ""{http://www.tableausoftware.com/xml/user}ui-enumeration"": ""inclusive"", ""{http://www.tableausoftware.com/xml/user}ui-marker"": ""enumerate""}]"
5_4aJusticiajuvenilAdolescentesyjvenes,DHBEvolucinTemporal,5.4a Justicia juvenil Adolescentes y j├│venes.twb,Evolución Temporal - Lineas x período,[federated.0qiz8oi1sb3cd813zi06q01yhyh5].[none:Calculation_334673811825987589:nk],categorical,"{""class"": ""categorical"", ""column"": ""[federated.0qiz8oi1sb3cd813zi06q01yhyh5].[none:Calculation_334673811825987589:nk]""}","[{""function"": ""member"", ""level"": ""[none:Calculation_334673811825987589:nk]"", ""member"": ""true"", ""{http://www.tableausoftware.com/xml/user}ui-domain"": ""relevant"", ""{http://www.tableausoftware.com/xml/user}ui-enumeration"": ""inclusive"", ""{http://www.tableausoftware.com/xml/user}ui-marker"": ""enumerate""}]"
5_4aJusticiajuvenilAdolescentesyjvenes,DHBEvolucinTemporal,5.4a Justicia juvenil Adolescentes y j├│venes.twb,Evolución Temporal - Lineas x período,[federated.0qiz8oi1sb3cd813zi06q01yhyh5].[none:INDICADOR_NOMBRE (Indicadores):nk],categorical,"{""class"": ""categorical"", ""column"": ""[federated.0qiz8oi1sb3cd813zi06q01yhyh5].[none:INDICADOR_NOMBRE (Indicadores):nk]"", ""filter-group"": ""22""}","[{""function"": ""level-members"", ""level"": ""[none:INDICADOR_NOMBRE (Indicadores):nk]"", ""{http://www.tableausoftware.com/xml/user}ui-enumeration"": ""all"", ""{http://www.tableausoftware.com/xml/user}ui-marker"": ""enumerate""}]"
5_4aJusticiajuvenilAdolescentesyjvenes,DHBEvolucinTemporal,5.4a Justicia juvenil Adolescentes y j├│venes.twb,Evolución Temporal . BTN,"[federated.0qiz8oi1sb3cd813zi06q01yhyh5].[Action (BTN Limpiar filtros,SELECCIONE)]",categorical,"{""class"": ""categorical"", ""column"": ""[federated.0qiz8oi1sb3cd813zi06q01yhyh5].[Action (BTN Limpiar filtros,SELECCIONE)]""}","[{""function"": ""crossjoin"", ""{http://www.tableausoftware.com/xml/user}ui-action-filter"": ""[Action88_A2306F1AF23E4F9CAD37CD015AD97FBE]"", ""{http://www.tableausoftware.com/xml/user}ui-domain"": ""database"", ""{http://www.tableausoftware.com/xml/user}ui-enumeration"": ""inclusive"", ""{http://www.tableausoftware.com/xml/user}ui-marker"": ""enumerate""}, {""function"": ""member"", ""level"": ""[BTN Distribuciones (copy)_4723009404404842516]"", ""member"": ""\""Limpiar filtros\""""}, {""function"": ""member"", ""level"": ""[Calculation_4723009402545549324]"", ""member"": ""\""Seleccione\""""}]"
5_4aJusticiajuvenilAdolescentesyjvenes,DHBEvolucinTemporal,5.4a Justicia juvenil Adolescentes y j├│venes.twb,Evolución Temporal . BTN,[federated.0qiz8oi1sb3cd813zi06q01yhyh5].[DATOS_SERIES_TEMPORALES_1],categorical,"{""class"": ""categorical"", ""column"": ""[federated.0qiz8oi1sb3cd813zi06q01yhyh5].[DATOS_SERIES_TEMPORALES_1]"", ""filter-group"": ""20""}","[{""function"": ""level-members"", ""level"": ""[TIPO_DE_DATO]"", ""{http://www.tableausoftware.com/xml/user}ui-enumeration"": ""all"", ""{http://www.tableausoftware.com/xml/user}ui-marker"": ""enumerate""}]"
5_4aJusticiajuvenilAdolescentesyjvenes,DHBEvolucinTemporal,5.4a Justicia juvenil Adolescentes y j├│venes.twb,Evolución Temporal . BTN,[federated.0qiz8oi1sb3cd813zi06q01yhyh5].[none:Calculation_334673811823804420:nk],categorical,"{""class"": ""categorical"", ""column"": ""[federated.0qiz8oi1sb3cd813zi06q01yhyh5].[none:Calculation_334673811823804420:nk]"", ""filter-group"": ""27""}","[{""function"": ""member"", ""level"": ""[none:Calculation_334673811823804420:nk]"", ""member"": ""true"", ""{http://www.tableausoftware.com/xml/user}ui-domain"": ""relevant"", ""{http://www.tableausoftware.com/xml/user}ui-enumeration"": ""inclusive"", ""{http://www.tableausoftware.com/xml/user}ui-marker"": ""enumerate""}]"
5_4aJusticiajuvenilAdolescentesyjvenes,DHBEvolucinTemporal,5.4a Justicia juvenil Adolescentes y j├│venes.twb,Evolución Temporal . BTN,[federated.0qiz8oi1sb3cd813zi06q01yhyh5].[none:TABLERO_NOMBRE (Tableros):nk],categorical,"{""class"": ""categorical"", ""column"": ""[federated.0qiz8oi1sb3cd813zi06q01yhyh5].[none:TABLERO_NOMBRE (Tableros):nk]"", ""filter-group"": ""18""}","[{""expression"": ""[TABLERO_NOMBRE (Tableros)] = [Parameters].[Parámetro 2]"", ""function"": ""filter"", ""{http://www.tableausoftware.com/xml/user}ui-marker"": ""filter-by""}, {""function"": ""level-members"", ""level"": ""[none:TABLERO_NOMBRE (Tableros):nk]"", ""{http://www.tableausoftware.com/xml/user}ui-enumeration"": ""all"", ""{http://www.tableausoftware.com/xml/user}ui-marker"": ""enumerate""}]"
5_4aJusticiajuvenilAdolescentesyjvenes,DHBEvolucinTemporal,5.4a Justicia juvenil Adolescentes y j├│venes.twb,Evolución temporal - Título,[federated.0qiz8oi1sb3cd813zi06q01yhyh5].[DATOS_SERIES_TEMPORALES_1],categorical,"{""class"": ""categorical"", ""column"": ""[federated.0qiz8oi1sb3cd813zi06q01yhyh5].[DATOS_SERIES_TEMPORALES_1]"", ""filter-group"": ""20""}","[{""function"": ""level-members"", ""level"": ""[TIPO_DE_DATO]"", ""{http://www.tableausoftware.com/xml/user}ui-enumeration"": ""all"", ""{http://www.tableausoftware.com/xml/user}ui-marker"": ""enumerate""}]"
5_4aJusticiajuvenilAdolescentesyjvenes,DHBEvolucinTemporal,5.4a Justicia juvenil Adolescentes y j├│venes.twb,Evolución temporal - Título,[federated.0qiz8oi1sb3cd813zi06q01yhyh5].[none:BTN Mostrar Gráficos Cruces Relevantes (copy)_54254335887208452:nk],categorical,"{""class"": ""categorical"", ""column"": ""[federated.0qiz8oi1sb3cd813zi06q01yhyh5].[none:BTN Mostrar Gráficos Cruces Relevantes (copy)_54254335887208452:nk]"", ""filter-group"": ""16""}","[{""function"": ""member"", ""level"": ""[none:BTN Mostrar Gráficos Cruces Relevantes (copy)_54254335887208452:nk]"", ""member"": ""true"", ""{http://www.tableausoftware.com/xml/user}ui-domain"": ""relevant"", ""{http://www.tableausoftware.com/xml/user}ui-enumeration"": ""inclusive"", ""{http://www.tableausoftware.com/xml/user}ui-marker"": ""enumerate""}]"
5_4aJusticiajuvenilAdolescentesyjvenes,DHBEvolucinTemporal,5.4a Justicia juvenil Adolescentes y j├│venes.twb,Evolución temporal - Título,[federated.0qiz8oi1sb3cd813zi06q01yhyh5].[none:Calculation_334673811823804420:nk],categorical,"{""class"": ""categorical"", ""column"": ""[federated.0qiz8oi1sb3cd813zi06q01yhyh5].[none:Calculation_334673811823804420:nk]"", ""filter-group"": ""27""}","[{""function"": ""member"", ""level"": ""[none:Calculation_334673811823804420:nk]"", ""member"": ""true"", ""{http://www.tableausoftware.com/xml/user}ui-domain"": ""relevant"", ""{http://www.tableausoftware.com/xml/user}ui-enumeration"": ""inclusive"", ""{http://www.tableausoftware.com/xml/user}ui-marker"": ""enumerate""}]"
5_4aJusticiajuvenilAdolescentesyjvenes,DHBEvolucinTemporal,5.4a Justicia juvenil Adolescentes y j├│venes.twb,Evolución temporal - Título,[federated.0qiz8oi1sb3cd813zi06q01yhyh5].[none:INDICADOR_NOMBRE (Indicadores):nk],categorical,"{""class"": ""categorical"", ""column"": ""[federated.0qiz8oi1sb3cd813zi06q01yhyh5].[none:INDICADOR_NOMBRE (Indicadores):nk]"", ""filter-group"": ""22""}","[{""function"": ""level-members"", ""level"": ""[none:INDICADOR_NOMBRE (Indicadores):nk]"", ""{http://www.tableausoftware.com/xml/user}ui-enumeration"": ""all"", ""{http://www.tableausoftware.com/xml/user}ui-marker"": ""enumerate""}]"
5_4aJusticiajuvenilAdolescentesyjvenes,DHBEvolucinTemporal,5.4a Justicia juvenil Adolescentes y j├│venes.twb,Home - BTN,"[federated.0qiz8oi1sb3cd813zi06q01yhyh5].[Action (BTN Limpiar filtros,SELECCIONE)]",categorical,"{""class"": ""categorical"", ""column"": ""[federated.0qiz8oi1sb3cd813zi06q01yhyh5].[Action (BTN Limpiar filtros,SELECCIONE)]""}","[{""function"": ""crossjoin"", ""{http://www.tableausoftware.com/xml/user}ui-action-filter"": ""[Action88_A2306F1AF23E4F9CAD37CD015AD97FBE]"", ""{http://www.tableausoftware.com/xml/user}ui-domain"": ""database"", ""{http://www.tableausoftware.com/xml/user}ui-enumeration"": ""inclusive"", ""{http://www.tableausoftware.com/xml/user}ui-marker"": ""enumerate""}, {""function"": ""member"", ""level"": ""[BTN Distribuciones (copy)_4723009404404842516]"", ""member"": ""\""Limpiar filtros\""""}, {""function"": ""member"", ""level"": ""[Calculation_4723009402545549324]"", ""member"": ""\""Seleccione\""""}]"
5_4aJusticiajuvenilAdolescentesyjvenes,DHBEvolucinTemporal,5.4a Justicia juvenil Adolescentes y j├│venes.twb,Indicador - Datos,[federated.0qiz8oi1sb3cd813zi06q01yhyh5].[none:TABLERO_NOMBRE (Tableros):nk],categorical,"{""class"": ""categorical"", ""column"": ""[federated.0qiz8oi1sb3cd813zi06q01yhyh5].[none:TABLERO_NOMBRE (Tableros):nk]"", ""filter-group"": ""18""}","[{""expression"": ""[TABLERO_NOMBRE (Tableros)] = [Parameters].[Parámetro 2]"", ""function"": ""filter"", ""{http://www.tableausoftware.com/xml/user}ui-marker"": ""filter-by""}, {""function"": ""level-members"", ""level"": ""[none:TABLERO_NOMBRE (Tableros):nk]"", ""{http://www.tableausoftware.com/xml/user}ui-enumeration"": ""all"", ""{http://www.tableausoftware.com/xml/user}ui-marker"": ""enumerate""}]"
5_4aJusticiajuvenilAdolescentesyjvenes,DHBEvolucinTemporal,5.4a Justicia juvenil Adolescentes y j├│venes.twb,Indicador - Datos,[federated.0qiz8oi1sb3cd813zi06q01yhyh5].[none:Visualizar Gráfico Tabla (copia)_2772247096855269376:nk],categorical,"{""class"": ""categorical"", ""column"": ""[federated.0qiz8oi1sb3cd813zi06q01yhyh5].[none:Visualizar Gráfico Tabla (copia)_2772247096855269376:nk]""}","[{""function"": ""member"", ""level"": ""[none:Visualizar Gráfico Tabla (copia)_2772247096855269376:nk]"", ""member"": ""true"", ""{http://www.tableausoftware.com/xml/user}ui-domain"": ""relevant"", ""{http://www.tableausoftware.com/xml/user}ui-enumeration"": ""inclusive"", ""{http://www.tableausoftware.com/xml/user}ui-marker"": ""enumerate""}]"
5_4aJusticiajuvenilAdolescentesyjvenes,DHBEvolucinTemporal,5.4a Justicia juvenil Adolescentes y j├│venes.twb,Limpiar Filtros - BTN,"[federated.0qiz8oi1sb3cd813zi06q01yhyh5].[Action (BTN Limpiar filtros,SELECCIONE)]",categorical,"{""class"": ""categorical"", ""column"": ""[federated.0qiz8oi1sb3cd813zi06q01yhyh5].[Action (BTN Limpiar filtros,SELECCIONE)]""}","[{""function"": ""crossjoin"", ""{http://www.tableausoftware.com/xml/user}ui-action-filter"": ""[Action88_A2306F1AF23E4F9CAD37CD015AD97FBE]"", ""{http://www.tableausoftware.com/xml/user}ui-domain"": ""database"", ""{http://www.tableausoftware.com/xml/user}ui-enumeration"": ""inclusive"", ""{http://www.tableausoftware.com/xml/user}ui-marker"": ""enumerate""}, {""function"": ""member"", ""level"": ""[BTN Distribuciones (copy)_4723009404404842516]"", ""member"": ""\""Limpiar filtros\""""}, {""function"": ""member"", ""level"": ""[Calculation_4723009402545549324]"", ""member"": ""\""Seleccione\""""}]"
5_4aJusticiajuvenilAdolescentesyjvenes,DHBEvolucinTemporal,5.4a Justicia juvenil Adolescentes y j├│venes.twb,Mapa Indicadores - BTN Abrir,"[federated.0qiz8oi1sb3cd813zi06q01yhyh5].[Action (BTN Limpiar filtros,SELECCIONE)]",categorical,"{""class"": ""categorical"", ""column"": ""[federated.0qiz8oi1sb3cd813zi06q01yhyh5].[Action (BTN Limpiar filtros,SELECCIONE)]""}","[{""function"": ""crossjoin"", ""{http://www.tableausoftware.com/xml/user}ui-action-filter"": ""[Action88_A2306F1AF23E4F9CAD37CD015AD97FBE]"", ""{http://www.tableausoftware.com/xml/user}ui-domain"": ""database"", ""{http://www.tableausoftware.com/xml/user}ui-enumeration"": ""inclusive"", ""{http://www.tableausoftware.com/xml/user}ui-marker"": ""enumerate""}, {""function"": ""member"", ""level"": ""[BTN Distribuciones (copy)_4723009404404842516]"", ""member"": ""\""Limpiar filtros\""""}, {""function"": ""member"", ""level"": ""[Calculation_4723009402545549324]"", ""member"": ""\""Seleccione\""""}]"
5_4aJusticiajuvenilAdolescentesyjvenes,DHBEvolucinTemporal,5.4a Justicia juvenil Adolescentes y j├│venes.twb,Mapa Indicadores - BTN Abrir,[federated.0qiz8oi1sb3cd813zi06q01yhyh5].[none:Visualizar Gráfico Tabla (copia)_2772247096855269376:nk],categorical,"{""class"": ""categorical"", ""column"": ""[federated.0qiz8oi1sb3cd813zi06q01yhyh5].[none:Visualizar Gráfico Tabla (copia)_2772247096855269376:nk]""}","[{""function"": ""member"", ""level"": ""[none:Visualizar Gráfico Tabla (copia)_2772247096855269376:nk]"", ""member"": ""false"", ""{http://www.tableausoftware.com/xml/user}ui-domain"": ""relevant"", ""{http://www.tableausoftware.com/xml/user}ui-enumeration"": ""inclusive"", ""{http://www.tableausoftware.com/xml/user}ui-marker"": ""enumerate""}]"
5_4aJusticiajuvenilAdolescentesyjvenes,DHBEvolucinTemporal,5.4a Justicia juvenil Adolescentes y j├│venes.twb,Mapa Indicadores - BTN Cerrar,"[federated.0qiz8oi1sb3cd813zi06q01yhyh5].[Action (BTN Limpiar filtros,SELECCIONE)]",categorical,"{""class"": ""categorical"", ""column"": ""[federated.0qiz8oi1sb3cd813zi06q01yhyh5].[Action (BTN Limpiar filtros,SELECCIONE)]""}","[{""function"": ""crossjoin"", ""{http://www.tableausoftware.com/xml/user}ui-action-filter"": ""[Action88_A2306F1AF23E4F9CAD37CD015AD97FBE]"", ""{http://www.tableausoftware.com/xml/user}ui-domain"": ""database"", ""{http://www.tableausoftware.com/xml/user}ui-enumeration"": ""inclusive"", ""{http://www.tableausoftware.com/xml/user}ui-marker"": ""enumerate""}, {""function"": ""member"", ""level"": ""[BTN Distribuciones (copy)_4723009404404842516]"", ""member"": ""\""Limpiar filtros\""""}, {""function"": ""member"", ""level"": ""[Calculation_4723009402545549324]"", ""member"": ""\""Seleccione\""""}]"
5_4aJusticiajuvenilAdolescentesyjvenes,DHBEvolucinTemporal,5.4a Justicia juvenil Adolescentes y j├│venes.twb,Mapa Indicadores - BTN Cerrar,[federated.0qiz8oi1sb3cd813zi06q01yhyh5].[none:Visualizar Gráfico Tabla (copia)_2772247096855269376:nk],categorical,"{""class"": ""categorical"", ""column"": ""[federated.0qiz8oi1sb3cd813zi06q01yhyh5].[none:Visualizar Gráfico Tabla (copia)_2772247096855269376:nk]""}","[{""function"": ""member"", ""level"": ""[none:Visualizar Gráfico Tabla (copia)_2772247096855269376:nk]"", ""member"": ""true"", ""{http://www.tableausoftware.com/xml/user}ui-domain"": ""relevant"", ""{http://www.tableausoftware.com/xml/user}ui-enumeration"": ""inclusive"", ""{http://www.tableausoftware.com/xml/user}ui-marker"": ""enumerate""}]"
5_4aJusticiajuvenilAdolescentesyjvenes,DHBEvolucinTemporal,5.4a Justicia juvenil Adolescentes y j├│venes.twb,Mapa Indicadores - Tabla,"[federated.0qiz8oi1sb3cd813zi06q01yhyh5].[Action (BTN Limpiar filtros,SELECCIONE)]",categorical,"{""class"": ""categorical"", ""column"": ""[federated.0qiz8oi1sb3cd813zi06q01yhyh5].[Action (BTN Limpiar filtros,SELECCIONE)]""}","[{""function"": ""crossjoin"", ""{http://www.tableausoftware.com/xml/user}ui-action-filter"": ""[Action88_A2306F1AF23E4F9CAD37CD015AD97FBE]"", ""{http://www.tableausoftware.com/xml/user}ui-domain"": ""database"", ""{http://www.tableausoftware.com/xml/user}ui-enumeration"": ""inclusive"", ""{http://www.tableausoftware.com/xml/user}ui-marker"": ""enumerate""}, {""function"": ""member"", ""level"": ""[BTN Distribuciones (copy)_4723009404404842516]"", ""member"": ""\""Limpiar filtros\""""}, {""function"": ""member"", ""level"": ""[Calculation_4723009402545549324]"", ""member"": ""\""Seleccione\""""}]"
5_4aJusticiajuvenilAdolescentesyjvenes,DHBEvolucinTemporal,5.4a Justicia juvenil Adolescentes y j├│venes.twb,Mapa Indicadores - Tabla,[federated.0qiz8oi1sb3cd813zi06q01yhyh5].[none:TABLERO_NOMBRE (Tableros):nk],categorical,"{""class"": ""categorical"", ""column"": ""[federated.0qiz8oi1sb3cd813zi06q01yhyh5].[none:TABLERO_NOMBRE (Tableros):nk]"", ""filter-group"": ""18""}","[{""expression"": ""[TABLERO_NOMBRE (Tableros)] = [Parameters].[Parámetro 2]"", ""function"": ""filter"", ""{http://www.tableausoftware.com/xml/user}ui-marker"": ""filter-by""}, {""function"": ""level-members"", ""level"": ""[none:TABLERO_NOMBRE (Tableros):nk]"", ""{http://www.tableausoftware.com/xml/user}ui-enumeration"": ""all"", ""{http://www.tableausoftware.com/xml/user}ui-marker"": ""enumerate""}]"
5_4aJusticiajuvenilAdolescentesyjvenes,DHBEvolucinTemporal,5.4a Justicia juvenil Adolescentes y j├│venes.twb,Mapa Indicadores - Tabla,[federated.0qiz8oi1sb3cd813zi06q01yhyh5].[none:Visualizar Gráfico Tabla (copia)_2772247096855269376:nk],categorical,"{""class"": ""categorical"", ""column"": ""[federated.0qiz8oi1sb3cd813zi06q01yhyh5].[none:Visualizar Gráfico Tabla (copia)_2772247096855269376:nk]""}","[{""function"": ""member"", ""level"": ""[none:Visualizar Gráfico Tabla (copia)_2772247096855269376:nk]"", ""member"": ""true"", ""{http://www.tableausoftware.com/xml/user}ui-domain"": ""relevant"", ""{http://www.tableausoftware.com/xml/user}ui-enumeration"": ""inclusive"", ""{http://www.tableausoftware.com/xml/user}ui-marker"": ""enumerate""}]"
5_4aJusticiajuvenilAdolescentesyjvenes,DHBEvolucinTemporal,5.4a Justicia juvenil Adolescentes y j├│venes.twb,Mapa Indicadores - Titulo,"[federated.0qiz8oi1sb3cd813zi06q01yhyh5].[Action (BTN Limpiar filtros,SELECCIONE)]",categorical,"{""class"": ""categorical"", ""column"": ""[federated.0qiz8oi1sb3cd813zi06q01yhyh5].[Action (BTN Limpiar filtros,SELECCIONE)]""}","[{""function"": ""crossjoin"", ""{http://www.tableausoftware.com/xml/user}ui-action-filter"": ""[Action88_A2306F1AF23E4F9CAD37CD015AD97FBE]"", ""{http://www.tableausoftware.com/xml/user}ui-domain"": ""database"", ""{http://www.tableausoftware.com/xml/user}ui-enumeration"": ""inclusive"", ""{http://www.tableausoftware.com/xml/user}ui-marker"": ""enumerate""}, {""function"": ""member"", ""level"": ""[BTN Distribuciones (copy)_4723009404404842516]"", ""member"": ""\""Limpiar filtros\""""}, {""function"": ""member"", ""level"": ""[Calculation_4723009402545549324]"", ""member"": ""\""Seleccione\""""}]"
5_4aJusticiajuvenilAdolescentesyjvenes,DHBEvolucinTemporal,5.4a Justicia juvenil Adolescentes y j├│venes.twb,Tablero - BTN Documentación,"[federated.0qiz8oi1sb3cd813zi06q01yhyh5].[Action (BTN Limpiar filtros,SELECCIONE)]",categorical,"{""class"": ""categorical"", ""column"": ""[federated.0qiz8oi1sb3cd813zi06q01yhyh5].[Action (BTN Limpiar filtros,SELECCIONE)]""}","[{""function"": ""crossjoin"", ""{http://www.tableausoftware.com/xml/user}ui-action-filter"": ""[Action88_A2306F1AF23E4F9CAD37CD015AD97FBE]"", ""{http://www.tableausoftware.com/xml/user}ui-domain"": ""database"", ""{http://www.tableausoftware.com/xml/user}ui-enumeration"": ""inclusive"", ""{http://www.tableausoftware.com/xml/user}ui-marker"": ""enumerate""}, {""function"": ""member"", ""level"": ""[BTN Distribuciones (copy)_4723009404404842516]"", ""member"": ""\""Limpiar filtros\""""}, {""function"": ""member"", ""level"": ""[Calculation_4723009402545549324]"", ""member"": ""\""Seleccione\""""}]"
5_4aJusticiajuvenilAdolescentesyjvenes,DHBEvolucinTemporal,5.4a Justicia juvenil Adolescentes y j├│venes.twb,Tablero - BTN Documentación,[federated.0qiz8oi1sb3cd813zi06q01yhyh5].[none:TABLERO_NOMBRE (Tableros):nk],categorical,"{""class"": ""categorical"", ""column"": ""[federated.0qiz8oi1sb3cd813zi06q01yhyh5].[none:TABLERO_NOMBRE (Tableros):nk]"", ""filter-group"": ""18""}","[{""expression"": ""[TABLERO_NOMBRE (Tableros)] = [Parameters].[Parámetro 2]"", ""function"": ""filter"", ""{http://www.tableausoftware.com/xml/user}ui-marker"": ""filter-by""}, {""function"": ""level-members"", ""level"": ""[none:TABLERO_NOMBRE (Tableros):nk]"", ""{http://www.tableausoftware.com/xml/user}ui-enumeration"": ""all"", ""{http://www.tableausoftware.com/xml/user}ui-marker"": ""enumerate""}]"
5_4aJusticiajuvenilAdolescentesyjvenes,DHBEvolucinTemporal,5.4a Justicia juvenil Adolescentes y j├│venes.twb,Tablero - BTN Ficha indicadores,"[federated.0qiz8oi1sb3cd813zi06q01yhyh5].[Action (BTN Limpiar filtros,SELECCIONE)]",categorical,"{""class"": ""categorical"", ""column"": ""[federated.0qiz8oi1sb3cd813zi06q01yhyh5].[Action (BTN Limpiar filtros,SELECCIONE)]""}","[{""function"": ""crossjoin"", ""{http://www.tableausoftware.com/xml/user}ui-action-filter"": ""[Action88_A2306F1AF23E4F9CAD37CD015AD97FBE]"", ""{http://www.tableausoftware.com/xml/user}ui-domain"": ""database"", ""{http://www.tableausoftware.com/xml/user}ui-enumeration"": ""inclusive"", ""{http://www.tableausoftware.com/xml/user}ui-marker"": ""enumerate""}, {""function"": ""member"", ""level"": ""[BTN Distribuciones (copy)_4723009404404842516]"", ""member"": ""\""Limpiar filtros\""""}, {""function"": ""member"", ""level"": ""[Calculation_4723009402545549324]"", ""member"": ""\""Seleccione\""""}]"
5_4aJusticiajuvenilAdolescentesyjvenes,DHBEvolucinTemporal,5.4a Justicia juvenil Adolescentes y j├│venes.twb,Tablero - BTN Ficha indicadores,[federated.0qiz8oi1sb3cd813zi06q01yhyh5].[none:TABLERO_NOMBRE (Tableros):nk],categorical,"{""class"": ""categorical"", ""column"": ""[federated.0qiz8oi1sb3cd813zi06q01yhyh5].[none:TABLERO_NOMBRE (Tableros):nk]"", ""filter-group"": ""18""}","[{""expression"": ""[TABLERO_NOMBRE (Tableros)] = [Parameters].[Parámetro 2]"", ""function"": ""filter"", ""{http://www.tableausoftware.com/xml/user}ui-marker"": ""filter-by""}, {""function"": ""level-members"", ""level"": ""[none:TABLERO_NOMBRE (Tableros):nk]"", ""{http://www.tableausoftware.com/xml/user}ui-enumeration"": ""all"", ""{http://www.tableausoftware.com/xml/user}ui-marker"": ""enumerate""}]"
5_4aJusticiajuvenilAdolescentesyjvenes,DHBEvolucinTemporal,5.4a Justicia juvenil Adolescentes y j├│venes.twb,Tablero - BTN Reportes,"[federated.0qiz8oi1sb3cd813zi06q01yhyh5].[Action (BTN Limpiar filtros,SELECCIONE)]",categorical,"{""class"": ""categorical"", ""column"": ""[federated.0qiz8oi1sb3cd813zi06q01yhyh5].[Action (BTN Limpiar filtros,SELECCIONE)]""}","[{""function"": ""crossjoin"", ""{http://www.tableausoftware.com/xml/user}ui-action-filter"": ""[Action88_A2306F1AF23E4F9CAD37CD015AD97FBE]"", ""{http://www.tableausoftware.com/xml/user}ui-domain"": ""database"", ""{http://www.tableausoftware.com/xml/user}ui-enumeration"": ""inclusive"", ""{http://www.tableausoftware.com/xml/user}ui-marker"": ""enumerate""}, {""function"": ""member"", ""level"": ""[BTN Distribuciones (copy)_4723009404404842516]"", ""member"": ""\""Limpiar filtros\""""}, {""function"": ""member"", ""level"": ""[Calculation_4723009402545549324]"", ""member"": ""\""Seleccione\""""}]"
5_4aJusticiajuvenilAdolescentesyjvenes,DHBEvolucinTemporal,5.4a Justicia juvenil Adolescentes y j├│venes.twb,Tablero - BTN Reportes,[federated.0qiz8oi1sb3cd813zi06q01yhyh5].[none:TABLERO_NOMBRE (Tableros):nk],categorical,"{""class"": ""categorical"", ""column"": ""[federated.0qiz8oi1sb3cd813zi06q01yhyh5].[none:TABLERO_NOMBRE (Tableros):nk]"", ""filter-group"": ""18""}","[{""expression"": ""[TABLERO_NOMBRE (Tableros)] = [Parameters].[Parámetro 2]"", ""function"": ""filter"", ""{http://www.tableausoftware.com/xml/user}ui-marker"": ""filter-by""}, {""function"": ""level-members"", ""level"": ""[none:TABLERO_NOMBRE (Tableros):nk]"", ""{http://www.tableausoftware.com/xml/user}ui-enumeration"": ""all"", ""{http://www.tableausoftware.com/xml/user}ui-marker"": ""enumerate""}]"
5_4aJusticiajuvenilAdolescentesyjvenes,DHBEvolucinTemporal,5.4a Justicia juvenil Adolescentes y j├│venes.twb,Tablero - Datos,"[federated.0qiz8oi1sb3cd813zi06q01yhyh5].[Action (BTN Limpiar filtros,SELECCIONE)]",categorical,"{""class"": ""categorical"", ""column"": ""[federated.0qiz8oi1sb3cd813zi06q01yhyh5].[Action (BTN Limpiar filtros,SELECCIONE)]""}","[{""function"": ""crossjoin"", ""{http://www.tableausoftware.com/xml/user}ui-action-filter"": ""[Action88_A2306F1AF23E4F9CAD37CD015AD97FBE]"", ""{http://www.tableausoftware.com/xml/user}ui-domain"": ""database"", ""{http://www.tableausoftware.com/xml/user}ui-enumeration"": ""inclusive"", ""{http://www.tableausoftware.com/xml/user}ui-marker"": ""enumerate""}, {""function"": ""member"", ""level"": ""[BTN Distribuciones (copy)_4723009404404842516]"", ""member"": ""\""Limpiar filtros\""""}, {""function"": ""member"", ""level"": ""[Calculation_4723009402545549324]"", ""member"": ""\""Seleccione\""""}]"
5_4aJusticiajuvenilAdolescentesyjvenes,DHBEvolucinTemporal,5.4a Justicia juvenil Adolescentes y j├│venes.twb,Tablero - Datos,[federated.0qiz8oi1sb3cd813zi06q01yhyh5].[none:TABLERO_NOMBRE (Tableros):nk],categorical,"{""class"": ""categorical"", ""column"": ""[federated.0qiz8oi1sb3cd813zi06q01yhyh5].[none:TABLERO_NOMBRE (Tableros):nk]"", ""filter-group"": ""18""}","[{""expression"": ""[TABLERO_NOMBRE (Tableros)] = [Parameters].[Parámetro 2]"", ""function"": ""filter"", ""{http://www.tableausoftware.com/xml/user}ui-marker"": ""filter-by""}, {""function"": ""level-members"", ""level"": ""[none:TABLERO_NOMBRE (Tableros):nk]"", ""{http://www.tableausoftware.com/xml/user}ui-enumeration"": ""all"", ""{http://www.tableausoftware.com/xml/user}ui-marker"": ""enumerate""}]"
5_4aJusticiajuvenilAdolescentesyjvenes,DHBEvolucinTemporal,5.4a Justicia juvenil Adolescentes y j├│venes.twb,Tablero - Datos,[federated.0qiz8oi1sb3cd813zi06q01yhyh5].[none:TEMA_NOMBRE (Temas):nk],categorical,"{""class"": ""categorical"", ""column"": ""[federated.0qiz8oi1sb3cd813zi06q01yhyh5].[none:TEMA_NOMBRE (Temas):nk]""}","[{""function"": ""level-members"", ""level"": ""[none:TEMA_NOMBRE (Temas):nk]"", ""{http://www.tableausoftware.com/xml/user}ui-enumeration"": ""all"", ""{http://www.tableausoftware.com/xml/user}ui-marker"": ""enumerate""}]"
5_4aJusticiajuvenilAdolescentesyjvenes,DHBEvolucinTemporal,5.4a Justicia juvenil Adolescentes y j├│venes.twb,Tablero - Gráficos,[federated.0qiz8oi1sb3cd813zi06q01yhyh5].[none:TABLERO_NOMBRE (Tableros):nk],categorical,"{""class"": ""categorical"", ""column"": ""[federated.0qiz8oi1sb3cd813zi06q01yhyh5].[none:TABLERO_NOMBRE (Tableros):nk]"", ""filter-group"": ""18""}","[{""expression"": ""[TABLERO_NOMBRE (Tableros)] = [Parameters].[Parámetro 2]"", ""function"": ""filter"", ""{http://www.tableausoftware.com/xml/user}ui-marker"": ""filter-by""}, {""function"": ""level-members"", ""level"": ""[none:TABLERO_NOMBRE (Tableros):nk]"", ""{http://www.tableausoftware.com/xml/user}ui-enumeration"": ""all"", ""{http://www.tableausoftware.com/xml/user}ui-marker"": ""enumerate""}]"
5_4aJusticiajuvenilAdolescentesyjvenes,DHBEvolucinTemporal,5.4a Justicia juvenil Adolescentes y j├│venes.twb,Tablero - Secciones,[federated.0qiz8oi1sb3cd813zi06q01yhyh5].[none:TABLERO_NOMBRE (Tableros):nk],categorical,"{""class"": ""categorical"", ""column"": ""[federated.0qiz8oi1sb3cd813zi06q01yhyh5].[none:TABLERO_NOMBRE (Tableros):nk]"", ""filter-group"": ""18""}","[{""expression"": ""[TABLERO_NOMBRE (Tableros)] = [Parameters].[Parámetro 2]"", ""function"": ""filter"", ""{http://www.tableausoftware.com/xml/user}ui-marker"": ""filter-by""}, {""function"": ""level-members"", ""level"": ""[none:TABLERO_NOMBRE (Tableros):nk]"", ""{http://www.tableausoftware.com/xml/user}ui-enumeration"": ""all"", ""{http://www.tableausoftware.com/xml/user}ui-marker"": ""enumerate""}]"
5_4aJusticiajuvenilAdolescentesyjvenes,DHBEvolucinTemporal,5.4a Justicia juvenil Adolescentes y j├│venes.twb,Temas - Tabla,[federated.0qiz8oi1sb3cd813zi06q01yhyh5].[none:TEMA_DE_SISTEMA:nk],categorical,"{""class"": ""categorical"", ""column"": ""[federated.0qiz8oi1sb3cd813zi06q01yhyh5].[none:TEMA_DE_SISTEMA:nk]""}","[{""function"": ""member"", ""level"": ""[none:TEMA_DE_SISTEMA:nk]"", ""member"": ""\""false\"""", ""{http://www.tableausoftware.com/xml/user}ui-domain"": ""relevant"", ""{http://www.tableausoftware.com/xml/user}ui-enumeration"": ""inclusive"", ""{http://www.tableausoftware.com/xml/user}ui-marker"": ""enumerate""}]"
5_4aJusticiajuvenilAdolescentesyjvenes,DHBEvolucinTemporal,5.4a Justicia juvenil Adolescentes y j├│venes.twb,Temas - Tabla (2),[federated.0qiz8oi1sb3cd813zi06q01yhyh5].[none:TEMA_DE_SISTEMA:nk],categorical,"{""class"": ""categorical"", ""column"": ""[federated.0qiz8oi1sb3cd813zi06q01yhyh5].[none:TEMA_DE_SISTEMA:nk]""}","[{""function"": ""member"", ""level"": ""[none:TEMA_DE_SISTEMA:nk]"", ""member"": ""\""false\"""", ""{http://www.tableausoftware.com/xml/user}ui-domain"": ""relevant"", ""{http://www.tableausoftware.com/xml/user}ui-enumeration"": ""inclusive"", ""{http://www.tableausoftware.com/xml/user}ui-marker"": ""enumerate""}]"
5_4aJusticiajuvenilAdolescentesyjvenes,DHBEvolucinTemporal,5.4a Justicia juvenil Adolescentes y j├│venes.twb,Temas - Tabla (3),[federated.0qiz8oi1sb3cd813zi06q01yhyh5].[none:TEMA_DE_SISTEMA:nk],categorical,"{""class"": ""categorical"", ""column"": ""[federated.0qiz8oi1sb3cd813zi06q01yhyh5].[none:TEMA_DE_SISTEMA:nk]""}","[{""function"": ""member"", ""level"": ""[none:TEMA_DE_SISTEMA:nk]"", ""member"": ""\""false\"""", ""{http://www.tableausoftware.com/xml/user}ui-domain"": ""relevant"", ""{http://www.tableausoftware.com/xml/user}ui-enumeration"": ""inclusive"", ""{http://www.tableausoftware.com/xml/user}ui-marker"": ""enumerate""}]"
